{"type":"FeatureCollection","features":[{"type":"Feature","properties":{"name":"COMISARIA CHOROMORO","regional":"URN","color":"#4CAF50"},"geometry":{"type":"Polygon","coordinates":[[[-65.315742,-26.437418],[-65.308121,-26.439932],[-65.308233,-26.440855],[-65.307145,-26.441183],[-65.307613,-26.446996],[-65.294003,-26.451477],[-65.293196,-26.444744],[-65.270942,-26.451897],[-65.261327,-26.457308],[-65.250718,-26.463366],[-65.239002,-26.469796],[-65.223578,-26.478359],[-65.213137,-26.4842],[-65.212216,-26.484456],[-65.211598,-26.486354],[-65.212222,-26.487713],[-65.213661,-26.488397],[-65.214464,-26.48916],[-65.214345,-26.491206],[-65.214663,-26.492556],[-65.214293,-26.494151],[-65.211482,-26.494817],[-65.210109,-26.496856],[-65.208186,-26.498368],[-65.206612,-26.499243],[-65.206088,-26.500267],[-65.206496,-26.501454],[-65.2077,-26.502429],[-65.207854,-26.503116],[-65.207185,-26.504056],[-65.208026,-26.506304],[-65.210445,-26.508613],[-65.211452,-26.509078],[-65.211918,-26.508579],[-65.21231,-26.50695],[-65.215179,-26.505385],[-65.215776,-26.505347],[-65.216972,-26.507035],[-65.218866,-26.508822],[-65.220247,-26.512587],[-65.220948,-26.514014],[-65.221887,-26.515286],[-65.223485,-26.516515],[-65.224349,-26.517856],[-65.220802,-26.51908],[-65.219758,-26.519169],[-65.217812,-26.518144],[-65.216819,-26.518579],[-65.216325,-26.519974],[-65.217401,-26.521653],[-65.214171,-26.525435],[-65.210603,-26.530048],[-65.191933,-26.537429],[-65.191974,-26.551083],[-65.191114,-26.553653],[-65.184916,-26.55367],[-65.167354,-26.553601],[-65.167553,-26.552185],[-65.168149,-26.55164],[-65.168174,-26.5493],[-65.16612,-26.548375],[-65.164545,-26.546761],[-65.16466,-26.544266],[-65.163577,-26.542995],[-65.16247,-26.542248],[-65.162829,-26.541514],[-65.161648,-26.538592],[-65.161564,-26.537457],[-65.161068,-26.536463],[-65.16063,-26.53465],[-65.158659,-26.532181],[-65.157668,-26.532486],[-65.156815,-26.531374],[-65.155222,-26.530646],[-65.155928,-26.52913],[-65.154994,-26.528157],[-65.155207,-26.52623],[-65.153901,-26.524667],[-65.152751,-26.524951],[-65.151816,-26.523743],[-65.150906,-26.523282],[-65.149471,-26.523465],[-65.148401,-26.523094],[-65.148173,-26.521112],[-65.146844,-26.520989],[-65.146465,-26.519851],[-65.1472,-26.518985],[-65.147677,-26.516515],[-65.148148,-26.515505],[-65.147847,-26.512786],[-65.143352,-26.511563],[-65.142386,-26.509808],[-65.140916,-26.507765],[-65.139227,-26.507848],[-65.137938,-26.509199],[-65.136267,-26.509423],[-65.134778,-26.51061],[-65.133725,-26.510284],[-65.132545,-26.511196],[-65.130761,-26.511926],[-65.130351,-26.511158],[-65.129307,-26.510985],[-65.128729,-26.510467],[-65.127059,-26.509895],[-65.124628,-26.511413],[-65.122477,-26.5094],[-65.120824,-26.510283],[-65.117571,-26.508859],[-65.116083,-26.50925],[-65.114431,-26.508763],[-65.113381,-26.506956],[-65.113883,-26.504372],[-65.115272,-26.504551],[-65.113676,-26.499856],[-65.112215,-26.498006],[-65.112494,-26.496787],[-65.111973,-26.495617],[-65.114569,-26.494438],[-65.115323,-26.49234],[-65.117119,-26.491785],[-65.118495,-26.490172],[-65.118258,-26.487462],[-65.118719,-26.485086],[-65.117377,-26.482778],[-65.117221,-26.481479],[-65.11601,-26.480872],[-65.115052,-26.480983],[-65.114919,-26.48007],[-65.115714,-26.478794],[-65.115549,-26.477857],[-65.116175,-26.47734],[-65.116099,-26.476414],[-65.116749,-26.475605],[-65.116637,-26.474796],[-65.115538,-26.472876],[-65.114267,-26.471988],[-65.111982,-26.472535],[-65.113055,-26.470492],[-65.111696,-26.469365],[-65.111839,-26.4686],[-65.112587,-26.468138],[-65.112898,-26.4673],[-65.112539,-26.465793],[-65.111756,-26.464316],[-65.110762,-26.463574],[-65.110133,-26.463562],[-65.109543,-26.462758],[-65.10979,-26.462074],[-65.109136,-26.460972],[-65.10964,-26.459908],[-65.110813,-26.459501],[-65.110863,-26.458421],[-65.109072,-26.457793],[-65.111605,-26.453613],[-65.110954,-26.453254],[-65.205958,-26.439791],[-65.208856,-26.442031],[-65.211281,-26.441432],[-65.217276,-26.437114],[-65.226407,-26.438925],[-65.235039,-26.433571],[-65.23712,-26.433429],[-65.239445,-26.429176],[-65.250329,-26.425533],[-65.250831,-26.422394],[-65.253419,-26.422782],[-65.259455,-26.42071],[-65.268127,-26.420387],[-65.273178,-26.417939],[-65.282076,-26.411694],[-65.299043,-26.405981],[-65.302325,-26.400719],[-65.304674,-26.400121],[-65.313238,-26.397504],[-65.31897,-26.396642],[-65.327418,-26.393503],[-65.339792,-26.390594],[-65.341204,-26.389506],[-65.345443,-26.386627],[-65.351625,-26.387741],[-65.358708,-26.386751],[-65.366975,-26.385467],[-65.371036,-26.386725],[-65.371109,-26.387677],[-65.370707,-26.393285],[-65.376317,-26.436737],[-65.392371,-26.437825],[-65.387489,-26.455864],[-65.379343,-26.47648],[-65.373445,-26.483375],[-65.370121,-26.485097],[-65.36824,-26.484138],[-65.3648,-26.48272],[-65.362572,-26.479769],[-65.356831,-26.474808],[-65.353572,-26.474374],[-65.34979,-26.473726],[-65.350053,-26.433811],[-65.33385,-26.43329],[-65.31659,-26.437042],[-65.315742,-26.437418]]]}},{"type":"Feature","properties":{"name":"COMISARIA CHUSCHA","regional":"URN","color":"#4CAF50"},"geometry":{"type":"Polygon","coordinates":[[[-65.51341,-26.391763],[-65.513944,-26.387936],[-65.515426,-26.388772],[-65.520697,-26.38638],[-65.521226,-26.385168],[-65.524094,-26.385196],[-65.5246,-26.382928],[-65.527621,-26.381428],[-65.538576,-26.379878],[-65.541779,-26.377833],[-65.544619,-26.378031],[-65.552326,-26.375806],[-65.553765,-26.374721],[-65.560838,-26.371687],[-65.557545,-26.374409],[-65.558769,-26.375765],[-65.556748,-26.378086],[-65.555515,-26.381445],[-65.556841,-26.38274],[-65.555364,-26.385094],[-65.557766,-26.386945],[-65.563359,-26.386277],[-65.567223,-26.393064],[-65.577295,-26.391438],[-65.590419,-26.399369],[-65.614293,-26.39885],[-65.652241,-26.365743],[-65.66325,-26.364915],[-65.69331,-26.365079],[-65.695746,-26.366096],[-65.698762,-26.365213],[-65.703407,-26.365049],[-65.706674,-26.363445],[-65.713909,-26.364355],[-65.7175,-26.37163],[-65.719469,-26.377148],[-65.72133,-26.380635],[-65.724481,-26.383296],[-65.72532,-26.386979],[-65.7246,-26.391062],[-65.720799,-26.397854],[-65.71898,-26.402128],[-65.714619,-26.408337],[-65.714006,-26.410061],[-65.715103,-26.413759],[-65.718707,-26.418024],[-65.720307,-26.422759],[-65.719711,-26.426748],[-65.716407,-26.433332],[-65.715375,-26.436816],[-65.710544,-26.445958],[-65.709783,-26.453132],[-65.711348,-26.460017],[-65.711265,-26.462862],[-65.707655,-26.468223],[-65.705311,-26.475575],[-65.700555,-26.480931],[-65.699586,-26.483196],[-65.699656,-26.486788],[-65.701124,-26.492659],[-65.702945,-26.495742],[-65.701816,-26.503317],[-65.706326,-26.508217],[-65.708912,-26.517059],[-65.702315,-26.52118],[-65.699398,-26.521493],[-65.697262,-26.523263],[-65.694545,-26.523103],[-65.688453,-26.526561],[-65.685733,-26.526718],[-65.685574,-26.525563],[-65.681851,-26.524829],[-65.680756,-26.525683],[-65.679493,-26.523777],[-65.677176,-26.522877],[-65.675853,-26.525214],[-65.671018,-26.525932],[-65.6688,-26.524072],[-65.664179,-26.52538],[-65.656956,-26.523167],[-65.655137,-26.524234],[-65.65098,-26.524493],[-65.644993,-26.528694],[-65.645354,-26.531975],[-65.642488,-26.535796],[-65.637393,-26.536272],[-65.636366,-26.538502],[-65.631784,-26.541557],[-65.631526,-26.54347],[-65.629558,-26.545697],[-65.62942,-26.547707],[-65.626615,-26.550652],[-65.627251,-26.553286],[-65.625454,-26.554881],[-65.621426,-26.555085],[-65.619109,-26.553952],[-65.615671,-26.548106],[-65.612906,-26.547401],[-65.610075,-26.547934],[-65.608505,-26.546744],[-65.602782,-26.545029],[-65.597597,-26.544734],[-65.593431,-26.546026],[-65.591679,-26.548576],[-65.589487,-26.548645],[-65.587637,-26.546149],[-65.582094,-26.545125],[-65.58213,-26.543936],[-65.579372,-26.541736],[-65.575944,-26.54152],[-65.571984,-26.53804],[-65.563688,-26.535113],[-65.559883,-26.534763],[-65.555624,-26.53739],[-65.552442,-26.535619],[-65.55043,-26.537599],[-65.547331,-26.538821],[-65.543581,-26.536831],[-65.542191,-26.538648],[-65.537119,-26.539114],[-65.533839,-26.538122],[-65.529312,-26.541589],[-65.527773,-26.541265],[-65.526819,-26.543577],[-65.519653,-26.541903],[-65.518364,-26.545094],[-65.515792,-26.544872],[-65.511389,-26.547882],[-65.508572,-26.544868],[-65.504312,-26.546242],[-65.502588,-26.548032],[-65.500649,-26.547252],[-65.499641,-26.543515],[-65.500438,-26.541721],[-65.500079,-26.538392],[-65.496657,-26.531341],[-65.496497,-26.528725],[-65.497827,-26.525947],[-65.497069,-26.524304],[-65.491186,-26.524051],[-65.486312,-26.525229],[-65.488704,-26.522897],[-65.485121,-26.522709],[-65.486507,-26.520722],[-65.484811,-26.520125],[-65.485176,-26.518403],[-65.483109,-26.516527],[-65.478497,-26.517596],[-65.477114,-26.516318],[-65.473815,-26.518976],[-65.471394,-26.519192],[-65.470569,-26.520673],[-65.465675,-26.519231],[-65.465773,-26.52084],[-65.468851,-26.522484],[-65.466315,-26.524091],[-65.463899,-26.523538],[-65.462126,-26.525586],[-65.459447,-26.525244],[-65.455752,-26.521178],[-65.450802,-26.519964],[-65.449029,-26.518828],[-65.439444,-26.516994],[-65.432615,-26.513688],[-65.425298,-26.511093],[-65.412502,-26.505744],[-65.407669,-26.498836],[-65.402334,-26.497674],[-65.400036,-26.495184],[-65.394006,-26.490914],[-65.380892,-26.487056],[-65.370628,-26.485181],[-65.373744,-26.482922],[-65.379058,-26.476697],[-65.38099,-26.472828],[-65.387556,-26.455868],[-65.392407,-26.437613],[-65.377331,-26.43722],[-65.376315,-26.437394],[-65.370665,-26.393556],[-65.37104,-26.386726],[-65.366894,-26.385468],[-65.351214,-26.387329],[-65.341348,-26.34307],[-65.359955,-26.342506],[-65.436851,-26.341864],[-65.431452,-26.354649],[-65.474413,-26.35885],[-65.475799,-26.356315],[-65.482215,-26.360313],[-65.484283,-26.363166],[-65.487285,-26.364899],[-65.491374,-26.365361],[-65.496993,-26.372654],[-65.50136,-26.376096],[-65.501963,-26.378829],[-65.5014,-26.382307],[-65.504269,-26.384689],[-65.505697,-26.387264],[-65.50704,-26.394324],[-65.51341,-26.391763]]]}},{"type":"Feature","properties":{"name":"COMISARIA SAN PEDRO DE COLALAO","regional":"URN","color":"#4CAF50"},"geometry":{"type":"Polygon","coordinates":[[[-65.50704,-26.394324],[-65.505829,-26.387594],[-65.504194,-26.384673],[-65.501355,-26.382343],[-65.502022,-26.378787],[-65.501437,-26.376132],[-65.496763,-26.372522],[-65.492714,-26.366305],[-65.487358,-26.36496],[-65.484249,-26.363141],[-65.482235,-26.360337],[-65.475801,-26.356293],[-65.474432,-26.358857],[-65.431107,-26.354454],[-65.437604,-26.341737],[-65.432608,-26.333388],[-65.476126,-26.327622],[-65.463269,-26.326103],[-65.461881,-26.311232],[-65.462018,-26.308356],[-65.475834,-26.307633],[-65.475862,-26.304174],[-65.462128,-26.304854],[-65.461687,-26.280745],[-65.461227,-26.269214],[-65.446108,-26.267903],[-65.444453,-26.266441],[-65.429647,-26.262526],[-65.426989,-26.245699],[-65.42535,-26.238282],[-65.424432,-26.237295],[-65.415986,-26.232699],[-65.41253,-26.230141],[-65.411867,-26.227474],[-65.401351,-26.228493],[-65.393739,-26.224579],[-65.389416,-26.225975],[-65.382786,-26.216882],[-65.380221,-26.215675],[-65.410083,-26.184648],[-65.435829,-26.18018],[-65.435011,-26.109985],[-65.438215,-26.109654],[-65.44066,-26.107918],[-65.441715,-26.104377],[-65.449867,-26.105693],[-65.453622,-26.10503],[-65.458577,-26.102001],[-65.457282,-26.099295],[-65.457957,-26.096806],[-65.460144,-26.094409],[-65.463206,-26.094936],[-65.465152,-26.091371],[-65.47013,-26.091347],[-65.474301,-26.094785],[-65.479131,-26.095179],[-65.480767,-26.093686],[-65.4856,-26.092828],[-65.488552,-26.093323],[-65.489998,-26.090979],[-65.492595,-26.09206],[-65.494087,-26.090443],[-65.50051,-26.09008],[-65.502313,-26.090756],[-65.505502,-26.090015],[-65.507496,-26.092035],[-65.513403,-26.093748],[-65.516862,-26.093332],[-65.521885,-26.095119],[-65.52237,-26.093758],[-65.524777,-26.095229],[-65.527802,-26.093454],[-65.53185,-26.09308],[-65.537392,-26.090746],[-65.541707,-26.090862],[-65.542902,-26.089498],[-65.548084,-26.087563],[-65.550001,-26.088797],[-65.551825,-26.088045],[-65.554344,-26.09173],[-65.55804,-26.094039],[-65.562465,-26.093679],[-65.562448,-26.095036],[-65.566706,-26.097189],[-65.569126,-26.097477],[-65.570321,-26.100927],[-65.582661,-26.107654],[-65.582857,-26.10942],[-65.585314,-26.11039],[-65.587089,-26.114536],[-65.590199,-26.114898],[-65.592083,-26.113828],[-65.596141,-26.113789],[-65.597623,-26.116705],[-65.601463,-26.120578],[-65.60348,-26.121414],[-65.607894,-26.1215],[-65.613357,-26.123559],[-65.621128,-26.122817],[-65.625971,-26.122905],[-65.629067,-26.123824],[-65.636122,-26.118812],[-65.63673,-26.116197],[-65.640135,-26.114149],[-65.640031,-26.111331],[-65.642904,-26.113095],[-65.647668,-26.113749],[-65.651335,-26.11287],[-65.65325,-26.110806],[-65.656488,-26.110368],[-65.656494,-26.107451],[-65.66444,-26.105314],[-65.668482,-26.103331],[-65.671373,-26.101033],[-65.674227,-26.100291],[-65.679095,-26.096379],[-65.67953,-26.099449],[-65.684941,-26.107372],[-65.685697,-26.113153],[-65.689145,-26.126691],[-65.697781,-26.139968],[-65.698696,-26.142929],[-65.698785,-26.148954],[-65.70043,-26.153166],[-65.700694,-26.156365],[-65.698396,-26.160362],[-65.693687,-26.164307],[-65.697177,-26.169941],[-65.694393,-26.175433],[-65.696562,-26.180384],[-65.695323,-26.186216],[-65.696599,-26.188358],[-65.703072,-26.189687],[-65.704147,-26.192309],[-65.703763,-26.196879],[-65.702711,-26.198686],[-65.704895,-26.203597],[-65.70827,-26.205371],[-65.709579,-26.208981],[-65.710443,-26.214712],[-65.709612,-26.222219],[-65.706123,-26.225107],[-65.703816,-26.228728],[-65.703133,-26.231332],[-65.704051,-26.243165],[-65.707863,-26.246311],[-65.708187,-26.252293],[-65.704384,-26.258604],[-65.710627,-26.263613],[-65.714166,-26.26936],[-65.718112,-26.273725],[-65.720567,-26.27956],[-65.716637,-26.282417],[-65.706329,-26.291535],[-65.7037,-26.295288],[-65.704227,-26.297912],[-65.711054,-26.303564],[-65.716774,-26.306687],[-65.71836,-26.313263],[-65.716017,-26.318766],[-65.710514,-26.325329],[-65.700462,-26.344472],[-65.708032,-26.345143],[-65.712286,-26.351926],[-65.707907,-26.35607],[-65.709253,-26.361629],[-65.712089,-26.360646],[-65.713909,-26.364355],[-65.706674,-26.363445],[-65.703407,-26.365049],[-65.698762,-26.365213],[-65.695746,-26.366096],[-65.69331,-26.365079],[-65.66325,-26.364915],[-65.652241,-26.365743],[-65.614293,-26.39885],[-65.590419,-26.399369],[-65.577295,-26.391438],[-65.567223,-26.393064],[-65.563447,-26.386227],[-65.557776,-26.386954],[-65.555375,-26.38509],[-65.556825,-26.382758],[-65.555529,-26.381439],[-65.556756,-26.378101],[-65.558768,-26.375769],[-65.557549,-26.374345],[-65.558738,-26.372873],[-65.551778,-26.37605],[-65.544641,-26.378035],[-65.541849,-26.3778],[-65.53807,-26.38008],[-65.527804,-26.381448],[-65.526439,-26.381041],[-65.524082,-26.385197],[-65.521226,-26.385176],[-65.520705,-26.386378],[-65.515412,-26.388753],[-65.513925,-26.38794],[-65.513419,-26.391775],[-65.50704,-26.394324]]]}},{"type":"Feature","properties":{"name":"COMISARIA TRANCAS","regional":"URN","color":"#4CAF50"},"geometry":{"type":"Polygon","coordinates":[[[-65.038227,-26.28713],[-65.038388,-26.278311],[-65.037616,-26.275961],[-65.041924,-26.269328],[-65.047656,-26.262579],[-65.047094,-26.257008],[-65.049872,-26.251641],[-65.047475,-26.247519],[-65.044056,-26.244667],[-65.043293,-26.241865],[-65.038992,-26.23201],[-65.134031,-26.208046],[-65.13789,-26.208539],[-65.141589,-26.208103],[-65.194977,-26.193667],[-65.198847,-26.194409],[-65.225319,-26.190559],[-65.222627,-26.184497],[-65.265099,-26.174877],[-65.265634,-26.173783],[-65.269642,-26.174564],[-65.268367,-26.178031],[-65.270948,-26.175891],[-65.272504,-26.171947],[-65.272293,-26.168133],[-65.276004,-26.166152],[-65.277641,-26.163084],[-65.275008,-26.159249],[-65.274754,-26.156231],[-65.275763,-26.154965],[-65.280843,-26.15206],[-65.280571,-26.149592],[-65.278412,-26.147072],[-65.280535,-26.144729],[-65.283573,-26.144331],[-65.286801,-26.141907],[-65.283227,-26.138313],[-65.284186,-26.135994],[-65.288952,-26.132103],[-65.287716,-26.128153],[-65.292775,-26.127829],[-65.293453,-26.125976],[-65.292429,-26.123058],[-65.293384,-26.119091],[-65.290985,-26.117977],[-65.287883,-26.114646],[-65.287343,-26.107411],[-65.290793,-26.104036],[-65.292712,-26.099205],[-65.293692,-26.09432],[-65.298047,-26.092472],[-65.299381,-26.090104],[-65.298355,-26.087679],[-65.295846,-26.085167],[-65.298425,-26.080547],[-65.302445,-26.080837],[-65.30742,-26.084104],[-65.311546,-26.080927],[-65.314623,-26.082387],[-65.316788,-26.081222],[-65.318047,-26.078982],[-65.317998,-26.076153],[-65.320297,-26.074123],[-65.322569,-26.070578],[-65.326592,-26.067729],[-65.333078,-26.065543],[-65.335784,-26.067904],[-65.340137,-26.065411],[-65.345485,-26.063468],[-65.347202,-26.060015],[-65.351135,-26.060141],[-65.355048,-26.057863],[-65.357534,-26.05806],[-65.359948,-26.056579],[-65.364847,-26.05613],[-65.369355,-26.060961],[-65.371158,-26.06066],[-65.374032,-26.062123],[-65.373576,-26.065056],[-65.376767,-26.064597],[-65.380495,-26.067681],[-65.380745,-26.070147],[-65.382548,-26.072217],[-65.382411,-26.074167],[-65.386001,-26.07945],[-65.38876,-26.08119],[-65.389638,-26.084124],[-65.393398,-26.087456],[-65.399462,-26.087872],[-65.404199,-26.091427],[-65.407428,-26.092138],[-65.410265,-26.094081],[-65.412262,-26.097408],[-65.415151,-26.10061],[-65.416338,-26.103874],[-65.421214,-26.107578],[-65.431232,-26.109855],[-65.435009,-26.109782],[-65.435829,-26.18018],[-65.410056,-26.184659],[-65.380219,-26.215676],[-65.382795,-26.216873],[-65.389419,-26.225976],[-65.393743,-26.224578],[-65.401322,-26.228506],[-65.411867,-26.227455],[-65.412519,-26.230154],[-65.416029,-26.232717],[-65.42445,-26.237313],[-65.425325,-26.238292],[-65.426951,-26.245495],[-65.429658,-26.262498],[-65.4445,-26.266435],[-65.446114,-26.267918],[-65.461252,-26.269183],[-65.461712,-26.280519],[-65.462127,-26.304774],[-65.475826,-26.304101],[-65.475879,-26.30765],[-65.461961,-26.308327],[-65.461881,-26.311121],[-65.463232,-26.32612],[-65.47629,-26.327635],[-65.432527,-26.333394],[-65.437608,-26.341735],[-65.340855,-26.342977],[-65.35134,-26.387732],[-65.345429,-26.386609],[-65.339794,-26.390608],[-65.327333,-26.393553],[-65.318923,-26.396656],[-65.312955,-26.397569],[-65.302324,-26.40084],[-65.298955,-26.40603],[-65.28186,-26.411768],[-65.2733,-26.417966],[-65.268121,-26.420381],[-65.259337,-26.420755],[-65.25334,-26.422759],[-65.250852,-26.422389],[-65.250356,-26.42542],[-65.239445,-26.429095],[-65.237127,-26.433457],[-65.234916,-26.433629],[-65.226264,-26.438928],[-65.217328,-26.437114],[-65.211336,-26.441449],[-65.208873,-26.442029],[-65.205884,-26.439848],[-65.110953,-26.453253],[-65.110245,-26.450833],[-65.111183,-26.446245],[-65.107918,-26.441103],[-65.109026,-26.436362],[-65.110495,-26.43363],[-65.108751,-26.429826],[-65.106592,-26.428185],[-65.10709,-26.424543],[-65.103766,-26.420282],[-65.102587,-26.415645],[-65.103713,-26.411304],[-65.102323,-26.407678],[-65.103443,-26.405759],[-65.102428,-26.399012],[-65.098987,-26.399489],[-65.096078,-26.396466],[-65.096572,-26.394068],[-65.095038,-26.392642],[-65.09291,-26.392983],[-65.090786,-26.391039],[-65.089812,-26.385715],[-65.090708,-26.384673],[-65.090802,-26.380376],[-65.087839,-26.377424],[-65.088401,-26.374215],[-65.086638,-26.372102],[-65.083274,-26.372712],[-65.082902,-26.369826],[-65.080577,-26.368462],[-65.079564,-26.362578],[-65.07052,-26.35769],[-65.069327,-26.351847],[-65.067767,-26.348622],[-65.066835,-26.344273],[-65.067843,-26.341672],[-65.064353,-26.340542],[-65.060568,-26.334813],[-65.057116,-26.335133],[-65.054991,-26.332117],[-65.051252,-26.330708],[-65.052195,-26.327461],[-65.049068,-26.323876],[-65.046596,-26.322985],[-65.044008,-26.318795],[-65.046407,-26.31783],[-65.041905,-26.302139],[-65.03784,-26.297189],[-65.037956,-26.293734],[-65.039581,-26.29249],[-65.036766,-26.289165],[-65.038227,-26.28713]]]}},{"type":"Feature","properties":{"name":"COMISARIA VIPOS","regional":"URN","color":"#4CAF50"},"geometry":{"type":"Polygon","coordinates":[[[-65.350658,-26.473872],[-65.356798,-26.474849],[-65.362536,-26.47979],[-65.364807,-26.482723],[-65.370636,-26.485186],[-65.381073,-26.487133],[-65.387297,-26.488877],[-65.392101,-26.49075],[-65.394006,-26.490914],[-65.397519,-26.493863],[-65.400036,-26.495184],[-65.402334,-26.497674],[-65.405069,-26.498256],[-65.406392,-26.498166],[-65.407669,-26.498836],[-65.410671,-26.503565],[-65.412502,-26.505744],[-65.425298,-26.511093],[-65.432615,-26.513688],[-65.437799,-26.516051],[-65.439444,-26.516994],[-65.449029,-26.518828],[-65.450802,-26.519964],[-65.455752,-26.521178],[-65.459447,-26.525244],[-65.462126,-26.525586],[-65.463899,-26.523538],[-65.465463,-26.524172],[-65.466667,-26.523869],[-65.467575,-26.524706],[-65.469437,-26.52476],[-65.47053,-26.526259],[-65.472521,-26.526188],[-65.474443,-26.528212],[-65.476608,-26.530448],[-65.478358,-26.531373],[-65.478323,-26.53237],[-65.479532,-26.533907],[-65.48082,-26.534141],[-65.482568,-26.53576],[-65.483945,-26.538257],[-65.483654,-26.53984],[-65.484286,-26.543095],[-65.483601,-26.544667],[-65.483884,-26.545919],[-65.485753,-26.546956],[-65.486994,-26.54675],[-65.488058,-26.547784],[-65.487641,-26.548946],[-65.487801,-26.550798],[-65.48679,-26.550724],[-65.485073,-26.551984],[-65.484417,-26.551572],[-65.483009,-26.55246],[-65.481877,-26.554603],[-65.484731,-26.554979],[-65.485694,-26.557216],[-65.488107,-26.5573],[-65.491025,-26.560139],[-65.489885,-26.56061],[-65.487658,-26.56253],[-65.486718,-26.563853],[-65.48484,-26.564276],[-65.483863,-26.565101],[-65.482229,-26.565412],[-65.481587,-26.566037],[-65.479089,-26.566489],[-65.478147,-26.567869],[-65.47623,-26.569026],[-65.473066,-26.570476],[-65.469849,-26.571104],[-65.468731,-26.571027],[-65.462001,-26.572115],[-65.458822,-26.574715],[-65.457938,-26.576457],[-65.45622,-26.57787],[-65.445898,-26.571814],[-65.447357,-26.568973],[-65.42528,-26.571294],[-65.395001,-26.574176],[-65.369905,-26.576184],[-65.368967,-26.574493],[-65.359644,-26.569514],[-65.357879,-26.569471],[-65.353097,-26.571237],[-65.35117,-26.57295],[-65.346725,-26.574785],[-65.344123,-26.576359],[-65.344156,-26.577069],[-65.341135,-26.579452],[-65.338577,-26.580013],[-65.336448,-26.578042],[-65.334723,-26.57756],[-65.332914,-26.57853],[-65.331511,-26.580415],[-65.328123,-26.581444],[-65.32311,-26.578242],[-65.320893,-26.578298],[-65.318089,-26.576188],[-65.314786,-26.575765],[-65.311406,-26.575646],[-65.30938,-26.575229],[-65.299002,-26.571052],[-65.298452,-26.569022],[-65.297366,-26.568543],[-65.296666,-26.566546],[-65.294953,-26.564341],[-65.294033,-26.561532],[-65.292239,-26.560205],[-65.287431,-26.554807],[-65.28458,-26.554285],[-65.282445,-26.553462],[-65.278081,-26.554417],[-65.278,-26.555295],[-65.275018,-26.551934],[-65.273981,-26.549867],[-65.272781,-26.549557],[-65.265575,-26.54884],[-65.262257,-26.550713],[-65.259926,-26.550936],[-65.256441,-26.549835],[-65.255038,-26.551718],[-65.255509,-26.554052],[-65.253029,-26.554307],[-65.251146,-26.555006],[-65.249645,-26.554761],[-65.249523,-26.556077],[-65.246464,-26.558323],[-65.243068,-26.560498],[-65.239471,-26.564294],[-65.228261,-26.566457],[-65.222805,-26.567275],[-65.222046,-26.566708],[-65.222537,-26.565208],[-65.224085,-26.56439],[-65.225718,-26.561749],[-65.228365,-26.559225],[-65.22762,-26.555956],[-65.225684,-26.554189],[-65.224192,-26.552221],[-65.221881,-26.550975],[-65.221339,-26.549122],[-65.223128,-26.545716],[-65.22338,-26.5447],[-65.22235,-26.543209],[-65.221343,-26.543219],[-65.219248,-26.544163],[-65.216419,-26.541543],[-65.215232,-26.538675],[-65.215322,-26.536967],[-65.216482,-26.534331],[-65.216098,-26.530725],[-65.216764,-26.528189],[-65.220426,-26.526188],[-65.221167,-26.52465],[-65.221048,-26.523497],[-65.21786,-26.521882],[-65.216807,-26.521063],[-65.216309,-26.519757],[-65.217716,-26.518106],[-65.220045,-26.519237],[-65.224115,-26.517968],[-65.223619,-26.516627],[-65.222242,-26.515591],[-65.220924,-26.513969],[-65.218832,-26.508788],[-65.216978,-26.507023],[-65.215822,-26.505375],[-65.215053,-26.505442],[-65.21232,-26.506921],[-65.211874,-26.508793],[-65.210454,-26.508598],[-65.207957,-26.506199],[-65.20719,-26.504491],[-65.207859,-26.503131],[-65.20654,-26.501504],[-65.20609,-26.500045],[-65.206819,-26.499062],[-65.210048,-26.496924],[-65.211491,-26.494794],[-65.214234,-26.494182],[-65.214657,-26.492568],[-65.21448,-26.489165],[-65.212525,-26.488001],[-65.211615,-26.486203],[-65.212216,-26.484457],[-65.213112,-26.48419],[-65.241619,-26.468367],[-65.27097,-26.451898],[-65.293181,-26.444767],[-65.294002,-26.451479],[-65.307623,-26.447022],[-65.307131,-26.441208],[-65.308209,-26.440878],[-65.308125,-26.439949],[-65.316746,-26.437085],[-65.332039,-26.433581],[-65.333955,-26.433268],[-65.343309,-26.433741],[-65.350013,-26.433801],[-65.350658,-26.473872]]]}},{"type":"Feature","properties":{"name":"SUBCOMISARIA DE TAPIA","regional":"URN","color":"#4CAF50"},"geometry":{"type":"Polygon","coordinates":[[[-65.491077,-26.560136],[-65.492117,-26.561177],[-65.493532,-26.563957],[-65.495458,-26.565428],[-65.495516,-26.567889],[-65.492874,-26.570099],[-65.491379,-26.570374],[-65.489092,-26.572841],[-65.485455,-26.573105],[-65.482895,-26.576546],[-65.481477,-26.576831],[-65.479502,-26.579485],[-65.478222,-26.584062],[-65.476497,-26.586237],[-65.476218,-26.589615],[-65.474929,-26.594813],[-65.475568,-26.597121],[-65.476902,-26.598478],[-65.473435,-26.603288],[-65.470878,-26.602575],[-65.469961,-26.599127],[-65.464299,-26.595661],[-65.459942,-26.588891],[-65.458951,-26.584948],[-65.458033,-26.587012],[-65.456512,-26.587905],[-65.452183,-26.589113],[-65.450094,-26.590117],[-65.44916,-26.589953],[-65.447067,-26.591301],[-65.445394,-26.591635],[-65.444032,-26.592674],[-65.44159,-26.593151],[-65.436523,-26.592196],[-65.432682,-26.593551],[-65.431398,-26.595178],[-65.430469,-26.595281],[-65.426885,-26.59736],[-65.425063,-26.597639],[-65.42343,-26.59939],[-65.421475,-26.600418],[-65.419035,-26.602937],[-65.418717,-26.606112],[-65.417181,-26.607666],[-65.411222,-26.607665],[-65.409002,-26.608549],[-65.403993,-26.609293],[-65.402821,-26.610317],[-65.402773,-26.611598],[-65.401418,-26.61291],[-65.396862,-26.615571],[-65.395945,-26.617203],[-65.392399,-26.620086],[-65.389316,-26.620131],[-65.388894,-26.620667],[-65.384244,-26.622871],[-65.382978,-26.622342],[-65.383083,-26.620249],[-65.380653,-26.618188],[-65.378496,-26.618171],[-65.375859,-26.618814],[-65.370991,-26.621498],[-65.36881,-26.620444],[-65.366261,-26.621024],[-65.364598,-26.621963],[-65.360606,-26.622254],[-65.357298,-26.623702],[-65.353526,-26.623468],[-65.350741,-26.624626],[-65.347875,-26.620926],[-65.344281,-26.620243],[-65.341478,-26.617383],[-65.338374,-26.613601],[-65.336003,-26.611722],[-65.333466,-26.612238],[-65.330644,-26.610652],[-65.328109,-26.611449],[-65.324662,-26.611748],[-65.321183,-26.609835],[-65.316505,-26.611277],[-65.314598,-26.610915],[-65.310956,-26.61143],[-65.308198,-26.612397],[-65.306267,-26.613881],[-65.301478,-26.613586],[-65.299596,-26.612157],[-65.298588,-26.612243],[-65.297143,-26.610346],[-65.295315,-26.609449],[-65.29508,-26.607975],[-65.292553,-26.605679],[-65.288578,-26.604197],[-65.28716,-26.604534],[-65.281019,-26.602613],[-65.278609,-26.603153],[-65.276526,-26.604845],[-65.274698,-26.607704],[-65.269282,-26.607854],[-65.263977,-26.61029],[-65.261909,-26.610823],[-65.259176,-26.609177],[-65.25826,-26.609767],[-65.253468,-26.608798],[-65.252251,-26.608997],[-65.250222,-26.607022],[-65.249632,-26.607218],[-65.244949,-26.605043],[-65.244508,-26.603084],[-65.242573,-26.603224],[-65.241345,-26.60266],[-65.239124,-26.599033],[-65.237612,-26.59759],[-65.232015,-26.599054],[-65.230954,-26.601046],[-65.22978,-26.602068],[-65.226117,-26.601068],[-65.226216,-26.600549],[-65.22324,-26.602811],[-65.221361,-26.601609],[-65.220894,-26.599884],[-65.219656,-26.599724],[-65.216899,-26.602798],[-65.215157,-26.602104],[-65.216473,-26.599452],[-65.217546,-26.595455],[-65.221901,-26.59343],[-65.224612,-26.58886],[-65.225354,-26.583861],[-65.225516,-26.569637],[-65.22373,-26.569221],[-65.224488,-26.567604],[-65.234503,-26.561976],[-65.234731,-26.563485],[-65.236769,-26.564168],[-65.238043,-26.563352],[-65.239615,-26.564084],[-65.243043,-26.560513],[-65.249554,-26.556079],[-65.249652,-26.554782],[-65.251164,-26.555015],[-65.253022,-26.554313],[-65.255524,-26.554062],[-65.255069,-26.551716],[-65.256349,-26.549985],[-65.259912,-26.550952],[-65.262234,-26.550753],[-65.265027,-26.549148],[-65.266596,-26.548926],[-65.27257,-26.549527],[-65.273969,-26.549946],[-65.274945,-26.551896],[-65.278023,-26.555321],[-65.278128,-26.554438],[-65.282444,-26.553493],[-65.287401,-26.5548],[-65.292458,-26.560399],[-65.293989,-26.561529],[-65.294924,-26.564321],[-65.296645,-26.566537],[-65.297311,-26.568555],[-65.298438,-26.569021],[-65.298928,-26.57105],[-65.308188,-26.574613],[-65.311337,-26.575643],[-65.31806,-26.576186],[-65.320836,-26.578319],[-65.323076,-26.578258],[-65.328049,-26.581496],[-65.331494,-26.580418],[-65.332926,-26.578532],[-65.334682,-26.577569],[-65.336384,-26.578056],[-65.338512,-26.580063],[-65.341087,-26.579471],[-65.344199,-26.577055],[-65.344129,-26.576358],[-65.346696,-26.5748],[-65.351124,-26.572996],[-65.353909,-26.570866],[-65.357824,-26.569483],[-65.359623,-26.569559],[-65.368957,-26.57454],[-65.369866,-26.576182],[-65.397034,-26.574006],[-65.414498,-26.572372],[-65.426388,-26.571183],[-65.447357,-26.568973],[-65.445892,-26.571815],[-65.456211,-26.577872],[-65.457956,-26.576467],[-65.458812,-26.574723],[-65.462001,-26.572126],[-65.469849,-26.571114],[-65.473056,-26.570484],[-65.47817,-26.567852],[-65.479094,-26.566488],[-65.481609,-26.566046],[-65.484829,-26.564274],[-65.486713,-26.563854],[-65.489896,-26.560612],[-65.491077,-26.560136]]]}},{"type":"Feature","properties":{"name":"COMISARIA EL CORTE","regional":"URN","color":"#4CAF50"},"geometry":{"type":"Polygon","coordinates":[[[-65.323072,-26.813798],[-65.322846,-26.813779],[-65.32181,-26.813904],[-65.319884,-26.814193],[-65.319334,-26.814294],[-65.318508,-26.814404],[-65.31717,-26.814584],[-65.316847,-26.813072],[-65.316781,-26.812758],[-65.316552,-26.812801],[-65.316509,-26.8128],[-65.316457,-26.81279],[-65.316419,-26.812775],[-65.316401,-26.812763],[-65.316377,-26.812739],[-65.316342,-26.812687],[-65.316316,-26.812609],[-65.316294,-26.812532],[-65.316264,-26.812436],[-65.31624,-26.812331],[-65.316197,-26.812057],[-65.316134,-26.811761],[-65.315998,-26.811126],[-65.315869,-26.810592],[-65.315815,-26.810374],[-65.315779,-26.810226],[-65.315748,-26.810076],[-65.315687,-26.809765],[-65.315592,-26.8093],[-65.315538,-26.809049],[-65.31556,-26.809041],[-65.315623,-26.809026],[-65.315724,-26.808981],[-65.31581,-26.808948],[-65.315859,-26.808891],[-65.315838,-26.808811],[-65.315744,-26.808782],[-65.315601,-26.808751],[-65.315407,-26.808679],[-65.315223,-26.808471],[-65.31518,-26.80836],[-65.315163,-26.808275],[-65.315201,-26.808162],[-65.315256,-26.808085],[-65.315403,-26.807939],[-65.315561,-26.807768],[-65.315749,-26.807528],[-65.315868,-26.807329],[-65.315946,-26.80717],[-65.315985,-26.806954],[-65.316016,-26.80675],[-65.316066,-26.806561],[-65.316115,-26.80628],[-65.316211,-26.805742],[-65.316306,-26.805323],[-65.316407,-26.804868],[-65.316549,-26.804185],[-65.316657,-26.80365],[-65.316698,-26.803461],[-65.316741,-26.803207],[-65.316888,-26.802685],[-65.316967,-26.802489],[-65.317049,-26.802349],[-65.317116,-26.80219],[-65.317223,-26.801939],[-65.317419,-26.801644],[-65.317911,-26.801165],[-65.31815,-26.800982],[-65.31824,-26.800941],[-65.318552,-26.800872],[-65.318622,-26.800852],[-65.318841,-26.800655],[-65.318895,-26.800595],[-65.319009,-26.800435],[-65.319354,-26.799968],[-65.319916,-26.799241],[-65.319962,-26.799197],[-65.320215,-26.798996],[-65.32092,-26.798498],[-65.32134,-26.798197],[-65.32157,-26.797973],[-65.321945,-26.797806],[-65.32224,-26.797706],[-65.322521,-26.797601],[-65.322664,-26.797524],[-65.322767,-26.797447],[-65.322854,-26.797377],[-65.323028,-26.797147],[-65.323128,-26.797007],[-65.323223,-26.796756],[-65.323438,-26.796276],[-65.323535,-26.796087],[-65.323647,-26.795852],[-65.323687,-26.795807],[-65.323752,-26.795728],[-65.324188,-26.795357],[-65.324445,-26.795138],[-65.324594,-26.794955],[-65.324712,-26.794819],[-65.324781,-26.794739],[-65.324894,-26.794617],[-65.325337,-26.794167],[-65.325717,-26.793809],[-65.326053,-26.793497],[-65.326293,-26.793273],[-65.326529,-26.793029],[-65.326643,-26.792887],[-65.326734,-26.79278],[-65.32687,-26.792634],[-65.327016,-26.792491],[-65.32762,-26.791911],[-65.328338,-26.791237],[-65.32893,-26.790651],[-65.329149,-26.790387],[-65.329511,-26.790081],[-65.329938,-26.78973],[-65.3307,-26.7891],[-65.328983,-26.79872],[-65.34392,-26.79638],[-65.345484,-26.804404],[-65.34578,-26.805504],[-65.346142,-26.807383],[-65.34661,-26.811442],[-65.342379,-26.812175],[-65.335673,-26.813316],[-65.334661,-26.812878],[-65.333763,-26.812693],[-65.333063,-26.812443],[-65.332453,-26.812381],[-65.331913,-26.812464],[-65.327173,-26.813133],[-65.325425,-26.813617],[-65.324715,-26.813841],[-65.323869,-26.813844],[-65.323072,-26.813798]]]}},{"type":"Feature","properties":{"name":"COMISARIA MARTICOL","regional":"URN","color":"#4CAF50"},"geometry":{"type":"Polygon","coordinates":[[[-65.267919,-26.805269],[-65.268887,-26.804914],[-65.269622,-26.804639],[-65.269978,-26.80451],[-65.270386,-26.804398],[-65.270764,-26.804306],[-65.270895,-26.804286],[-65.271635,-26.804197],[-65.272092,-26.804156],[-65.274217,-26.803944],[-65.275146,-26.803841],[-65.275212,-26.804139],[-65.275304,-26.804544],[-65.275408,-26.805011],[-65.275513,-26.805471],[-65.275601,-26.805877],[-65.275684,-26.806246],[-65.275798,-26.806759],[-65.275899,-26.807205],[-65.27602,-26.807718],[-65.276051,-26.807857],[-65.276147,-26.808247],[-65.276192,-26.808478],[-65.276302,-26.808927],[-65.276333,-26.809115],[-65.276438,-26.809563],[-65.276473,-26.809812],[-65.276585,-26.810263],[-65.276749,-26.810903],[-65.276899,-26.811573],[-65.276881,-26.811788],[-65.277296,-26.813408],[-65.277346,-26.813603],[-65.277424,-26.813909],[-65.277475,-26.814109],[-65.277522,-26.814303],[-65.277585,-26.814514],[-65.277607,-26.814591],[-65.277665,-26.814806],[-65.277745,-26.815115],[-65.277798,-26.815276],[-65.277852,-26.815472],[-65.277949,-26.81589],[-65.278034,-26.816182],[-65.277499,-26.816273],[-65.277292,-26.816323],[-65.276773,-26.816414],[-65.275989,-26.816539],[-65.275958,-26.816544],[-65.275963,-26.816596],[-65.275982,-26.816841],[-65.276,-26.817088],[-65.275987,-26.817089],[-65.276029,-26.817675],[-65.276046,-26.817918],[-65.276135,-26.81857],[-65.276186,-26.818955],[-65.276181,-26.819152],[-65.276274,-26.819851],[-65.276308,-26.820092],[-65.276384,-26.820692],[-65.276431,-26.820897],[-65.276443,-26.820989],[-65.276465,-26.820986],[-65.276505,-26.821316],[-65.276535,-26.821564],[-65.276557,-26.821666],[-65.276524,-26.821759],[-65.276671,-26.822433],[-65.276844,-26.823229],[-65.27701,-26.823382],[-65.27716,-26.823759],[-65.277242,-26.823969],[-65.277684,-26.825045],[-65.277756,-26.825226],[-65.278001,-26.825826],[-65.278195,-26.826297],[-65.278289,-26.826522],[-65.278384,-26.82675],[-65.278531,-26.827122],[-65.278874,-26.827977],[-65.278882,-26.82816],[-65.278575,-26.82815],[-65.277743,-26.828261],[-65.276553,-26.828497],[-65.274419,-26.828911],[-65.273423,-26.829078],[-65.272479,-26.829226],[-65.270841,-26.829513],[-65.270038,-26.829718],[-65.269379,-26.82987],[-65.269219,-26.829876],[-65.269126,-26.829753],[-65.268837,-26.829169],[-65.26695,-26.825099],[-65.266699,-26.825095],[-65.266586,-26.82469],[-65.266466,-26.82433],[-65.266279,-26.823715],[-65.266088,-26.823123],[-65.265784,-26.822149],[-65.265528,-26.821318],[-65.264869,-26.818685],[-65.264786,-26.818278],[-65.264593,-26.817527],[-65.264353,-26.816575],[-65.264104,-26.815623],[-65.263869,-26.814697],[-65.263357,-26.8127],[-65.263149,-26.811909],[-65.262927,-26.810951],[-65.262362,-26.808773],[-65.262224,-26.808237],[-65.261969,-26.807666],[-65.261901,-26.806825],[-65.261826,-26.806558],[-65.263542,-26.806184],[-65.265278,-26.805823],[-65.266806,-26.805482],[-65.267374,-26.805374],[-65.267919,-26.805269]]]}},{"type":"Feature","properties":{"name":"COMISARIA RACO","regional":"URN","color":"#4CAF50"},"geometry":{"type":"Polygon","coordinates":[[[-65.763653,-26.649955],[-65.764795,-26.656835],[-65.760519,-26.658747],[-65.756655,-26.66757],[-65.720723,-26.684394],[-65.719858,-26.688615],[-65.71088,-26.690132],[-65.704452,-26.697029],[-65.704868,-26.701252],[-65.701013,-26.704699],[-65.701,-26.709689],[-65.696713,-26.714287],[-65.695848,-26.718124],[-65.698413,-26.718129],[-65.703529,-26.723514],[-65.693231,-26.737695],[-65.688523,-26.739605],[-65.683821,-26.73921],[-65.67398,-26.741875],[-65.670536,-26.750312],[-65.66283,-26.753365],[-65.65599,-26.752965],[-65.650848,-26.756407],[-65.645728,-26.75294],[-65.641454,-26.752161],[-65.639759,-26.74755],[-65.641051,-26.744483],[-65.63635,-26.743703],[-65.632518,-26.738703],[-65.628673,-26.737925],[-65.613311,-26.729439],[-65.606475,-26.728268],[-65.59919,-26.733238],[-65.582246,-26.739771],[-65.580588,-26.74362],[-65.573875,-26.744056],[-65.572204,-26.747517],[-65.566008,-26.750814],[-65.565987,-26.753366],[-65.561263,-26.758058],[-65.556765,-26.758797],[-65.551839,-26.762295],[-65.549676,-26.760262],[-65.545028,-26.764114],[-65.540284,-26.758949],[-65.52926,-26.758357],[-65.527413,-26.754946],[-65.515818,-26.748108],[-65.512501,-26.753671],[-65.507295,-26.755588],[-65.501972,-26.754791],[-65.49227,-26.75747],[-65.489906,-26.756621],[-65.482481,-26.759737],[-65.473893,-26.769017],[-65.468727,-26.769774],[-65.465568,-26.772868],[-65.458298,-26.775713],[-65.451004,-26.787625],[-65.451111,-26.794148],[-65.444314,-26.799846],[-65.434793,-26.794218],[-65.432955,-26.784944],[-65.430649,-26.780983],[-65.432951,-26.771219],[-65.427164,-26.7676],[-65.430137,-26.76125],[-65.428385,-26.745381],[-65.427038,-26.743272],[-65.431517,-26.73233],[-65.429625,-26.729862],[-65.428768,-26.720703],[-65.430094,-26.718724],[-65.431012,-26.707926],[-65.429554,-26.705568],[-65.426891,-26.711007],[-65.40845,-26.713305],[-65.406153,-26.718712],[-65.403264,-26.712362],[-65.404391,-26.707175],[-65.381007,-26.709038],[-65.375047,-26.706921],[-65.347816,-26.712242],[-65.342823,-26.705023],[-65.338992,-26.69403],[-65.335252,-26.688788],[-65.335378,-26.684931],[-65.338181,-26.679802],[-65.336112,-26.675409],[-65.339401,-26.669787],[-65.336748,-26.661447],[-65.341271,-26.645681],[-65.341752,-26.638838],[-65.340887,-26.628515],[-65.341971,-26.617542],[-65.348,-26.620792],[-65.351039,-26.624458],[-65.371033,-26.621435],[-65.379513,-26.618014],[-65.384739,-26.622601],[-65.392635,-26.619821],[-65.404044,-26.609186],[-65.417974,-26.6071],[-65.419099,-26.602696],[-65.425062,-26.597497],[-65.436271,-26.592043],[-65.441182,-26.593154],[-65.456616,-26.587838],[-65.458943,-26.584934],[-65.459943,-26.588877],[-65.464297,-26.595623],[-65.469979,-26.599132],[-65.473456,-26.603656],[-65.476682,-26.598486],[-65.474356,-26.593679],[-65.47696,-26.584475],[-65.483837,-26.574136],[-65.489179,-26.573004],[-65.496248,-26.567271],[-65.487753,-26.557643],[-65.482432,-26.554361],[-65.487356,-26.550924],[-65.487586,-26.547086],[-65.48418,-26.545347],[-65.483365,-26.536515],[-65.471891,-26.525916],[-65.466998,-26.522827],[-65.477268,-26.516531],[-65.48324,-26.516936],[-65.485785,-26.520401],[-65.485978,-26.524816],[-65.496858,-26.525238],[-65.497251,-26.533109],[-65.500208,-26.540029],[-65.49912,-26.544824],[-65.502948,-26.547908],[-65.508722,-26.545049],[-65.511059,-26.547553],[-65.518967,-26.544701],[-65.520685,-26.542211],[-65.526645,-26.5435],[-65.53393,-26.538608],[-65.542039,-26.538634],[-65.543326,-26.536911],[-65.547372,-26.539035],[-65.552292,-26.53598],[-65.555915,-26.537335],[-65.559338,-26.53485],[-65.571064,-26.537765],[-65.579582,-26.542397],[-65.581707,-26.54509],[-65.586613,-26.54568],[-65.591298,-26.548573],[-65.592372,-26.546465],[-65.598141,-26.544562],[-65.614349,-26.54787],[-65.620942,-26.554797],[-65.626279,-26.554235],[-65.62629,-26.55078],[-65.629502,-26.547334],[-65.631655,-26.541581],[-65.636579,-26.536412],[-65.641917,-26.535657],[-65.645131,-26.531251],[-65.644283,-26.529329],[-65.652194,-26.524166],[-65.657745,-26.523028],[-65.664565,-26.52554],[-65.667982,-26.524396],[-65.673098,-26.526135],[-65.676308,-26.523071],[-65.685049,-26.525586],[-65.685046,-26.526738],[-65.697857,-26.523311],[-65.708541,-26.517191],[-65.708209,-26.520608],[-65.711314,-26.517388],[-65.722398,-26.521633],[-65.73523,-26.508606],[-65.745901,-26.506705],[-65.745888,-26.512848],[-65.742891,-26.517449],[-65.739904,-26.517443],[-65.737752,-26.525501],[-65.721496,-26.541977],[-65.725298,-26.558107],[-65.725691,-26.572696],[-65.728239,-26.578075],[-65.727337,-26.598419],[-65.732442,-26.606874],[-65.741426,-26.599597],[-65.747411,-26.596536],[-65.755513,-26.601925],[-65.760617,-26.61153],[-65.759757,-26.614216],[-65.768279,-26.623827],[-65.771259,-26.628822],[-65.770821,-26.63458],[-65.774654,-26.63996],[-65.764391,-26.645702],[-65.763653,-26.649955]]]}},{"type":"Feature","properties":{"name":"COMISARIA SAN JAVIER","regional":"URN","color":"#4CAF50"},"geometry":{"type":"Polygon","coordinates":[[[-65.372011,-26.826314],[-65.37231,-26.825997],[-65.372257,-26.825721],[-65.371511,-26.825468],[-65.371169,-26.825226],[-65.37106,-26.824864],[-65.371202,-26.82428],[-65.371025,-26.824089],[-65.370465,-26.823962],[-65.370158,-26.823677],[-65.370105,-26.823259],[-65.37025,-26.823],[-65.370747,-26.822387],[-65.370979,-26.822021],[-65.37084,-26.821731],[-65.370626,-26.821767],[-65.370258,-26.821556],[-65.37022,-26.821278],[-65.369956,-26.820591],[-65.369634,-26.820187],[-65.349333,-26.823815],[-65.341699,-26.82507],[-65.341553,-26.824411],[-65.341286,-26.824413],[-65.340783,-26.824268],[-65.340568,-26.824033],[-65.34021,-26.823378],[-65.340438,-26.823155],[-65.34058,-26.822335],[-65.340544,-26.821729],[-65.340398,-26.821379],[-65.340473,-26.820983],[-65.340987,-26.820572],[-65.341022,-26.819855],[-65.34055,-26.819393],[-65.339952,-26.818663],[-65.339754,-26.818142],[-65.339953,-26.818102],[-65.339285,-26.815421],[-65.337338,-26.814742],[-65.336345,-26.81368],[-65.33568,-26.813323],[-65.338085,-26.812917],[-65.346612,-26.811444],[-65.346139,-26.807371],[-65.345781,-26.805504],[-65.345485,-26.804404],[-65.343919,-26.79638],[-65.336139,-26.797634],[-65.329063,-26.798792],[-65.329594,-26.795561],[-65.330004,-26.792531],[-65.330727,-26.788973],[-65.331502,-26.787767],[-65.332107,-26.786407],[-65.331774,-26.784997],[-65.331783,-26.783465],[-65.331023,-26.781981],[-65.331453,-26.781294],[-65.330317,-26.780064],[-65.331228,-26.77892],[-65.332392,-26.775541],[-65.335827,-26.771919],[-65.337909,-26.769096],[-65.34024,-26.767437],[-65.343271,-26.764607],[-65.354964,-26.762271],[-65.35733,-26.755237],[-65.358463,-26.751259],[-65.358892,-26.747744],[-65.359826,-26.747566],[-65.360165,-26.746078],[-65.360311,-26.744462],[-65.360259,-26.743513],[-65.36082,-26.741071],[-65.360841,-26.739271],[-65.360813,-26.739024],[-65.361292,-26.737436],[-65.357803,-26.733776],[-65.357612,-26.729704],[-65.359094,-26.728751],[-65.359706,-26.725493],[-65.358835,-26.724734],[-65.35756,-26.724246],[-65.357411,-26.723617],[-65.355323,-26.72124],[-65.354334,-26.719554],[-65.353799,-26.718926],[-65.352895,-26.718368],[-65.351776,-26.716907],[-65.352252,-26.715739],[-65.348005,-26.712569],[-65.347825,-26.712238],[-65.356959,-26.710457],[-65.36639,-26.708625],[-65.375047,-26.706921],[-65.376236,-26.707335],[-65.37701,-26.707425],[-65.377335,-26.707637],[-65.379074,-26.707724],[-65.380326,-26.708523],[-65.380362,-26.708891],[-65.380989,-26.709045],[-65.384195,-26.708779],[-65.388767,-26.708416],[-65.394574,-26.707945],[-65.404373,-26.707173],[-65.404318,-26.708699],[-65.403897,-26.710567],[-65.403258,-26.712376],[-65.405582,-26.715873],[-65.406142,-26.718704],[-65.408456,-26.713303],[-65.412037,-26.712727],[-65.414793,-26.712748],[-65.416644,-26.712786],[-65.420698,-26.71149],[-65.424572,-26.712036],[-65.425141,-26.711861],[-65.425963,-26.710972],[-65.426891,-26.711007],[-65.427434,-26.710293],[-65.427201,-26.709849],[-65.428107,-26.708363],[-65.428585,-26.707348],[-65.429361,-26.706691],[-65.429554,-26.705568],[-65.430275,-26.706387],[-65.431012,-26.707926],[-65.430721,-26.710904],[-65.429837,-26.712578],[-65.429862,-26.713172],[-65.430037,-26.71447],[-65.428557,-26.715406],[-65.42881,-26.715759],[-65.428943,-26.716461],[-65.429691,-26.717555],[-65.429812,-26.718044],[-65.430094,-26.718724],[-65.428768,-26.720703],[-65.428767,-26.722685],[-65.42977,-26.724094],[-65.429625,-26.729862],[-65.430445,-26.730216],[-65.431297,-26.731478],[-65.431517,-26.73233],[-65.427038,-26.743272],[-65.428385,-26.745381],[-65.429027,-26.752175],[-65.430137,-26.76125],[-65.427164,-26.7676],[-65.432483,-26.770093],[-65.432951,-26.771219],[-65.431167,-26.777185],[-65.430649,-26.780983],[-65.431728,-26.783131],[-65.432955,-26.784944],[-65.433754,-26.787897],[-65.434052,-26.7902],[-65.434793,-26.794218],[-65.444314,-26.799846],[-65.443419,-26.800736],[-65.44258,-26.801679],[-65.44209,-26.802365],[-65.441421,-26.802715],[-65.44064,-26.802934],[-65.440132,-26.802929],[-65.439587,-26.803061],[-65.439369,-26.803456],[-65.439285,-26.803778],[-65.438199,-26.804082],[-65.437154,-26.804784],[-65.436903,-26.805217],[-65.436619,-26.805913],[-65.436217,-26.806113],[-65.435243,-26.806258],[-65.4347,-26.806676],[-65.434332,-26.807065],[-65.434129,-26.807416],[-65.433731,-26.80759],[-65.432921,-26.807757],[-65.432532,-26.808028],[-65.432042,-26.808245],[-65.431763,-26.808464],[-65.43164,-26.808342],[-65.431449,-26.80845],[-65.431286,-26.808786],[-65.431297,-26.809182],[-65.43148,-26.809619],[-65.431706,-26.810962],[-65.431869,-26.811513],[-65.431839,-26.811965],[-65.432223,-26.812794],[-65.432252,-26.813159],[-65.432192,-26.814006],[-65.432027,-26.81469],[-65.432181,-26.815118],[-65.432367,-26.815292],[-65.424902,-26.81701],[-65.377574,-26.826507],[-65.372011,-26.826314]]]}},{"type":"Feature","properties":{"name":"COMISARIA SAN JOSE","regional":"URN","color":"#4CAF50"},"geometry":{"type":"Polygon","coordinates":[[[-65.256013,-26.789694],[-65.256308,-26.790574],[-65.257478,-26.789719],[-65.257564,-26.789309],[-65.258311,-26.788924],[-65.258541,-26.788667],[-65.259231,-26.787949],[-65.259892,-26.787307],[-65.270456,-26.780995],[-65.270312,-26.786409],[-65.276161,-26.785178],[-65.276894,-26.787436],[-65.276973,-26.787622],[-65.276887,-26.787724],[-65.27693,-26.787827],[-65.277218,-26.787898],[-65.279424,-26.787388],[-65.281454,-26.786874],[-65.284939,-26.786015],[-65.289531,-26.784902],[-65.294205,-26.783786],[-65.297489,-26.782985],[-65.300691,-26.782209],[-65.305135,-26.781146],[-65.307424,-26.780581],[-65.310464,-26.779851],[-65.313112,-26.77921],[-65.317157,-26.778225],[-65.318268,-26.777943],[-65.318756,-26.777693],[-65.319051,-26.77759],[-65.319532,-26.777475],[-65.321728,-26.776961],[-65.322288,-26.776378],[-65.32222,-26.776131],[-65.325637,-26.77538],[-65.325515,-26.774963],[-65.326025,-26.774212],[-65.327534,-26.773859],[-65.329816,-26.773353],[-65.335816,-26.771928],[-65.332374,-26.775553],[-65.331993,-26.776682],[-65.331231,-26.778908],[-65.330326,-26.780054],[-65.331454,-26.781272],[-65.33103,-26.781975],[-65.331792,-26.783462],[-65.33177,-26.78384],[-65.331785,-26.784251],[-65.331785,-26.785001],[-65.331943,-26.78571],[-65.332101,-26.786409],[-65.331749,-26.787261],[-65.331655,-26.78746],[-65.331497,-26.787748],[-65.331375,-26.788031],[-65.331059,-26.788441],[-65.330793,-26.78882],[-65.330728,-26.789006],[-65.3307,-26.789094],[-65.329149,-26.790384],[-65.328916,-26.790667],[-65.328797,-26.790801],[-65.328495,-26.79109],[-65.32828,-26.791286],[-65.327568,-26.791956],[-65.326981,-26.792519],[-65.326711,-26.792801],[-65.326489,-26.793077],[-65.325966,-26.793579],[-65.325362,-26.794139],[-65.325193,-26.7943],[-65.325039,-26.79447],[-65.324791,-26.794723],[-65.324604,-26.794938],[-65.32446,-26.795114],[-65.32377,-26.795709],[-65.323655,-26.79584],[-65.32349,-26.796158],[-65.32326,-26.796663],[-65.323131,-26.796991],[-65.322858,-26.797366],[-65.32266,-26.797523],[-65.322484,-26.79761],[-65.321949,-26.797798],[-65.321571,-26.797962],[-65.321324,-26.798199],[-65.320328,-26.798903],[-65.319908,-26.799232],[-65.31948,-26.799784],[-65.319134,-26.800264],[-65.318846,-26.800639],[-65.318616,-26.800843],[-65.318178,-26.800944],[-65.31787,-26.801023],[-65.317664,-26.801086],[-65.317465,-26.801108],[-65.317301,-26.801121],[-65.317186,-26.80111],[-65.317026,-26.801106],[-65.316783,-26.801083],[-65.316369,-26.801038],[-65.316,-26.80104],[-65.315685,-26.801032],[-65.315296,-26.800952],[-65.315021,-26.800898],[-65.314488,-26.800801],[-65.313908,-26.800702],[-65.313624,-26.800664],[-65.313319,-26.800599],[-65.312797,-26.800506],[-65.312461,-26.800417],[-65.312233,-26.800341],[-65.311883,-26.800247],[-65.311354,-26.800143],[-65.311085,-26.800102],[-65.310704,-26.800085],[-65.310433,-26.800085],[-65.310083,-26.800138],[-65.309518,-26.800218],[-65.308344,-26.800401],[-65.306792,-26.800614],[-65.305595,-26.800742],[-65.305139,-26.800789],[-65.304921,-26.800789],[-65.304572,-26.80078],[-65.303938,-26.80073],[-65.303072,-26.800648],[-65.302576,-26.800633],[-65.302186,-26.800663],[-65.301926,-26.800675],[-65.300804,-26.800778],[-65.299512,-26.800891],[-65.298168,-26.801013],[-65.297616,-26.801054],[-65.296898,-26.801129],[-65.296732,-26.80114],[-65.296586,-26.801168],[-65.295416,-26.801352],[-65.294267,-26.801557],[-65.292456,-26.801857],[-65.291768,-26.801978],[-65.291045,-26.802091],[-65.289764,-26.802307],[-65.289221,-26.8024],[-65.288702,-26.802479],[-65.288162,-26.80255],[-65.287616,-26.802606],[-65.285681,-26.802799],[-65.283198,-26.803059],[-65.281508,-26.80323],[-65.279407,-26.803439],[-65.277555,-26.803606],[-65.275211,-26.803832],[-65.274628,-26.803898],[-65.273933,-26.803969],[-65.273359,-26.804026],[-65.272762,-26.804089],[-65.271602,-26.804196],[-65.271144,-26.804259],[-65.270996,-26.804277],[-65.27081,-26.804295],[-65.270448,-26.804378],[-65.270257,-26.804428],[-65.269982,-26.804507],[-65.269833,-26.804556],[-65.269704,-26.804608],[-65.269393,-26.804729],[-65.269101,-26.804832],[-65.268857,-26.80493],[-65.268258,-26.805143],[-65.268042,-26.805216],[-65.267852,-26.805278],[-65.267514,-26.805358],[-65.266741,-26.805531],[-65.266508,-26.805585],[-65.265847,-26.805718],[-65.265023,-26.805899],[-65.26465,-26.805979],[-65.264428,-26.806028],[-65.263127,-26.806306],[-65.261803,-26.806573],[-65.261522,-26.805868],[-65.261335,-26.805149],[-65.261004,-26.804239],[-65.260631,-26.80301],[-65.260314,-26.801907],[-65.260084,-26.801086],[-65.259854,-26.800201],[-65.258978,-26.797911],[-65.257972,-26.794999],[-65.257411,-26.793617],[-65.257138,-26.792911],[-65.256937,-26.792244],[-65.256808,-26.791936],[-65.256534,-26.791654],[-65.256175,-26.791282],[-65.255773,-26.790807],[-65.255257,-26.790259],[-65.256013,-26.789694]]]}},{"type":"Feature","properties":{"name":"COMISARIA VILLA CARMELA","regional":"URN","color":"#4CAF50"},"geometry":{"type":"Polygon","coordinates":[[[-65.255252,-26.790248],[-65.254966,-26.789952],[-65.254691,-26.78967],[-65.254336,-26.789294],[-65.253895,-26.788836],[-65.253447,-26.788351],[-65.252456,-26.787332],[-65.249919,-26.784519],[-65.249836,-26.784418],[-65.249797,-26.784377],[-65.249741,-26.784281],[-65.25047,-26.784077],[-65.254146,-26.783089],[-65.257222,-26.782249],[-65.260121,-26.781481],[-65.26158,-26.781083],[-65.262464,-26.780858],[-65.263513,-26.780571],[-65.264957,-26.780154],[-65.26587,-26.779912],[-65.266632,-26.779687],[-65.267257,-26.779482],[-65.267781,-26.77927],[-65.268443,-26.778905],[-65.268788,-26.778661],[-65.269298,-26.778218],[-65.269542,-26.777959],[-65.269808,-26.777638],[-65.270095,-26.777189],[-65.270304,-26.776887],[-65.270447,-26.776586],[-65.270627,-26.776157],[-65.270728,-26.775792],[-65.270814,-26.775336],[-65.270879,-26.775003],[-65.2709,-26.774643],[-65.270893,-26.774367],[-65.27085,-26.773734],[-65.270713,-26.773208],[-65.270318,-26.772185],[-65.269959,-26.771524],[-65.269657,-26.77103],[-65.26868,-26.769357],[-65.267968,-26.768154],[-65.267638,-26.767634],[-65.265834,-26.764487],[-65.263234,-26.760135],[-65.262768,-26.759329],[-65.262378,-26.758675],[-65.262392,-26.758672],[-65.259547,-26.753689],[-65.258773,-26.750986],[-65.271058,-26.748922],[-65.270118,-26.743739],[-65.305085,-26.737596],[-65.304625,-26.734955],[-65.359704,-26.725507],[-65.359117,-26.728762],[-65.357615,-26.729706],[-65.357811,-26.733761],[-65.361286,-26.737439],[-65.360843,-26.739003],[-65.360842,-26.739262],[-65.360847,-26.739261],[-65.360832,-26.74096],[-65.360256,-26.743526],[-65.360278,-26.744797],[-65.360181,-26.745615],[-65.360116,-26.746231],[-65.36003,-26.746635],[-65.359782,-26.74754],[-65.358866,-26.747723],[-65.358445,-26.751171],[-65.358057,-26.752488],[-65.357303,-26.755086],[-65.35657,-26.757363],[-65.354964,-26.762271],[-65.343288,-26.764599],[-65.343029,-26.764839],[-65.342517,-26.76534],[-65.341854,-26.765927],[-65.340259,-26.767429],[-65.338992,-26.768315],[-65.337912,-26.769097],[-65.337179,-26.770088],[-65.336608,-26.770863],[-65.335827,-26.771919],[-65.326027,-26.774214],[-65.325531,-26.774971],[-65.325642,-26.775398],[-65.322217,-26.776128],[-65.322284,-26.776376],[-65.321726,-26.776958],[-65.320457,-26.777271],[-65.319331,-26.777529],[-65.31884,-26.777663],[-65.318576,-26.777796],[-65.318269,-26.777935],[-65.317488,-26.778137],[-65.316685,-26.778339],[-65.315574,-26.778594],[-65.313656,-26.779076],[-65.310853,-26.779754],[-65.307873,-26.780459],[-65.305404,-26.781065],[-65.302332,-26.78181],[-65.299433,-26.782511],[-65.29683,-26.783146],[-65.277303,-26.787895],[-65.277206,-26.787897],[-65.276926,-26.78782],[-65.276888,-26.787753],[-65.276905,-26.787695],[-65.276953,-26.787623],[-65.276905,-26.787498],[-65.276829,-26.787334],[-65.276791,-26.787171],[-65.276737,-26.787002],[-65.276684,-26.786795],[-65.276651,-26.78668],[-65.276624,-26.786545],[-65.276576,-26.78642],[-65.276495,-26.786204],[-65.276242,-26.785388],[-65.276199,-26.785196],[-65.276177,-26.785128],[-65.275719,-26.785234],[-65.272771,-26.785893],[-65.271415,-26.786187],[-65.270329,-26.786453],[-65.270333,-26.786099],[-65.270429,-26.780998],[-65.265223,-26.784126],[-65.260114,-26.78721],[-65.259488,-26.787758],[-65.258432,-26.788855],[-65.258173,-26.788999],[-65.257785,-26.78923],[-65.257591,-26.789327],[-65.257537,-26.789497],[-65.257473,-26.789776],[-65.257052,-26.790046],[-65.256315,-26.790557],[-65.25603,-26.789672],[-65.255252,-26.790248]]]}},{"type":"Feature","properties":{"name":"COMISARIA YERBA BUENA","regional":"URN","color":"#4CAF50"},"geometry":{"type":"Polygon","coordinates":[[[-65.275268,-26.803827],[-65.281102,-26.803269],[-65.282645,-26.803117],[-65.286713,-26.802696],[-65.287715,-26.802595],[-65.288286,-26.802532],[-65.288932,-26.802443],[-65.289639,-26.802329],[-65.290476,-26.802185],[-65.291844,-26.801962],[-65.292619,-26.801826],[-65.293665,-26.801654],[-65.295829,-26.801289],[-65.296713,-26.801145],[-65.297584,-26.801059],[-65.298695,-26.800969],[-65.29928,-26.800917],[-65.299709,-26.800871],[-65.300772,-26.800782],[-65.301972,-26.800676],[-65.302341,-26.800657],[-65.302793,-26.800643],[-65.303068,-26.800649],[-65.303729,-26.800721],[-65.304495,-26.800781],[-65.304803,-26.800789],[-65.305178,-26.800786],[-65.305894,-26.800719],[-65.306844,-26.800604],[-65.308172,-26.800432],[-65.308935,-26.800314],[-65.309907,-26.800159],[-65.31049,-26.800086],[-65.310915,-26.800087],[-65.311324,-26.800135],[-65.311824,-26.800237],[-65.312192,-26.800333],[-65.312728,-26.800493],[-65.313101,-26.800566],[-65.315127,-26.800913],[-65.315698,-26.801024],[-65.316473,-26.801046],[-65.31683,-26.801082],[-65.317266,-26.801114],[-65.317609,-26.801092],[-65.318234,-26.800932],[-65.317905,-26.80115],[-65.31755,-26.80146],[-65.317414,-26.801628],[-65.317263,-26.801862],[-65.317084,-26.802239],[-65.316933,-26.802527],[-65.31685,-26.802745],[-65.316754,-26.803091],[-65.316553,-26.804041],[-65.316273,-26.805338],[-65.316144,-26.805905],[-65.316013,-26.806625],[-65.315901,-26.80714],[-65.315722,-26.807508],[-65.315375,-26.80791],[-65.315178,-26.808107],[-65.315128,-26.808325],[-65.315161,-26.808461],[-65.315239,-26.80861],[-65.315467,-26.808823],[-65.315809,-26.808862],[-65.315777,-26.808921],[-65.315521,-26.809026],[-65.315543,-26.809121],[-65.315763,-26.8102],[-65.315972,-26.811068],[-65.316095,-26.811614],[-65.316271,-26.812495],[-65.316334,-26.812698],[-65.316442,-26.812796],[-65.316528,-26.812813],[-65.31676,-26.812769],[-65.317156,-26.814603],[-65.320179,-26.814225],[-65.322571,-26.813782],[-65.323105,-26.813745],[-65.323912,-26.813773],[-65.32312,-26.81465],[-65.323084,-26.81491],[-65.322924,-26.815072],[-65.322526,-26.815413],[-65.322234,-26.815708],[-65.322064,-26.816077],[-65.321853,-26.81628],[-65.321593,-26.816628],[-65.321316,-26.817136],[-65.321171,-26.817703],[-65.321145,-26.818044],[-65.321097,-26.818521],[-65.321113,-26.818947],[-65.321113,-26.820108],[-65.321064,-26.820663],[-65.321044,-26.820978],[-65.320975,-26.82132],[-65.320918,-26.821867],[-65.320805,-26.822372],[-65.320626,-26.822854],[-65.320368,-26.823377],[-65.320226,-26.823707],[-65.320008,-26.824156],[-65.319625,-26.824738],[-65.31866,-26.826086],[-65.317738,-26.82727],[-65.317294,-26.827877],[-65.316671,-26.828696],[-65.31643,-26.829027],[-65.316058,-26.829525],[-65.31556,-26.830165],[-65.315122,-26.830718],[-65.314773,-26.83111],[-65.314426,-26.8314],[-65.314137,-26.831725],[-65.31386,-26.831976],[-65.313324,-26.832115],[-65.313175,-26.832339],[-65.313926,-26.832201],[-65.31404,-26.8324],[-65.314066,-26.834134],[-65.314087,-26.835062],[-65.31424,-26.835968],[-65.314679,-26.836906],[-65.314926,-26.837852],[-65.311912,-26.838308],[-65.308032,-26.839012],[-65.307438,-26.838338],[-65.306901,-26.83629],[-65.306715,-26.833282],[-65.305822,-26.833389],[-65.304251,-26.833675],[-65.302738,-26.833925],[-65.30205,-26.834048],[-65.300798,-26.834245],[-65.300352,-26.834303],[-65.299792,-26.83434],[-65.299014,-26.83435],[-65.298084,-26.834296],[-65.297013,-26.834115],[-65.296144,-26.833871],[-65.29525,-26.833582],[-65.294347,-26.833275],[-65.293015,-26.832791],[-65.291183,-26.832194],[-65.28883,-26.831402],[-65.280474,-26.828535],[-65.280155,-26.828449],[-65.279685,-26.828299],[-65.279425,-26.828201],[-65.279191,-26.828178],[-65.278881,-26.828164],[-65.278874,-26.827975],[-65.278571,-26.827226],[-65.278341,-26.826637],[-65.278168,-26.826234],[-65.277724,-26.825142],[-65.277204,-26.823872],[-65.27702,-26.823392],[-65.276843,-26.823226],[-65.276577,-26.822011],[-65.276524,-26.821758],[-65.276559,-26.821664],[-65.276528,-26.821529],[-65.276466,-26.820985],[-65.276443,-26.820989],[-65.276385,-26.820697],[-65.276293,-26.819975],[-65.276181,-26.819154],[-65.276186,-26.818953],[-65.276049,-26.81794],[-65.275987,-26.817089],[-65.276,-26.817087],[-65.275957,-26.816545],[-65.276841,-26.816403],[-65.277271,-26.816327],[-65.277492,-26.816275],[-65.278035,-26.816182],[-65.277936,-26.815836],[-65.277849,-26.815458],[-65.277715,-26.815004],[-65.277563,-26.814441],[-65.277323,-26.813519],[-65.276882,-26.811789],[-65.276899,-26.811573],[-65.27675,-26.810908],[-65.27654,-26.81009],[-65.276476,-26.809826],[-65.276441,-26.80957],[-65.276333,-26.809119],[-65.276303,-26.80893],[-65.276202,-26.808522],[-65.276146,-26.808244],[-65.275902,-26.807215],[-65.27577,-26.806634],[-65.275364,-26.80481],[-65.275144,-26.803841],[-65.275268,-26.803827]]]}},{"type":"Feature","properties":{"name":"COMISARIA EL CADILLAL","regional":"URN","color":"#4CAF50"},"geometry":{"type":"Polygon","coordinates":[[[-65.25262,-26.659939],[-65.24916,-26.666915],[-65.248926,-26.66984],[-65.250523,-26.673899],[-65.250707,-26.676424],[-65.249905,-26.679346],[-65.246334,-26.679205],[-65.245272,-26.682559],[-65.243255,-26.681761],[-65.237946,-26.680869],[-65.23602,-26.679949],[-65.235376,-26.678803],[-65.23358,-26.678781],[-65.227687,-26.679688],[-65.229552,-26.689289],[-65.225987,-26.689925],[-65.226145,-26.688967],[-65.224654,-26.68901],[-65.224654,-26.687198],[-65.222858,-26.687177],[-65.21949,-26.670917],[-65.215404,-26.676997],[-65.215437,-26.67788],[-65.214223,-26.681235],[-65.21654,-26.684897],[-65.217541,-26.68766],[-65.218943,-26.689],[-65.208021,-26.688275],[-65.206454,-26.681015],[-65.196749,-26.683323],[-65.189532,-26.68548],[-65.178042,-26.687708],[-65.175301,-26.688625],[-65.176317,-26.686559],[-65.176525,-26.6844],[-65.174916,-26.681949],[-65.173641,-26.678632],[-65.171546,-26.676249],[-65.172066,-26.67449],[-65.172095,-26.671739],[-65.173474,-26.669845],[-65.171967,-26.668848],[-65.172422,-26.663213],[-65.173515,-26.661254],[-65.173981,-26.659187],[-65.17311,-26.657536],[-65.173232,-26.65616],[-65.175355,-26.654278],[-65.175943,-26.652842],[-65.177388,-26.652186],[-65.178609,-26.650853],[-65.181419,-26.648784],[-65.181561,-26.647141],[-65.182906,-26.645778],[-65.187234,-26.64549],[-65.189859,-26.644636],[-65.190852,-26.643695],[-65.191685,-26.640531],[-65.189906,-26.638796],[-65.188702,-26.636786],[-65.189695,-26.633974],[-65.189719,-26.631136],[-65.189134,-26.629829],[-65.188167,-26.631806],[-65.185982,-26.631414],[-65.184729,-26.629406],[-65.184174,-26.62703],[-65.184199,-26.624837],[-65.184758,-26.622529],[-65.186479,-26.619101],[-65.186617,-26.618028],[-65.185374,-26.61775],[-65.185208,-26.616466],[-65.182752,-26.616929],[-65.182057,-26.615411],[-65.179701,-26.613303],[-65.177626,-26.612895],[-65.177112,-26.611971],[-65.177679,-26.609818],[-65.174014,-26.607107],[-65.170795,-26.606646],[-65.169117,-26.606808],[-65.166737,-26.604772],[-65.168525,-26.604426],[-65.166753,-26.602816],[-65.165674,-26.599764],[-65.167046,-26.599452],[-65.1672,-26.597987],[-65.169759,-26.596016],[-65.168923,-26.595795],[-65.169133,-26.593464],[-65.170313,-26.592012],[-65.170443,-26.590196],[-65.171665,-26.586306],[-65.17096,-26.582857],[-65.171898,-26.578427],[-65.17857,-26.575962],[-65.182413,-26.580809],[-65.185916,-26.58325],[-65.191424,-26.580739],[-65.192099,-26.567092],[-65.189546,-26.558703],[-65.191986,-26.551084],[-65.191968,-26.537435],[-65.210602,-26.530036],[-65.213378,-26.526409],[-65.217403,-26.521648],[-65.221037,-26.523495],[-65.221173,-26.52472],[-65.220409,-26.526185],[-65.216749,-26.528266],[-65.216098,-26.53063],[-65.216604,-26.533748],[-65.215502,-26.5364],[-65.215232,-26.538675],[-65.216719,-26.541925],[-65.219248,-26.544163],[-65.221343,-26.543219],[-65.223046,-26.543924],[-65.22328,-26.545333],[-65.221352,-26.548858],[-65.221881,-26.550975],[-65.224192,-26.552221],[-65.225684,-26.554189],[-65.22762,-26.555956],[-65.228365,-26.559225],[-65.225718,-26.561749],[-65.224125,-26.56437],[-65.222524,-26.565213],[-65.222677,-26.568383],[-65.222016,-26.568727],[-65.222377,-26.571288],[-65.223465,-26.573136],[-65.223426,-26.574469],[-65.228479,-26.576426],[-65.229213,-26.578791],[-65.231553,-26.576962],[-65.233231,-26.577554],[-65.233958,-26.579404],[-65.233898,-26.581816],[-65.231827,-26.581476],[-65.230952,-26.583521],[-65.231863,-26.584514],[-65.231257,-26.586735],[-65.232439,-26.587384],[-65.231522,-26.590439],[-65.229261,-26.590334],[-65.228224,-26.591687],[-65.228812,-26.593541],[-65.227816,-26.593078],[-65.227172,-26.595301],[-65.22621,-26.596476],[-65.225699,-26.597392],[-65.226905,-26.597905],[-65.224547,-26.598557],[-65.225731,-26.599391],[-65.224962,-26.599961],[-65.22631,-26.60118],[-65.228747,-26.601437],[-65.22972,-26.602077],[-65.23124,-26.600792],[-65.232145,-26.598992],[-65.237632,-26.597367],[-65.239241,-26.599059],[-65.241393,-26.602483],[-65.243972,-26.603346],[-65.244844,-26.603179],[-65.245064,-26.604952],[-65.247586,-26.606425],[-65.250126,-26.606846],[-65.252508,-26.609018],[-65.253554,-26.608682],[-65.255071,-26.609439],[-65.256404,-26.608945],[-65.257128,-26.609638],[-65.259268,-26.609094],[-65.260364,-26.610209],[-65.261953,-26.610768],[-65.264093,-26.610215],[-65.269451,-26.607612],[-65.274601,-26.607606],[-65.276368,-26.604562],[-65.2784,-26.603016],[-65.279301,-26.603667],[-65.279505,-26.612082],[-65.279104,-26.613945],[-65.277778,-26.615715],[-65.272952,-26.619789],[-65.272088,-26.621304],[-65.272528,-26.629078],[-65.273328,-26.631943],[-65.27248,-26.641775],[-65.270951,-26.64329],[-65.267578,-26.644618],[-65.266136,-26.644684],[-65.26336,-26.643873],[-65.260563,-26.644315],[-65.258008,-26.645685],[-65.255848,-26.647721],[-65.253178,-26.651924],[-65.25262,-26.659939]]]}},{"type":"Feature","properties":{"name":"COMISARIA EL COLMENAR","regional":"URN","color":"#4CAF50"},"geometry":{"type":"Polygon","coordinates":[[[-65.161303,-26.788769],[-65.161195,-26.788044],[-65.160453,-26.786668],[-65.159627,-26.785923],[-65.159154,-26.785094],[-65.158634,-26.783672],[-65.15931,-26.782556],[-65.159626,-26.781563],[-65.159568,-26.781291],[-65.159176,-26.78063],[-65.159378,-26.779892],[-65.159763,-26.77917],[-65.160145,-26.778819],[-65.160268,-26.778254],[-65.160954,-26.77684],[-65.160725,-26.77604],[-65.161006,-26.775584],[-65.161534,-26.775569],[-65.16178,-26.775914],[-65.162325,-26.775506],[-65.161815,-26.773574],[-65.161719,-26.772737],[-65.161798,-26.772397],[-65.161482,-26.772175],[-65.161077,-26.771565],[-65.16074,-26.771289],[-65.159412,-26.771368],[-65.159123,-26.771273],[-65.158911,-26.771],[-65.158662,-26.770174],[-65.158854,-26.769402],[-65.160653,-26.76675],[-65.161664,-26.766248],[-65.161933,-26.766256],[-65.162141,-26.766059],[-65.162187,-26.765477],[-65.1621,-26.765037],[-65.1624,-26.764556],[-65.16278,-26.763592],[-65.162701,-26.763096],[-65.162009,-26.762411],[-65.161713,-26.762031],[-65.161266,-26.761687],[-65.160369,-26.760506],[-65.159779,-26.759461],[-65.158768,-26.758841],[-65.1581,-26.757804],[-65.157814,-26.756901],[-65.157726,-26.756195],[-65.157814,-26.755567],[-65.157832,-26.754781],[-65.15748,-26.753839],[-65.157076,-26.753337],[-65.157093,-26.752913],[-65.156777,-26.751636],[-65.156425,-26.750961],[-65.155528,-26.750616],[-65.154864,-26.750602],[-65.154883,-26.750369],[-65.155488,-26.746892],[-65.155621,-26.745717],[-65.155198,-26.745107],[-65.154895,-26.744286],[-65.155372,-26.742025],[-65.15571,-26.741148],[-65.156246,-26.739566],[-65.156532,-26.738488],[-65.15655,-26.736705],[-65.156415,-26.736213],[-65.156472,-26.735897],[-65.157111,-26.735208],[-65.157216,-26.734956],[-65.157181,-26.734407],[-65.156821,-26.733871],[-65.156864,-26.733717],[-65.156354,-26.732569],[-65.155949,-26.731501],[-65.155192,-26.73128],[-65.155153,-26.73092],[-65.155261,-26.730388],[-65.155855,-26.729302],[-65.156161,-26.728994],[-65.156225,-26.728673],[-65.156091,-26.728273],[-65.154844,-26.727092],[-65.154767,-26.726342],[-65.15504,-26.725743],[-65.155402,-26.7253],[-65.155984,-26.724839],[-65.156864,-26.724336],[-65.157278,-26.724283],[-65.157832,-26.724361],[-65.158606,-26.724613],[-65.159678,-26.72466],[-65.160171,-26.72455],[-65.160998,-26.724204],[-65.161437,-26.723552],[-65.161578,-26.722123],[-65.161736,-26.721762],[-65.162272,-26.721223],[-65.162485,-26.720733],[-65.162427,-26.71988],[-65.161944,-26.718666],[-65.16234,-26.7186],[-65.165424,-26.718248],[-65.16667,-26.718327],[-65.167106,-26.718272],[-65.167338,-26.718493],[-65.168458,-26.718978],[-65.170281,-26.720362],[-65.171824,-26.721644],[-65.172284,-26.722075],[-65.173062,-26.72331],[-65.173385,-26.724423],[-65.174097,-26.728137],[-65.174416,-26.729879],[-65.175122,-26.734149],[-65.175877,-26.738334],[-65.176129,-26.739892],[-65.175601,-26.744019],[-65.175477,-26.744172],[-65.175239,-26.746697],[-65.175361,-26.747507],[-65.175646,-26.748815],[-65.17603,-26.750353],[-65.17684,-26.753928],[-65.178198,-26.759542],[-65.179512,-26.764695],[-65.180111,-26.766935],[-65.18621,-26.765166],[-65.188639,-26.767671],[-65.188972,-26.767976],[-65.189403,-26.768708],[-65.192928,-26.767865],[-65.194644,-26.774868],[-65.194552,-26.774896],[-65.194763,-26.775745],[-65.194713,-26.775956],[-65.195022,-26.776927],[-65.195548,-26.779099],[-65.195876,-26.779683],[-65.196627,-26.782616],[-65.197062,-26.784189],[-65.197544,-26.784337],[-65.198929,-26.784637],[-65.200918,-26.785109],[-65.202468,-26.785356],[-65.20428,-26.785326],[-65.206731,-26.784902],[-65.208442,-26.784738],[-65.20797,-26.785776],[-65.207539,-26.78649],[-65.207518,-26.787151],[-65.206886,-26.789512],[-65.205944,-26.791668],[-65.20341,-26.791889],[-65.200578,-26.792054],[-65.199418,-26.79218],[-65.198626,-26.792219],[-65.197334,-26.792784],[-65.196102,-26.793467],[-65.194845,-26.793844],[-65.193297,-26.794252],[-65.191327,-26.794676],[-65.18927,-26.795147],[-65.187493,-26.795398],[-65.186262,-26.795351],[-65.185383,-26.794943],[-65.184503,-26.794142],[-65.183655,-26.792792],[-65.183074,-26.792337],[-65.182564,-26.792164],[-65.181826,-26.792054],[-65.181298,-26.792211],[-65.180225,-26.792808],[-65.179662,-26.793043],[-65.179135,-26.793138],[-65.178027,-26.792933],[-65.174747,-26.790233],[-65.174254,-26.789888],[-65.17348,-26.789542],[-65.171581,-26.789181],[-65.170315,-26.78926],[-65.16878,-26.789684],[-65.168112,-26.789778],[-65.167654,-26.790233],[-65.167268,-26.790374],[-65.166353,-26.791222],[-65.165122,-26.792761],[-65.164489,-26.793326],[-65.163943,-26.794127],[-65.163486,-26.795241],[-65.162079,-26.796309],[-65.162202,-26.794912],[-65.16215,-26.794142],[-65.162044,-26.79386],[-65.16215,-26.792682],[-65.161921,-26.792117],[-65.161516,-26.791536],[-65.161165,-26.790437],[-65.161303,-26.788769]]]}},{"type":"Feature","properties":{"name":"COMISARIA LAS TALITAS","regional":"URN","color":"#4CAF50"},"geometry":{"type":"Polygon","coordinates":[[[-65.176879,-26.753799],[-65.176663,-26.752904],[-65.176142,-26.750753],[-65.175662,-26.748875],[-65.175461,-26.748019],[-65.175312,-26.747157],[-65.175251,-26.746767],[-65.175267,-26.746285],[-65.175374,-26.745314],[-65.17549,-26.744185],[-65.175603,-26.744036],[-65.17574,-26.743076],[-65.175844,-26.742157],[-65.17595,-26.741296],[-65.176134,-26.739912],[-65.175514,-26.736385],[-65.175335,-26.735363],[-65.175123,-26.734088],[-65.174884,-26.732557],[-65.175773,-26.733066],[-65.176633,-26.733416],[-65.176963,-26.733525],[-65.177537,-26.733546],[-65.178476,-26.733491],[-65.17961,-26.733365],[-65.181122,-26.733133],[-65.181893,-26.732912],[-65.182247,-26.732797],[-65.182661,-26.732677],[-65.183333,-26.732358],[-65.183693,-26.73201],[-65.18398,-26.731709],[-65.184128,-26.731558],[-65.184349,-26.731427],[-65.18456,-26.731445],[-65.18478,-26.731523],[-65.185221,-26.731679],[-65.186083,-26.731974],[-65.18911,-26.732967],[-65.189327,-26.733031],[-65.189666,-26.733015],[-65.189879,-26.732947],[-65.190115,-26.732847],[-65.190553,-26.732573],[-65.190948,-26.732337],[-65.191152,-26.732209],[-65.191321,-26.732044],[-65.191627,-26.73149],[-65.191773,-26.731202],[-65.191871,-26.731053],[-65.191935,-26.731],[-65.192,-26.730954],[-65.193576,-26.730682],[-65.194875,-26.73046],[-65.195745,-26.73036],[-65.196599,-26.730256],[-65.197233,-26.730187],[-65.197927,-26.730158],[-65.199091,-26.730139],[-65.200189,-26.730098],[-65.201228,-26.730083],[-65.201716,-26.730075],[-65.202232,-26.730049],[-65.202345,-26.730188],[-65.202479,-26.731388],[-65.202541,-26.7314],[-65.202474,-26.731563],[-65.202479,-26.73283],[-65.202423,-26.733799],[-65.202459,-26.734713],[-65.202444,-26.734943],[-65.202471,-26.73504],[-65.202507,-26.735225],[-65.202463,-26.735815],[-65.202419,-26.735956],[-65.202489,-26.736524],[-65.202611,-26.737677],[-65.202746,-26.738705],[-65.202937,-26.740083],[-65.203006,-26.740812],[-65.203305,-26.741907],[-65.20349,-26.742576],[-65.203686,-26.743315],[-65.205756,-26.74303],[-65.209867,-26.742446],[-65.211373,-26.742235],[-65.212149,-26.742122],[-65.212384,-26.742115],[-65.214024,-26.741869],[-65.214897,-26.74574],[-65.214946,-26.745734],[-65.21513,-26.746598],[-65.215238,-26.747105],[-65.215321,-26.747605],[-65.215341,-26.747819],[-65.215494,-26.748338],[-65.215589,-26.748741],[-65.215654,-26.748985],[-65.215558,-26.749263],[-65.215056,-26.749365],[-65.214341,-26.749518],[-65.213816,-26.749634],[-65.213158,-26.74978],[-65.212293,-26.749968],[-65.211708,-26.750092],[-65.211224,-26.750198],[-65.210546,-26.750347],[-65.209728,-26.750523],[-65.20899,-26.750653],[-65.208133,-26.750802],[-65.206852,-26.750901],[-65.205779,-26.750974],[-65.206295,-26.75297],[-65.206394,-26.753376],[-65.206534,-26.753906],[-65.206738,-26.754689],[-65.206845,-26.755143],[-65.206983,-26.755701],[-65.207094,-26.756108],[-65.207185,-26.75646],[-65.207268,-26.756781],[-65.207326,-26.756993],[-65.20739,-26.757265],[-65.207456,-26.757546],[-65.20761,-26.758153],[-65.207717,-26.758591],[-65.207825,-26.758971],[-65.207929,-26.759394],[-65.208085,-26.759994],[-65.208217,-26.760475],[-65.208312,-26.760886],[-65.208444,-26.76146],[-65.208612,-26.762085],[-65.208801,-26.762887],[-65.208844,-26.763203],[-65.209185,-26.764916],[-65.207395,-26.765259],[-65.205617,-26.765597],[-65.203822,-26.765956],[-65.203865,-26.766138],[-65.203832,-26.766182],[-65.20233,-26.766462],[-65.202062,-26.766514],[-65.201836,-26.766555],[-65.200454,-26.766814],[-65.200192,-26.766862],[-65.198813,-26.767154],[-65.19856,-26.767209],[-65.197204,-26.767473],[-65.196923,-26.767527],[-65.196486,-26.767612],[-65.196353,-26.767062],[-65.195575,-26.767244],[-65.194543,-26.767482],[-65.193465,-26.76774],[-65.19243,-26.767989],[-65.191419,-26.76823],[-65.190408,-26.768471],[-65.189409,-26.768712],[-65.189351,-26.768585],[-65.189301,-26.768472],[-65.189236,-26.768339],[-65.189137,-26.768248],[-65.189047,-26.768107],[-65.188991,-26.768003],[-65.188945,-26.767949],[-65.188822,-26.767846],[-65.188577,-26.767617],[-65.188411,-26.767428],[-65.188185,-26.767172],[-65.188036,-26.767032],[-65.187711,-26.766706],[-65.187532,-26.766507],[-65.187197,-26.766172],[-65.187082,-26.766052],[-65.186227,-26.765182],[-65.186215,-26.765171],[-65.185986,-26.765237],[-65.180111,-26.766924],[-65.17975,-26.765573],[-65.179444,-26.764434],[-65.179001,-26.762697],[-65.178355,-26.760144],[-65.178207,-26.759577],[-65.17818,-26.759414],[-65.177215,-26.755455],[-65.17699,-26.754516],[-65.176837,-26.753936],[-65.176879,-26.753799]]]}},{"type":"Feature","properties":{"name":"COMISARIA LOS NOGALES","regional":"URN","color":"#4CAF50"},"geometry":{"type":"Polygon","coordinates":[[[-65.217459,-26.74871],[-65.215669,-26.749006],[-65.215346,-26.747831],[-65.214953,-26.745735],[-65.214896,-26.745735],[-65.214029,-26.741867],[-65.212128,-26.742122],[-65.205063,-26.743125],[-65.203689,-26.743303],[-65.203016,-26.740816],[-65.202416,-26.735953],[-65.202509,-26.735231],[-65.202438,-26.734927],[-65.202476,-26.731396],[-65.20235,-26.730178],[-65.20224,-26.730052],[-65.197694,-26.730163],[-65.196552,-26.73026],[-65.194392,-26.730543],[-65.192003,-26.730951],[-65.191353,-26.732005],[-65.191161,-26.732201],[-65.190113,-26.732859],[-65.18934,-26.733033],[-65.186813,-26.732223],[-65.184549,-26.731438],[-65.184128,-26.731552],[-65.183319,-26.732369],[-65.182546,-26.732711],[-65.181157,-26.733128],[-65.179655,-26.733355],[-65.178061,-26.73353],[-65.176952,-26.733515],[-65.175656,-26.732995],[-65.174892,-26.732548],[-65.173961,-26.727372],[-65.173475,-26.724867],[-65.173035,-26.723272],[-65.172211,-26.722003],[-65.170505,-26.720556],[-65.168468,-26.718978],[-65.167339,-26.718494],[-65.167107,-26.718285],[-65.166675,-26.718329],[-65.165523,-26.718253],[-65.162344,-26.718599],[-65.161946,-26.718671],[-65.161981,-26.717862],[-65.16239,-26.716935],[-65.162254,-26.716248],[-65.161344,-26.715692],[-65.160763,-26.715257],[-65.160244,-26.714593],[-65.160148,-26.713895],[-65.160271,-26.713106],[-65.161152,-26.712675],[-65.161689,-26.712096],[-65.161927,-26.711548],[-65.161978,-26.710985],[-65.16217,-26.710275],[-65.162333,-26.709294],[-65.162271,-26.708883],[-65.161935,-26.708419],[-65.161913,-26.708066],[-65.162056,-26.707184],[-65.162253,-26.706474],[-65.162479,-26.706063],[-65.162536,-26.70539],[-65.162187,-26.704513],[-65.161871,-26.704127],[-65.161448,-26.703921],[-65.161509,-26.703225],[-65.162351,-26.702777],[-65.16243,-26.70186],[-65.162555,-26.701512],[-65.162046,-26.700954],[-65.161898,-26.700256],[-65.162025,-26.699751],[-65.162833,-26.698815],[-65.163571,-26.69871],[-65.163876,-26.698867],[-65.164296,-26.698842],[-65.16476,-26.698303],[-65.165622,-26.698074],[-65.16628,-26.697518],[-65.166716,-26.696907],[-65.166667,-26.696699],[-65.166953,-26.696087],[-65.167094,-26.696088],[-65.167573,-26.695125],[-65.167666,-26.694711],[-65.168457,-26.693822],[-65.169427,-26.692979],[-65.169992,-26.692694],[-65.171042,-26.691987],[-65.17194,-26.691478],[-65.172315,-26.691056],[-65.173093,-26.690464],[-65.173649,-26.689944],[-65.174576,-26.689553],[-65.17527,-26.688644],[-65.178051,-26.687705],[-65.18432,-26.686461],[-65.189497,-26.685493],[-65.190744,-26.685092],[-65.197078,-26.68326],[-65.206461,-26.68104],[-65.208022,-26.688276],[-65.212171,-26.688594],[-65.21343,-26.688636],[-65.218133,-26.688966],[-65.218915,-26.689148],[-65.218939,-26.688993],[-65.217847,-26.688044],[-65.217532,-26.687645],[-65.216624,-26.685049],[-65.215407,-26.682744],[-65.215114,-26.682277],[-65.214258,-26.681311],[-65.214242,-26.681048],[-65.214915,-26.67958],[-65.215103,-26.678484],[-65.21545,-26.677888],[-65.215391,-26.677011],[-65.216651,-26.675138],[-65.217944,-26.673279],[-65.219489,-26.670916],[-65.222865,-26.687163],[-65.224644,-26.687203],[-65.224652,-26.689007],[-65.226143,-26.68897],[-65.225982,-26.689918],[-65.22656,-26.689849],[-65.22956,-26.689296],[-65.229965,-26.688531],[-65.229327,-26.688249],[-65.227692,-26.679685],[-65.233581,-26.678782],[-65.233578,-26.678641],[-65.235376,-26.678803],[-65.236028,-26.679952],[-65.236516,-26.68012],[-65.237097,-26.680516],[-65.237955,-26.680859],[-65.241112,-26.681285],[-65.243254,-26.681764],[-65.243811,-26.682315],[-65.24527,-26.682558],[-65.246339,-26.679206],[-65.249908,-26.679348],[-65.246894,-26.689557],[-65.24669,-26.690868],[-65.246816,-26.692069],[-65.24803,-26.696146],[-65.248522,-26.697994],[-65.248471,-26.70436],[-65.248346,-26.705287],[-65.248138,-26.705926],[-65.247559,-26.707002],[-65.246206,-26.709138],[-65.245744,-26.710621],[-65.245789,-26.711735],[-65.246057,-26.712666],[-65.246624,-26.713604],[-65.246943,-26.714347],[-65.247234,-26.715718],[-65.247784,-26.71919],[-65.248007,-26.720021],[-65.24877,-26.721822],[-65.24626,-26.722254],[-65.246341,-26.723553],[-65.246526,-26.723691],[-65.247146,-26.726241],[-65.248414,-26.726017],[-65.249041,-26.728376],[-65.250024,-26.728162],[-65.250268,-26.729087],[-65.249925,-26.729846],[-65.249148,-26.730732],[-65.247613,-26.731633],[-65.246444,-26.733447],[-65.246245,-26.734214],[-65.244936,-26.735308],[-65.242872,-26.73643],[-65.241255,-26.737709],[-65.240072,-26.738352],[-65.239008,-26.739031],[-65.238327,-26.739277],[-65.238233,-26.739527],[-65.237518,-26.740245],[-65.237014,-26.741277],[-65.23681,-26.742157],[-65.236379,-26.743267],[-65.235801,-26.744105],[-65.235728,-26.74441],[-65.235813,-26.745041],[-65.22717,-26.746715],[-65.222257,-26.747685],[-65.219791,-26.748194],[-65.217748,-26.748499],[-65.217459,-26.74871]]]}},{"type":"Feature","properties":{"name":"COMISARIA VILLA MARIANO MORENO","regional":"URN","color":"#4CAF50"},"geometry":{"type":"Polygon","coordinates":[[[-65.208785,-26.784679],[-65.208624,-26.784721],[-65.20836,-26.78475],[-65.208036,-26.784767],[-65.207605,-26.784832],[-65.206748,-26.784901],[-65.205331,-26.785166],[-65.205018,-26.785198],[-65.204792,-26.785258],[-65.20439,-26.785334],[-65.203962,-26.785361],[-65.20349,-26.785395],[-65.202809,-26.785387],[-65.202232,-26.785301],[-65.201765,-26.785221],[-65.20142,-26.785166],[-65.201057,-26.785093],[-65.200658,-26.785019],[-65.200242,-26.784929],[-65.199142,-26.78464],[-65.198291,-26.784445],[-65.197058,-26.784194],[-65.196902,-26.783621],[-65.196816,-26.783251],[-65.196759,-26.783112],[-65.196624,-26.78261],[-65.196486,-26.78206],[-65.196314,-26.781393],[-65.196096,-26.78056],[-65.19588,-26.779693],[-65.195781,-26.77957],[-65.195686,-26.77923],[-65.195549,-26.779103],[-65.195472,-26.778794],[-65.195426,-26.778603],[-65.195312,-26.778143],[-65.195235,-26.777833],[-65.195197,-26.777688],[-65.195117,-26.777375],[-65.195089,-26.77719],[-65.195032,-26.776953],[-65.194951,-26.776757],[-65.194828,-26.776361],[-65.194714,-26.775959],[-65.194775,-26.775758],[-65.194695,-26.775474],[-65.194655,-26.775289],[-65.19459,-26.775043],[-65.194553,-26.774901],[-65.194646,-26.774875],[-65.194633,-26.774813],[-65.192928,-26.767871],[-65.19446,-26.767502],[-65.195458,-26.767272],[-65.196354,-26.767064],[-65.196486,-26.767612],[-65.197056,-26.767503],[-65.197553,-26.767405],[-65.197874,-26.767343],[-65.198692,-26.76718],[-65.199423,-26.767025],[-65.199814,-26.766943],[-65.200076,-26.766888],[-65.200343,-26.766835],[-65.200805,-26.766749],[-65.201295,-26.766657],[-65.201764,-26.766568],[-65.20218,-26.76649],[-65.202559,-26.76642],[-65.202952,-26.766347],[-65.203271,-26.766288],[-65.203832,-26.766184],[-65.203848,-26.766162],[-65.203867,-26.766138],[-65.203822,-26.765956],[-65.205616,-26.765598],[-65.207398,-26.76526],[-65.209185,-26.764916],[-65.20884,-26.763168],[-65.208811,-26.762915],[-65.208751,-26.762612],[-65.205791,-26.75096],[-65.207316,-26.750862],[-65.208096,-26.75081],[-65.20881,-26.750682],[-65.211288,-26.750177],[-65.214791,-26.749425],[-65.215569,-26.749259],[-65.215657,-26.748991],[-65.215678,-26.749004],[-65.215716,-26.749014],[-65.215828,-26.749011],[-65.216357,-26.748907],[-65.216973,-26.748794],[-65.217258,-26.748744],[-65.217486,-26.748702],[-65.217639,-26.748663],[-65.218158,-26.748585],[-65.218521,-26.748508],[-65.218476,-26.748947],[-65.21845,-26.749257],[-65.218074,-26.754298],[-65.218009,-26.755569],[-65.21793,-26.756851],[-65.217851,-26.758241],[-65.217765,-26.760137],[-65.2177,-26.761068],[-65.217642,-26.762341],[-65.217578,-26.763381],[-65.21752,-26.763974],[-65.217391,-26.764924],[-65.217103,-26.766092],[-65.216816,-26.766955],[-65.216399,-26.768065],[-65.215997,-26.769138],[-65.215587,-26.770192],[-65.215214,-26.771135],[-65.214989,-26.771718],[-65.214752,-26.772287],[-65.214349,-26.773162],[-65.213668,-26.774645],[-65.213194,-26.775616],[-65.212691,-26.776624],[-65.212412,-26.777223],[-65.212164,-26.777705],[-65.211939,-26.778184],[-65.211265,-26.77955],[-65.210512,-26.781082],[-65.210034,-26.782055],[-65.209179,-26.783872],[-65.208785,-26.784679]]]}},{"type":"Feature","properties":{"name":"COMISARIA VILLA OBRERA","regional":"URN","color":"#4CAF50"},"geometry":{"type":"Polygon","coordinates":[[[-65.235873,-26.745245],[-65.235825,-26.745019],[-65.235793,-26.74485],[-65.235734,-26.744421],[-65.235802,-26.744118],[-65.236044,-26.743727],[-65.236275,-26.74343],[-65.236443,-26.74316],[-65.236655,-26.742614],[-65.236812,-26.742154],[-65.236865,-26.741881],[-65.237028,-26.741328],[-65.23727,-26.74082],[-65.237868,-26.74],[-65.23824,-26.73972],[-65.238703,-26.739157],[-65.239207,-26.738952],[-65.239471,-26.738775],[-65.240847,-26.738021],[-65.242861,-26.736521],[-65.245079,-26.735292],[-65.246267,-26.734213],[-65.246444,-26.73375],[-65.246503,-26.733417],[-65.246694,-26.733127],[-65.247099,-26.732551],[-65.247413,-26.731943],[-65.247667,-26.731628],[-65.247998,-26.731449],[-65.248238,-26.731239],[-65.248744,-26.731054],[-65.249127,-26.730803],[-65.249549,-26.730333],[-65.249913,-26.729901],[-65.250136,-26.729393],[-65.250267,-26.729091],[-65.250029,-26.728162],[-65.24958,-26.728255],[-65.249049,-26.728369],[-65.248419,-26.726016],[-65.247147,-26.726241],[-65.246953,-26.725419],[-65.246533,-26.723701],[-65.246336,-26.723561],[-65.246305,-26.722927],[-65.246262,-26.722262],[-65.24773,-26.722003],[-65.248153,-26.72194],[-65.248388,-26.721919],[-65.248521,-26.721949],[-65.248864,-26.722126],[-65.249028,-26.722071],[-65.249113,-26.722253],[-65.249364,-26.722849],[-65.249729,-26.723588],[-65.250021,-26.724248],[-65.250513,-26.725317],[-65.250682,-26.725715],[-65.250887,-26.72616],[-65.25104,-26.726553],[-65.251387,-26.727317],[-65.25152,-26.727579],[-65.251643,-26.727828],[-65.2517,-26.727954],[-65.251771,-26.728141],[-65.251869,-26.728356],[-65.252017,-26.728773],[-65.252232,-26.729232],[-65.252419,-26.729757],[-65.252618,-26.730202],[-65.252798,-26.730646],[-65.253131,-26.731348],[-65.2533,-26.7317],[-65.253846,-26.732984],[-65.254184,-26.733729],[-65.254406,-26.73408],[-65.254574,-26.734507],[-65.254682,-26.73482],[-65.254763,-26.735054],[-65.255062,-26.736308],[-65.255225,-26.736892],[-65.255754,-26.739021],[-65.255993,-26.739942],[-65.256662,-26.742646],[-65.257065,-26.744246],[-65.257364,-26.745364],[-65.257815,-26.747254],[-65.257828,-26.747299],[-65.257687,-26.747327],[-65.257486,-26.747369],[-65.257365,-26.747416],[-65.25721,-26.747472],[-65.257178,-26.747496],[-65.257178,-26.74761],[-65.257179,-26.747661],[-65.257224,-26.747744],[-65.25727,-26.747829],[-65.257332,-26.747919],[-65.257401,-26.748022],[-65.257438,-26.748109],[-65.257468,-26.748173],[-65.257487,-26.748221],[-65.257468,-26.748299],[-65.257443,-26.748347],[-65.257401,-26.74838],[-65.257306,-26.748397],[-65.257187,-26.748407],[-65.257106,-26.748423],[-65.25706,-26.748444],[-65.257017,-26.748469],[-65.256975,-26.748529],[-65.256923,-26.748582],[-65.256872,-26.748622],[-65.256787,-26.748628],[-65.256677,-26.748547],[-65.256574,-26.74846],[-65.256495,-26.748388],[-65.256403,-26.748305],[-65.256362,-26.748286],[-65.256265,-26.748299],[-65.256103,-26.748314],[-65.255964,-26.748324],[-65.255844,-26.748339],[-65.25539,-26.748486],[-65.255244,-26.748555],[-65.255134,-26.748621],[-65.255023,-26.74867],[-65.254889,-26.748734],[-65.254752,-26.74879],[-65.254675,-26.748821],[-65.254659,-26.748835],[-65.25468,-26.748879],[-65.254725,-26.748959],[-65.254745,-26.749016],[-65.254769,-26.749079],[-65.254794,-26.749138],[-65.254788,-26.749182],[-65.254705,-26.749235],[-65.254608,-26.749299],[-65.254517,-26.74936],[-65.254449,-26.749413],[-65.254309,-26.749524],[-65.254223,-26.749632],[-65.254134,-26.749734],[-65.254078,-26.74979],[-65.254008,-26.749853],[-65.253944,-26.749904],[-65.253887,-26.749955],[-65.253859,-26.749971],[-65.253702,-26.749995],[-65.253588,-26.750007],[-65.252928,-26.750108],[-65.252781,-26.750135],[-65.252619,-26.750173],[-65.252138,-26.750268],[-65.251793,-26.750347],[-65.251441,-26.750427],[-65.250382,-26.75066],[-65.249819,-26.750782],[-65.249536,-26.750841],[-65.249287,-26.75088],[-65.248732,-26.750949],[-65.248286,-26.751],[-65.247761,-26.751061],[-65.247476,-26.751112],[-65.247105,-26.75118],[-65.246308,-26.751326],[-65.245857,-26.75141],[-65.244719,-26.751616],[-65.24329,-26.751882],[-65.24215,-26.752088],[-65.240669,-26.752361],[-65.239567,-26.752564],[-65.238485,-26.752763],[-65.237427,-26.752958],[-65.236292,-26.753165],[-65.235698,-26.753276],[-65.234643,-26.753472],[-65.233761,-26.753626],[-65.232901,-26.749981],[-65.233308,-26.749814],[-65.233488,-26.749801],[-65.233778,-26.7498],[-65.23388,-26.749798],[-65.234057,-26.749385],[-65.233727,-26.747598],[-65.234846,-26.746979],[-65.235162,-26.746728],[-65.235481,-26.746254],[-65.235845,-26.745743],[-65.235873,-26.745245]]]}},{"type":"Feature","properties":{"name":"COMISARIA LOS POCITOS","regional":"URN","color":"#4CAF50"},"geometry":{"type":"Polygon","coordinates":[[[-65.206886,-26.791577],[-65.20622,-26.791649],[-65.20594,-26.791674],[-65.206051,-26.791417],[-65.206136,-26.791228],[-65.206307,-26.790853],[-65.206502,-26.7904],[-65.206894,-26.78949],[-65.207068,-26.788808],[-65.20714,-26.788549],[-65.207194,-26.788328],[-65.207252,-26.788095],[-65.207347,-26.787792],[-65.207432,-26.787485],[-65.207513,-26.787174],[-65.207522,-26.787078],[-65.207534,-26.786934],[-65.207541,-26.786773],[-65.207541,-26.786495],[-65.207634,-26.786291],[-65.207741,-26.786137],[-65.207973,-26.785787],[-65.208032,-26.785626],[-65.208104,-26.785468],[-65.20826,-26.785141],[-65.208445,-26.784742],[-65.208604,-26.78472],[-65.208786,-26.784677],[-65.20901,-26.784179],[-65.209496,-26.783113],[-65.209976,-26.782183],[-65.211335,-26.779396],[-65.212159,-26.777704],[-65.213932,-26.774074],[-65.215557,-26.770356],[-65.215761,-26.769795],[-65.216759,-26.767118],[-65.217013,-26.766388],[-65.217145,-26.76601],[-65.217239,-26.765657],[-65.217354,-26.76511],[-65.217499,-26.764136],[-65.217651,-26.76198],[-65.217716,-26.760873],[-65.217876,-26.757902],[-65.217941,-26.756535],[-65.217967,-26.756129],[-65.218095,-26.753751],[-65.218244,-26.751728],[-65.218414,-26.749678],[-65.218526,-26.748385],[-65.219539,-26.748226],[-65.220167,-26.748117],[-65.222602,-26.747625],[-65.224325,-26.747297],[-65.225653,-26.747028],[-65.227162,-26.746749],[-65.228847,-26.746394],[-65.230569,-26.746061],[-65.231958,-26.74579],[-65.234275,-26.745336],[-65.235841,-26.745053],[-65.235867,-26.74539],[-65.235829,-26.74578],[-65.235471,-26.746266],[-65.235143,-26.746718],[-65.234914,-26.746912],[-65.234624,-26.7471],[-65.233819,-26.747547],[-65.233729,-26.747604],[-65.233859,-26.748301],[-65.234063,-26.749387],[-65.233873,-26.749793],[-65.233295,-26.749814],[-65.232896,-26.749982],[-65.233754,-26.753641],[-65.247771,-26.751069],[-65.236213,-26.763324],[-65.236231,-26.763411],[-65.236157,-26.76356],[-65.23595,-26.763738],[-65.235764,-26.763879],[-65.23514,-26.764531],[-65.234515,-26.765223],[-65.233856,-26.76596],[-65.232877,-26.767049],[-65.232142,-26.767772],[-65.231843,-26.768109],[-65.231406,-26.768597],[-65.230703,-26.769358],[-65.230014,-26.77015],[-65.229253,-26.771061],[-65.228187,-26.772135],[-65.227852,-26.772527],[-65.227126,-26.773259],[-65.226655,-26.773765],[-65.225984,-26.774495],[-65.22492,-26.775663],[-65.224312,-26.776309],[-65.223939,-26.776755],[-65.223413,-26.777301],[-65.222684,-26.778124],[-65.222286,-26.778518],[-65.221921,-26.77895],[-65.221627,-26.779359],[-65.221437,-26.779722],[-65.221113,-26.78004],[-65.220724,-26.78051],[-65.220503,-26.780887],[-65.220377,-26.781092],[-65.220251,-26.78206],[-65.220143,-26.782526],[-65.220114,-26.783077],[-65.220152,-26.783516],[-65.220252,-26.784088],[-65.220348,-26.784597],[-65.220383,-26.784789],[-65.220319,-26.785059],[-65.22001,-26.785277],[-65.219664,-26.785686],[-65.219329,-26.786038],[-65.219237,-26.786139],[-65.21896,-26.786334],[-65.21885,-26.786455],[-65.218782,-26.786506],[-65.218683,-26.786528],[-65.218651,-26.786561],[-65.218609,-26.786593],[-65.218521,-26.786621],[-65.218354,-26.786704],[-65.218103,-26.786796],[-65.21766,-26.786898],[-65.217183,-26.787046],[-65.216752,-26.787248],[-65.216407,-26.78747],[-65.216219,-26.787647],[-65.215983,-26.787925],[-65.215778,-26.788205],[-65.215483,-26.78867],[-65.21523,-26.789136],[-65.214988,-26.789545],[-65.214735,-26.789983],[-65.214441,-26.790392],[-65.214253,-26.790587],[-65.213907,-26.790856],[-65.213281,-26.791142],[-65.21294,-26.791213],[-65.212611,-26.791258],[-65.212027,-26.791292],[-65.211095,-26.791352],[-65.206886,-26.791577]]]}},{"type":"Feature","properties":{"name":"COMISARIA TAFI VIEJO","regional":"URN","color":"#4CAF50"},"geometry":{"type":"Polygon","coordinates":[[[-65.258714,-26.750988],[-65.258252,-26.74944],[-65.255174,-26.73696],[-65.254377,-26.734121],[-65.252913,-26.730879],[-65.248857,-26.721678],[-65.24831,-26.720375],[-65.247847,-26.71861],[-65.247699,-26.717499],[-65.247121,-26.714186],[-65.246492,-26.713101],[-65.246126,-26.712097],[-65.245955,-26.71103],[-65.246142,-26.709624],[-65.248351,-26.706022],[-65.248666,-26.704152],[-65.248601,-26.697756],[-65.246869,-26.691901],[-65.246754,-26.691057],[-65.246906,-26.689902],[-65.249065,-26.682568],[-65.250002,-26.679579],[-65.250771,-26.676433],[-65.250957,-26.675251],[-65.25057,-26.673564],[-65.249779,-26.671938],[-65.249085,-26.670005],[-65.248874,-26.668668],[-65.249131,-26.667539],[-65.249788,-26.665996],[-65.252554,-26.660538],[-65.25295,-26.659115],[-65.253021,-26.655303],[-65.253213,-26.652407],[-65.253127,-26.652034],[-65.253513,-26.65099],[-65.255435,-26.64838],[-65.256987,-26.646582],[-65.258712,-26.645297],[-65.260954,-26.644269],[-65.262621,-26.643807],[-65.265438,-26.644372],[-65.266358,-26.644783],[-65.267737,-26.64468],[-65.26975,-26.643807],[-65.271589,-26.642831],[-65.272624,-26.6417],[-65.272854,-26.640107],[-65.272911,-26.637178],[-65.273141,-26.635945],[-65.273141,-26.63448],[-65.273429,-26.633041],[-65.273659,-26.631243],[-65.272681,-26.629187],[-65.272394,-26.627183],[-65.272107,-26.623226],[-65.272107,-26.621581],[-65.272739,-26.619834],[-65.276361,-26.617161],[-65.27751,-26.616005],[-65.27866,-26.614669],[-65.279408,-26.613332],[-65.279465,-26.611379],[-65.279293,-26.604235],[-65.279436,-26.602847],[-65.280874,-26.602384],[-65.281333,-26.602384],[-65.282282,-26.602821],[-65.282957,-26.602667],[-65.28369,-26.603168],[-65.285889,-26.603901],[-65.286752,-26.603708],[-65.28691,-26.60435],[-65.287513,-26.60408],[-65.288203,-26.604042],[-65.290187,-26.60444],[-65.290862,-26.604851],[-65.292558,-26.605597],[-65.292932,-26.606329],[-65.29332,-26.606509],[-65.293621,-26.606304],[-65.294081,-26.606548],[-65.294362,-26.607209],[-65.295253,-26.607865],[-65.295382,-26.608148],[-65.296704,-26.609086],[-65.297581,-26.610088],[-65.301706,-26.612195],[-65.302446,-26.612436],[-65.304702,-26.612642],[-65.306758,-26.612642],[-65.308741,-26.612115],[-65.31104,-26.611074],[-65.312909,-26.610072],[-65.314698,-26.610611],[-65.314856,-26.610483],[-65.316178,-26.61101],[-65.317328,-26.610689],[-65.31865,-26.61002],[-65.320461,-26.609815],[-65.321065,-26.609673],[-65.322157,-26.610342],[-65.323767,-26.610766],[-65.324564,-26.611434],[-65.325154,-26.611588],[-65.326418,-26.611434],[-65.326921,-26.611151],[-65.327425,-26.611228],[-65.328258,-26.610997],[-65.328732,-26.610586],[-65.329444,-26.610342],[-65.330162,-26.610522],[-65.33068,-26.610329],[-65.331844,-26.611125],[-65.332476,-26.611305],[-65.333597,-26.611922],[-65.33456,-26.612063],[-65.335236,-26.611614],[-65.336199,-26.611395],[-65.336457,-26.612128],[-65.336946,-26.612539],[-65.339188,-26.613593],[-65.338814,-26.614556],[-65.33982,-26.615224],[-65.340395,-26.615443],[-65.340438,-26.616503],[-65.341013,-26.61712],[-65.341732,-26.617274],[-65.341983,-26.617566],[-65.341782,-26.618697],[-65.341523,-26.621241],[-65.341466,-26.622654],[-65.340834,-26.628269],[-65.340834,-26.628962],[-65.341121,-26.631275],[-65.341322,-26.633536],[-65.341725,-26.639054],[-65.341696,-26.640923],[-65.341552,-26.642233],[-65.341552,-26.64321],[-65.341351,-26.644109],[-65.341121,-26.646639],[-65.340776,-26.648463],[-65.34046,-26.649285],[-65.339483,-26.651341],[-65.338103,-26.656292],[-65.337528,-26.658014],[-65.336896,-26.660248],[-65.336723,-26.66186],[-65.336867,-26.662965],[-65.337154,-26.66389],[-65.33793,-26.665611],[-65.338678,-26.667736],[-65.339166,-26.668764],[-65.339368,-26.670202],[-65.339138,-26.671692],[-65.338304,-26.672617],[-65.337815,-26.673329],[-65.336666,-26.674665],[-65.33612,-26.675487],[-65.336177,-26.676899],[-65.337068,-26.677965],[-65.337701,-26.678916],[-65.338132,-26.679789],[-65.338045,-26.681227],[-65.337614,-26.682409],[-65.337011,-26.68323],[-65.335401,-26.684771],[-65.335027,-26.686357],[-65.334912,-26.687539],[-65.335372,-26.689028],[-65.336982,-26.690954],[-65.337988,-26.692746],[-65.338965,-26.693953],[-65.339253,-26.694697],[-65.33954,-26.696058],[-65.340287,-26.698177],[-65.34092,-26.699435],[-65.342098,-26.702234],[-65.342743,-26.705012],[-65.343855,-26.705956],[-65.345461,-26.707781],[-65.347646,-26.712094],[-65.347995,-26.712539],[-65.348681,-26.713019],[-65.350808,-26.714765],[-65.352184,-26.715718],[-65.351728,-26.71687],[-65.352935,-26.718462],[-65.353876,-26.719071],[-65.354545,-26.7199],[-65.355004,-26.720824],[-65.357476,-26.723854],[-65.357649,-26.724264],[-65.358837,-26.724703],[-65.359661,-26.725493],[-65.304585,-26.734919],[-65.305046,-26.737561],[-65.270052,-26.743733],[-65.271052,-26.748874],[-65.258714,-26.750988]]]}},{"type":"Feature","properties":{"name":"COMISARIA LOMAS DE TAFI","regional":"URN","color":"#4CAF50"},"geometry":{"type":"Polygon","coordinates":[[[-65.222321,-26.788693],[-65.221971,-26.788505],[-65.221614,-26.788283],[-65.220543,-26.787515],[-65.220046,-26.78719],[-65.21953,-26.786978],[-65.219052,-26.786847],[-65.218456,-26.786802],[-65.218016,-26.786818],[-65.218543,-26.786632],[-65.218823,-26.786503],[-65.219097,-26.786272],[-65.219611,-26.785773],[-65.220059,-26.785274],[-65.220339,-26.785049],[-65.220392,-26.784855],[-65.220267,-26.784088],[-65.22017,-26.783551],[-65.220139,-26.783013],[-65.220172,-26.782502],[-65.220255,-26.782133],[-65.220318,-26.781597],[-65.220434,-26.781027],[-65.220713,-26.780574],[-65.22091,-26.780308],[-65.22113,-26.780041],[-65.221514,-26.779599],[-65.221822,-26.779131],[-65.222189,-26.778664],[-65.222584,-26.778248],[-65.223623,-26.777117],[-65.224176,-26.776481],[-65.224678,-26.77593],[-65.225058,-26.775528],[-65.225708,-26.774823],[-65.226261,-26.774207],[-65.22714,-26.773275],[-65.228027,-26.77234],[-65.228717,-26.771632],[-65.22976,-26.770484],[-65.230619,-26.769474],[-65.231578,-26.768428],[-65.231968,-26.767998],[-65.232517,-26.767406],[-65.232936,-26.766998],[-65.233602,-26.766242],[-65.233877,-26.765949],[-65.234362,-26.765398],[-65.235058,-26.764626],[-65.235472,-26.764197],[-65.236514,-26.763009],[-65.238647,-26.760742],[-65.240182,-26.759125],[-65.240609,-26.758662],[-65.241851,-26.757354],[-65.242615,-26.756528],[-65.24289,-26.756252],[-65.244202,-26.754859],[-65.245583,-26.7534],[-65.247769,-26.751071],[-65.249457,-26.75087],[-65.250472,-26.750652],[-65.251241,-26.750483],[-65.252174,-26.750271],[-65.253276,-26.750055],[-65.25388,-26.749984],[-65.254161,-26.749736],[-65.254358,-26.749504],[-65.25482,-26.749175],[-65.254787,-26.74903],[-65.254681,-26.748839],[-65.255114,-26.748655],[-65.255367,-26.748513],[-65.255729,-26.74838],[-65.255974,-26.748337],[-65.256367,-26.748302],[-65.256739,-26.748621],[-65.256838,-26.748666],[-65.256961,-26.748583],[-65.257039,-26.748469],[-65.257206,-26.748411],[-65.257466,-26.748396],[-65.257499,-26.748205],[-65.257422,-26.748023],[-65.257265,-26.747791],[-65.257198,-26.747618],[-65.257207,-26.747485],[-65.257473,-26.747379],[-65.257843,-26.747306],[-65.258622,-26.750438],[-65.259028,-26.752033],[-65.259246,-26.752862],[-65.259563,-26.75377],[-65.259945,-26.754549],[-65.26091,-26.756229],[-65.261836,-26.757786],[-65.262579,-26.758994],[-65.263324,-26.760284],[-65.263983,-26.761371],[-65.264346,-26.762003],[-65.264723,-26.762641],[-65.265048,-26.763173],[-65.26534,-26.763682],[-65.265653,-26.764214],[-65.266165,-26.765118],[-65.266653,-26.765902],[-65.267437,-26.767259],[-65.267789,-26.76784],[-65.267959,-26.768276],[-65.268305,-26.768723],[-65.268811,-26.76958],[-65.269293,-26.770409],[-65.26943,-26.770601],[-65.269829,-26.771283],[-65.270081,-26.771738],[-65.270227,-26.771974],[-65.270453,-26.772424],[-65.270612,-26.772804],[-65.27075,-26.773213],[-65.270831,-26.773607],[-65.270888,-26.77404],[-65.27091,-26.774306],[-65.270895,-26.774934],[-65.270834,-26.775303],[-65.270765,-26.775646],[-65.270573,-26.776265],[-65.270386,-26.77671],[-65.270157,-26.777127],[-65.269976,-26.777398],[-65.269687,-26.777772],[-65.269365,-26.778144],[-65.268868,-26.77856],[-65.268449,-26.778873],[-65.268094,-26.779081],[-65.267627,-26.779327],[-65.267026,-26.779575],[-65.26621,-26.779811],[-65.264753,-26.780177],[-65.263693,-26.780481],[-65.262515,-26.780783],[-65.26178,-26.780994],[-65.260761,-26.781266],[-65.259886,-26.781488],[-65.259113,-26.781703],[-65.258166,-26.781952],[-65.257701,-26.78208],[-65.256713,-26.782337],[-65.256344,-26.782442],[-65.255497,-26.782669],[-65.255309,-26.782727],[-65.25473,-26.782873],[-65.254438,-26.782966],[-65.25365,-26.783181],[-65.253378,-26.783249],[-65.252243,-26.783566],[-65.251744,-26.783693],[-65.251576,-26.783752],[-65.250927,-26.783921],[-65.250592,-26.784017],[-65.249805,-26.784224],[-65.249493,-26.783832],[-65.249371,-26.783836],[-65.249032,-26.783933],[-65.248713,-26.784008],[-65.248355,-26.784111],[-65.246659,-26.784559],[-65.246099,-26.784701],[-65.245223,-26.78494],[-65.24275,-26.785581],[-65.242526,-26.785659],[-65.241396,-26.785997],[-65.240889,-26.786128],[-65.240347,-26.786278],[-65.240232,-26.785729],[-65.240017,-26.785342],[-65.239834,-26.785388],[-65.239432,-26.785581],[-65.238729,-26.785694],[-65.237546,-26.785898],[-65.23602,-26.786179],[-65.234954,-26.786366],[-65.234423,-26.786442],[-65.233636,-26.786601],[-65.233417,-26.786666],[-65.233115,-26.786827],[-65.232858,-26.787018],[-65.232571,-26.787179],[-65.232347,-26.787267],[-65.232055,-26.787349],[-65.231393,-26.787477],[-65.230521,-26.787621],[-65.226918,-26.788297],[-65.226631,-26.788329],[-65.226142,-26.78841],[-65.225881,-26.788441],[-65.224714,-26.788673],[-65.224375,-26.78876],[-65.223934,-26.788837],[-65.223402,-26.788867],[-65.222814,-26.788803],[-65.222321,-26.788693]]]}},{"type":"Feature","properties":{"name":"I","regional":"URC","color":"#2196F3"},"geometry":{"type":"Polygon","coordinates":[[[-65.191662,-26.820334],[-65.21534,-26.81602],[-65.219634,-26.832371],[-65.212114,-26.833788],[-65.205791,-26.834857],[-65.201333,-26.836003],[-65.198189,-26.836706],[-65.195734,-26.837278],[-65.191662,-26.820334]]]}},{"type":"Feature","properties":{"name":"I","regional":"URC","color":"#2196F3"},"geometry":{"type":"Polygon","coordinates":[[[-65.195769,-26.837354],[-65.201313,-26.836111],[-65.205786,-26.83495],[-65.211958,-26.833899],[-65.21966,-26.832442],[-65.221409,-26.840438],[-65.218581,-26.840999],[-65.22089,-26.850512],[-65.216135,-26.851502],[-65.216131,-26.851592],[-65.202977,-26.854764],[-65.202562,-26.853268],[-65.201742,-26.850503],[-65.202283,-26.850413],[-65.200639,-26.844867],[-65.197796,-26.845651],[-65.195769,-26.837354]]]}},{"type":"Feature","properties":{"name":"II","regional":"URC","color":"#2196F3"},"geometry":{"type":"Polygon","coordinates":[[[-65.164569,-26.82397],[-65.163664,-26.823971],[-65.163961,-26.823635],[-65.163438,-26.823475],[-65.16345,-26.823103],[-65.163516,-26.822889],[-65.1635,-26.822493],[-65.163314,-26.822221],[-65.162758,-26.821993],[-65.162145,-26.821595],[-65.161961,-26.821255],[-65.161973,-26.820938],[-65.162113,-26.820621],[-65.162219,-26.819946],[-65.162207,-26.819447],[-65.162046,-26.819109],[-65.161614,-26.818413],[-65.161362,-26.817648],[-65.161235,-26.817412],[-65.160731,-26.817083],[-65.160859,-26.816613],[-65.160873,-26.816169],[-65.160769,-26.816003],[-65.160589,-26.815876],[-65.160425,-26.815629],[-65.160251,-26.815461],[-65.16006,-26.815376],[-65.159899,-26.815035],[-65.159838,-26.814382],[-65.160239,-26.813663],[-65.160348,-26.81354],[-65.160453,-26.81333],[-65.160513,-26.813147],[-65.1605,-26.813058],[-65.160574,-26.81295],[-65.160654,-26.812777],[-65.160658,-26.812501],[-65.16067,-26.812463],[-65.160657,-26.812342],[-65.160581,-26.812165],[-65.160536,-26.812132],[-65.160311,-26.811784],[-65.159877,-26.811055],[-65.159864,-26.811057],[-65.159853,-26.811036],[-65.159669,-26.81089],[-65.159595,-26.810856],[-65.159491,-26.810655],[-65.159461,-26.810337],[-65.159548,-26.809897],[-65.159473,-26.809521],[-65.159575,-26.809344],[-65.15965,-26.809184],[-65.159665,-26.809008],[-65.159683,-26.808947],[-65.159815,-26.808682],[-65.159809,-26.808603],[-65.159722,-26.808452],[-65.159687,-26.808357],[-65.159693,-26.808258],[-65.159719,-26.807944],[-65.1599,-26.807594],[-65.15992,-26.807458],[-65.160018,-26.80731],[-65.160001,-26.807],[-65.159943,-26.806785],[-65.159812,-26.806475],[-65.159504,-26.80605],[-65.159337,-26.805911],[-65.159241,-26.805791],[-65.159121,-26.805468],[-65.159092,-26.805414],[-65.159063,-26.80534],[-65.15905,-26.805197],[-65.159064,-26.805108],[-65.159111,-26.804974],[-65.159166,-26.804767],[-65.159261,-26.804615],[-65.159285,-26.804536],[-65.159331,-26.804503],[-65.159364,-26.804425],[-65.159496,-26.804242],[-65.159712,-26.803994],[-65.159786,-26.803903],[-65.15993,-26.803797],[-65.160194,-26.803538],[-65.160505,-26.803189],[-65.160512,-26.803162],[-65.160664,-26.803031],[-65.160927,-26.802694],[-65.161088,-26.802406],[-65.161113,-26.802336],[-65.161169,-26.802242],[-65.161193,-26.802174],[-65.161251,-26.802093],[-65.161298,-26.802011],[-65.161349,-26.80195],[-65.161377,-26.801886],[-65.161418,-26.801832],[-65.161477,-26.801732],[-65.161491,-26.801684],[-65.161528,-26.80162],[-65.161554,-26.801546],[-65.16168,-26.801351],[-65.161717,-26.801215],[-65.161723,-26.801042],[-65.161657,-26.800924],[-65.161607,-26.800874],[-65.161582,-26.800808],[-65.161534,-26.800772],[-65.161496,-26.800647],[-65.161495,-26.800374],[-65.161477,-26.800314],[-65.16146,-26.800124],[-65.161406,-26.800027],[-65.161403,-26.799944],[-65.161379,-26.799856],[-65.161334,-26.799793],[-65.16134,-26.799718],[-65.161451,-26.799571],[-65.161938,-26.798921],[-65.162116,-26.797287],[-65.162082,-26.79633],[-65.162085,-26.7963],[-65.163554,-26.795186],[-65.164272,-26.793591],[-65.16442,-26.793429],[-65.16482,-26.792908],[-65.165435,-26.792501],[-65.165612,-26.792145],[-65.166663,-26.790899],[-65.167007,-26.790722],[-65.167236,-26.790422],[-65.167426,-26.79033],[-65.167841,-26.790029],[-65.167987,-26.789856],[-65.168339,-26.789712],[-65.168515,-26.789767],[-65.169685,-26.789389],[-65.170931,-26.789175],[-65.172138,-26.789214],[-65.173253,-26.789492],[-65.174573,-26.79011],[-65.177915,-26.792829],[-65.178728,-26.793098],[-65.17946,-26.793081],[-65.180054,-26.792902],[-65.180697,-26.792513],[-65.181185,-26.792253],[-65.181803,-26.792125],[-65.182502,-26.792126],[-65.183176,-26.792388],[-65.183697,-26.792901],[-65.184227,-26.793814],[-65.184667,-26.794354],[-65.185338,-26.794918],[-65.186284,-26.795329],[-65.187103,-26.795518],[-65.188153,-26.795475],[-65.190591,-26.805504],[-65.191038,-26.807379],[-65.192588,-26.813889],[-65.194112,-26.820092],[-65.188172,-26.820963],[-65.177989,-26.822794],[-65.17337,-26.823726],[-65.170089,-26.82378],[-65.164569,-26.82397]]]}},{"type":"Feature","properties":{"name":"II","regional":"URC","color":"#2196F3"},"geometry":{"type":"Polygon","coordinates":[[[-65.256729,-26.791829],[-65.259071,-26.798075],[-65.260051,-26.800986],[-65.260825,-26.803712],[-65.26176,-26.806486],[-65.256725,-26.807664],[-65.248232,-26.809409],[-65.238279,-26.811505],[-65.236007,-26.802018],[-65.239782,-26.801447],[-65.240503,-26.801298],[-65.240132,-26.799113],[-65.23955,-26.79929],[-65.239087,-26.797139],[-65.23967,-26.797034],[-65.239204,-26.79463],[-65.238985,-26.794182],[-65.237486,-26.787783],[-65.240621,-26.786854],[-65.240419,-26.786269],[-65.249321,-26.783934],[-65.256729,-26.791829]]]}},{"type":"Feature","properties":{"name":"II","regional":"URC","color":"#2196F3"},"geometry":{"type":"Polygon","coordinates":[[[-65.240373,-26.786296],[-65.240556,-26.786844],[-65.239102,-26.787287],[-65.23744,-26.787748],[-65.238935,-26.794236],[-65.239139,-26.79462],[-65.239621,-26.797013],[-65.239058,-26.797108],[-65.239538,-26.799334],[-65.240102,-26.799216],[-65.240464,-26.801283],[-65.23977,-26.801434],[-65.236001,-26.802002],[-65.235717,-26.8008],[-65.234141,-26.800941],[-65.229067,-26.801866],[-65.229463,-26.803178],[-65.227967,-26.803479],[-65.22646,-26.80382],[-65.226384,-26.803598],[-65.225264,-26.799781],[-65.223493,-26.793156],[-65.222378,-26.789575],[-65.222359,-26.789022],[-65.222263,-26.788645],[-65.222704,-26.788795],[-65.222985,-26.788847],[-65.223512,-26.788887],[-65.223845,-26.788846],[-65.226648,-26.78833],[-65.232164,-26.787319],[-65.232473,-26.787207],[-65.232687,-26.787101],[-65.232829,-26.786991],[-65.23311,-26.786811],[-65.233446,-26.786641],[-65.233809,-26.786547],[-65.23571,-26.786214],[-65.239697,-26.785494],[-65.240085,-26.785342],[-65.240256,-26.785747],[-65.240373,-26.786296]]]}},{"type":"Feature","properties":{"name":"II","regional":"URC","color":"#2196F3"},"geometry":{"type":"Polygon","coordinates":[[[-65.210306,-26.792143],[-65.210828,-26.794539],[-65.210467,-26.795432],[-65.211851,-26.801139],[-65.213831,-26.809506],[-65.215347,-26.815978],[-65.209405,-26.817172],[-65.194177,-26.820083],[-65.192088,-26.81157],[-65.190558,-26.805045],[-65.18846,-26.79652],[-65.188217,-26.795492],[-65.188342,-26.795435],[-65.189471,-26.795172],[-65.192652,-26.79441],[-65.195238,-26.793794],[-65.195642,-26.793677],[-65.196028,-26.793522],[-65.19771,-26.792615],[-65.198142,-26.792424],[-65.198525,-26.79229],[-65.198869,-26.792231],[-65.206072,-26.791733],[-65.210978,-26.791376],[-65.210306,-26.792143]]]}},{"type":"Feature","properties":{"name":"II","regional":"URC","color":"#2196F3"},"geometry":{"type":"Polygon","coordinates":[[[-65.238256,-26.811508],[-65.233857,-26.812394],[-65.230873,-26.813016],[-65.229478,-26.813292],[-65.228979,-26.813216],[-65.215422,-26.81582],[-65.211907,-26.801067],[-65.210545,-26.795401],[-65.210886,-26.794578],[-65.210322,-26.792157],[-65.211013,-26.791391],[-65.212998,-26.791215],[-65.213377,-26.791104],[-65.21379,-26.790898],[-65.214247,-26.790566],[-65.214493,-26.790302],[-65.215674,-26.788318],[-65.215942,-26.787936],[-65.216277,-26.787602],[-65.216611,-26.787365],[-65.217032,-26.78713],[-65.217474,-26.786973],[-65.217994,-26.78686],[-65.218271,-26.786739],[-65.218316,-26.786816],[-65.218932,-26.78686],[-65.218971,-26.786835],[-65.219475,-26.786948],[-65.219843,-26.787097],[-65.220098,-26.787232],[-65.221748,-26.788423],[-65.222194,-26.788622],[-65.222314,-26.789045],[-65.222328,-26.789549],[-65.223495,-26.793298],[-65.224642,-26.79755],[-65.22522,-26.799679],[-65.225647,-26.801168],[-65.226001,-26.802393],[-65.226424,-26.803841],[-65.227972,-26.80351],[-65.229494,-26.803193],[-65.229107,-26.801895],[-65.234174,-26.800971],[-65.235296,-26.800859],[-65.235679,-26.80085],[-65.235942,-26.802029],[-65.238256,-26.811508]]]}},{"type":"Feature","properties":{"name":"III","regional":"URC","color":"#2196F3"},"geometry":{"type":"Polygon","coordinates":[[[-65.186022,-26.821463],[-65.188028,-26.821101],[-65.191571,-26.820571],[-65.195375,-26.837033],[-65.197642,-26.845714],[-65.193176,-26.847016],[-65.191498,-26.847527],[-65.189257,-26.848159],[-65.185349,-26.849294],[-65.184776,-26.849443],[-65.184349,-26.849508],[-65.18315,-26.849898],[-65.182806,-26.850084],[-65.180422,-26.851103],[-65.180203,-26.85067],[-65.179984,-26.850266],[-65.179781,-26.849917],[-65.179718,-26.849624],[-65.179625,-26.849429],[-65.179609,-26.84915],[-65.17964,-26.848899],[-65.179632,-26.848608],[-65.17932,-26.847381],[-65.178437,-26.846537],[-65.178186,-26.846014],[-65.177835,-26.845637],[-65.177155,-26.845512],[-65.176873,-26.845198],[-65.176764,-26.844696],[-65.176725,-26.844138],[-65.176678,-26.843691],[-65.176389,-26.843377],[-65.176326,-26.842799],[-65.176475,-26.842464],[-65.176693,-26.84199],[-65.176561,-26.841292],[-65.176295,-26.840727],[-65.175779,-26.840288],[-65.174708,-26.839667],[-65.17445,-26.839402],[-65.174223,-26.839053],[-65.174075,-26.838656],[-65.17409,-26.838384],[-65.17402,-26.837972],[-65.17359,-26.837365],[-65.173551,-26.837024],[-65.17327,-26.836445],[-65.172996,-26.836103],[-65.172855,-26.835963],[-65.172855,-26.835782],[-65.172879,-26.835545],[-65.172777,-26.83505],[-65.172449,-26.834206],[-65.172058,-26.833494],[-65.171495,-26.832839],[-65.171058,-26.832357],[-65.170581,-26.832057],[-65.169611,-26.83092],[-65.169541,-26.830335],[-65.169122,-26.829679],[-65.168465,-26.829065],[-65.167892,-26.828591],[-65.167527,-26.828275],[-65.167068,-26.827884],[-65.167048,-26.827568],[-65.167058,-26.827131],[-65.167048,-26.826935],[-65.166797,-26.826535],[-65.166683,-26.826228],[-65.166464,-26.825968],[-65.166151,-26.825512],[-65.165891,-26.82514],[-65.166057,-26.824923],[-65.165858,-26.824783],[-65.165398,-26.824446],[-65.16524,-26.824356],[-65.164937,-26.824302],[-65.164682,-26.824255],[-65.163938,-26.824237],[-65.163664,-26.823971],[-65.16437,-26.82397],[-65.164569,-26.82397],[-65.166236,-26.823917],[-65.167713,-26.82387],[-65.169552,-26.823803],[-65.170143,-26.823792],[-65.172232,-26.823777],[-65.173401,-26.823761],[-65.175716,-26.823304],[-65.182889,-26.821967],[-65.186022,-26.821463]]]}},{"type":"Feature","properties":{"name":"III","regional":"URC","color":"#2196F3"},"geometry":{"type":"Polygon","coordinates":[[[-65.23529,-26.837775],[-65.236694,-26.843108],[-65.237799,-26.844829],[-65.238945,-26.849636],[-65.240341,-26.852425],[-65.24037,-26.852403],[-65.240954,-26.852012],[-65.250042,-26.85019],[-65.249,-26.852561],[-65.248344,-26.853388],[-65.24603,-26.855518],[-65.241819,-26.859265],[-65.237692,-26.86264],[-65.234419,-26.865252],[-65.232012,-26.866819],[-65.22877,-26.861919],[-65.227916,-26.860943],[-65.226874,-26.859911],[-65.22408,-26.857596],[-65.223278,-26.856917],[-65.222924,-26.856359],[-65.222079,-26.854518],[-65.221087,-26.850492],[-65.220911,-26.850518],[-65.219964,-26.846596],[-65.22,-26.846479],[-65.218676,-26.841095],[-65.225201,-26.839793],[-65.229953,-26.838854],[-65.231402,-26.838612],[-65.23529,-26.837775]]]}},{"type":"Feature","properties":{"name":"III","regional":"URC","color":"#2196F3"},"geometry":{"type":"Polygon","coordinates":[[[-65.211665,-26.908475],[-65.211743,-26.907051],[-65.211634,-26.905994],[-65.21116,-26.905038],[-65.21105,-26.904086],[-65.211066,-26.90341],[-65.210933,-26.90262],[-65.210782,-26.902362],[-65.210511,-26.902155],[-65.209689,-26.901693],[-65.209554,-26.901532],[-65.208512,-26.900706],[-65.208104,-26.900331],[-65.206946,-26.898988],[-65.206774,-26.898563],[-65.20664,-26.898035],[-65.207025,-26.89705],[-65.207324,-26.896889],[-65.207464,-26.896655],[-65.207441,-26.896309],[-65.207585,-26.896053],[-65.206513,-26.895358],[-65.206253,-26.895089],[-65.205986,-26.894703],[-65.205704,-26.89448],[-65.20524,-26.894223],[-65.204909,-26.893797],[-65.204863,-26.893263],[-65.205396,-26.892846],[-65.205912,-26.892369],[-65.205895,-26.891923],[-65.20621,-26.891238],[-65.20586,-26.890957],[-65.205762,-26.890121],[-65.205066,-26.889676],[-65.204265,-26.889119],[-65.203601,-26.888864],[-65.203526,-26.888701],[-65.20355,-26.888401],[-65.203476,-26.888052],[-65.203071,-26.887642],[-65.202775,-26.887417],[-65.202221,-26.886906],[-65.202245,-26.886516],[-65.2026,-26.884892],[-65.202663,-26.884665],[-65.202596,-26.883908],[-65.202113,-26.8832],[-65.201183,-26.883052],[-65.200519,-26.883368],[-65.200092,-26.883463],[-65.199512,-26.883398],[-65.199182,-26.88321],[-65.198896,-26.882577],[-65.198881,-26.881704],[-65.199249,-26.880916],[-65.199186,-26.880185],[-65.199078,-26.879827],[-65.198826,-26.879408],[-65.198773,-26.878985],[-65.198763,-26.877977],[-65.198154,-26.876164],[-65.198076,-26.874752],[-65.198039,-26.874524],[-65.197594,-26.873654],[-65.196915,-26.873005],[-65.196565,-26.872628],[-65.196296,-26.872016],[-65.196221,-26.871722],[-65.196243,-26.87103],[-65.196148,-26.869819],[-65.195883,-26.868276],[-65.1954,-26.867676],[-65.193501,-26.866367],[-65.191979,-26.864833],[-65.191312,-26.864535],[-65.190838,-26.864475],[-65.190614,-26.864274],[-65.189739,-26.864302],[-65.189206,-26.864184],[-65.188939,-26.863895],[-65.188144,-26.863121],[-65.187594,-26.862674],[-65.186878,-26.862377],[-65.186558,-26.861819],[-65.186331,-26.861603],[-65.185584,-26.861058],[-65.184854,-26.860299],[-65.184838,-26.860076],[-65.184658,-26.859611],[-65.184241,-26.858743],[-65.184231,-26.858325],[-65.184148,-26.85795],[-65.183895,-26.857365],[-65.183378,-26.856435],[-65.183206,-26.855917],[-65.18251,-26.855613],[-65.181727,-26.855334],[-65.180839,-26.854607],[-65.180186,-26.854455],[-65.180013,-26.854289],[-65.179903,-26.853993],[-65.179906,-26.853571],[-65.180092,-26.852462],[-65.180154,-26.852303],[-65.180421,-26.852115],[-65.180592,-26.851759],[-65.180576,-26.851453],[-65.180431,-26.851132],[-65.182858,-26.850105],[-65.183163,-26.849945],[-65.184383,-26.849565],[-65.184754,-26.849505],[-65.18663,-26.848972],[-65.188037,-26.848585],[-65.192023,-26.847427],[-65.19311,-26.847141],[-65.200593,-26.844968],[-65.20212,-26.850346],[-65.201639,-26.850469],[-65.202468,-26.853342],[-65.203183,-26.855761],[-65.204031,-26.856877],[-65.204409,-26.858123],[-65.203876,-26.85826],[-65.204651,-26.859481],[-65.204638,-26.859688],[-65.204996,-26.860636],[-65.205509,-26.861848],[-65.205674,-26.86181],[-65.205914,-26.86224],[-65.206549,-26.863118],[-65.208043,-26.865566],[-65.208518,-26.866591],[-65.209088,-26.867409],[-65.209407,-26.867698],[-65.209849,-26.868524],[-65.210741,-26.868373],[-65.211258,-26.869327],[-65.211716,-26.870244],[-65.212216,-26.871046],[-65.212658,-26.871646],[-65.213789,-26.873481],[-65.213578,-26.873586],[-65.214219,-26.875029],[-65.214258,-26.875385],[-65.214352,-26.875678],[-65.215266,-26.877016],[-65.216298,-26.878446],[-65.216947,-26.879429],[-65.217666,-26.8806],[-65.218643,-26.881974],[-65.218901,-26.88212],[-65.219245,-26.882706],[-65.220191,-26.883954],[-65.220175,-26.884288],[-65.220842,-26.885805],[-65.221311,-26.887213],[-65.221389,-26.887847],[-65.22124,-26.888224],[-65.221311,-26.889026],[-65.222182,-26.888856],[-65.222045,-26.889428],[-65.222057,-26.889869],[-65.221998,-26.89025],[-65.221682,-26.890981],[-65.221656,-26.891245],[-65.221757,-26.891552],[-65.221371,-26.891731],[-65.220944,-26.892341],[-65.225149,-26.894667],[-65.22277,-26.898443],[-65.222095,-26.899327],[-65.220312,-26.900997],[-65.219436,-26.901653],[-65.219068,-26.901815],[-65.218831,-26.902159],[-65.218455,-26.902544],[-65.218126,-26.902656],[-65.217829,-26.902905],[-65.217307,-26.903188],[-65.217079,-26.903458],[-65.216903,-26.90401],[-65.216289,-26.904564],[-65.216183,-26.904699],[-65.215637,-26.904968],[-65.215141,-26.905449],[-65.214913,-26.905852],[-65.214511,-26.906161],[-65.214138,-26.906385],[-65.214051,-26.906611],[-65.214057,-26.906893],[-65.214443,-26.907331],[-65.214618,-26.90788],[-65.214552,-26.908301],[-65.214202,-26.909206],[-65.213853,-26.909292],[-65.213591,-26.909289],[-65.213266,-26.90912],[-65.211714,-26.908902],[-65.211665,-26.908475]]]}},{"type":"Feature","properties":{"name":"III","regional":"URC","color":"#2196F3"},"geometry":{"type":"Polygon","coordinates":[[[-65.220866,-26.850556],[-65.221071,-26.850515],[-65.222033,-26.854598],[-65.22283,-26.856334],[-65.223217,-26.85693],[-65.224911,-26.858332],[-65.226946,-26.860035],[-65.227998,-26.861109],[-65.228731,-26.861928],[-65.23199,-26.866922],[-65.230536,-26.868282],[-65.230372,-26.868763],[-65.230419,-26.872905],[-65.23056,-26.876607],[-65.23083,-26.885476],[-65.230618,-26.886417],[-65.229669,-26.887986],[-65.225756,-26.893805],[-65.225281,-26.894589],[-65.221031,-26.89226],[-65.221248,-26.891924],[-65.221405,-26.891744],[-65.22158,-26.891639],[-65.221788,-26.89158],[-65.221695,-26.891255],[-65.221699,-26.890986],[-65.222053,-26.890229],[-65.222106,-26.889946],[-65.222132,-26.889554],[-65.222229,-26.888825],[-65.221376,-26.888966],[-65.221271,-26.888237],[-65.221429,-26.887939],[-65.221359,-26.887225],[-65.220919,-26.885868],[-65.220224,-26.884307],[-65.220268,-26.884025],[-65.219301,-26.882731],[-65.218949,-26.882103],[-65.21865,-26.881946],[-65.218298,-26.881413],[-65.217498,-26.880213],[-65.216276,-26.878377],[-65.215713,-26.87757],[-65.21442,-26.875703],[-65.214297,-26.875405],[-65.214253,-26.875052],[-65.213646,-26.873593],[-65.213884,-26.873499],[-65.212248,-26.870996],[-65.211748,-26.870224],[-65.211264,-26.869273],[-65.21076,-26.868342],[-65.209861,-26.868496],[-65.209447,-26.867678],[-65.209089,-26.867373],[-65.20874,-26.866884],[-65.20856,-26.866595],[-65.208229,-26.865888],[-65.208072,-26.865553],[-65.207672,-26.864893],[-65.206682,-26.863265],[-65.20634,-26.862731],[-65.205963,-26.862243],[-65.205691,-26.861777],[-65.205525,-26.86181],[-65.204941,-26.860492],[-65.20462,-26.859625],[-65.204681,-26.859488],[-65.203938,-26.858287],[-65.204451,-26.858141],[-65.204071,-26.856851],[-65.204034,-26.856799],[-65.203225,-26.85572],[-65.202962,-26.854795],[-65.206181,-26.854039],[-65.211901,-26.852663],[-65.213251,-26.852325],[-65.216104,-26.851639],[-65.216131,-26.851548],[-65.216918,-26.851348],[-65.220866,-26.850556]]]}},{"type":"Feature","properties":{"name":"IV","regional":"URC","color":"#2196F3"},"geometry":{"type":"Polygon","coordinates":[[[-65.239644,-26.872695],[-65.241353,-26.874628],[-65.239748,-26.874926],[-65.237705,-26.874963],[-65.237142,-26.875037],[-65.235912,-26.875539],[-65.235058,-26.875725],[-65.233619,-26.87593],[-65.230785,-26.876636],[-65.23068,-26.874628],[-65.230534,-26.872881],[-65.230534,-26.868827],[-65.230639,-26.868362],[-65.231139,-26.867897],[-65.232098,-26.866912],[-65.234474,-26.865331],[-65.243104,-26.858414],[-65.246418,-26.855346],[-65.248377,-26.853504],[-65.248789,-26.853574],[-65.250806,-26.853244],[-65.251806,-26.85336],[-65.252927,-26.853044],[-65.258018,-26.852198],[-65.262291,-26.851268],[-65.262166,-26.850441],[-65.264073,-26.850078],[-65.264058,-26.849971],[-65.265547,-26.849686],[-65.26877,-26.849077],[-65.268869,-26.849475],[-65.270977,-26.84917],[-65.273048,-26.848824],[-65.27334,-26.848891],[-65.273444,-26.849019],[-65.273692,-26.849182],[-65.274005,-26.849363],[-65.274239,-26.849558],[-65.274557,-26.849958],[-65.274593,-26.850163],[-65.274771,-26.850395],[-65.274864,-26.850744],[-65.274896,-26.850911],[-65.274849,-26.851107],[-65.274791,-26.851307],[-65.274614,-26.85159],[-65.274541,-26.851818],[-65.274489,-26.85226],[-65.27438,-26.852343],[-65.274176,-26.852301],[-65.274072,-26.852292],[-65.273984,-26.852367],[-65.273879,-26.852506],[-65.273754,-26.852594],[-65.273718,-26.852683],[-65.273734,-26.852766],[-65.273447,-26.85351],[-65.273103,-26.854147],[-65.272811,-26.854408],[-65.272561,-26.854426],[-65.272353,-26.854686],[-65.272123,-26.854631],[-65.271977,-26.854854],[-65.271602,-26.85504],[-65.271435,-26.855282],[-65.271269,-26.85597],[-65.271269,-26.856156],[-65.271039,-26.856249],[-65.271039,-26.856472],[-65.270748,-26.856639],[-65.270727,-26.857513],[-65.270789,-26.857792],[-65.270893,-26.858071],[-65.270852,-26.858685],[-65.271081,-26.859354],[-65.271269,-26.859596],[-65.271686,-26.86021],[-65.271831,-26.860284],[-65.272207,-26.860488],[-65.272394,-26.860842],[-65.272436,-26.861493],[-65.272332,-26.861772],[-65.272228,-26.86192],[-65.272207,-26.862478],[-65.272207,-26.86272],[-65.271936,-26.863017],[-65.271769,-26.863408],[-65.271665,-26.863947],[-65.271373,-26.864245],[-65.271102,-26.864524],[-65.27081,-26.864728],[-65.270664,-26.864914],[-65.270664,-26.865156],[-65.270914,-26.865212],[-65.271164,-26.865212],[-65.271289,-26.865528],[-65.271331,-26.865862],[-65.271331,-26.86629],[-65.27131,-26.866718],[-65.239644,-26.872695]]]}},{"type":"Feature","properties":{"name":"IV","regional":"URC","color":"#2196F3"},"geometry":{"type":"Polygon","coordinates":[[[-65.218672,-26.828247],[-65.232309,-26.825113],[-65.241793,-26.823011],[-65.250986,-26.82102],[-65.264785,-26.818472],[-65.265535,-26.821523],[-65.266411,-26.82422],[-65.266682,-26.82528],[-65.266536,-26.82595],[-65.265952,-26.826694],[-65.261095,-26.829094],[-65.260741,-26.829447],[-65.258677,-26.834246],[-65.25726,-26.833967],[-65.25455,-26.833855],[-65.246045,-26.83538],[-65.238625,-26.836887],[-65.231913,-26.838282],[-65.221553,-26.840412],[-65.219906,-26.833195],[-65.218672,-26.828247]]]}},{"type":"Feature","properties":{"name":"IV","regional":"URC","color":"#2196F3"},"geometry":{"type":"Polygon","coordinates":[[[-65.215456,-26.815989],[-65.228797,-26.813347],[-65.229505,-26.813347],[-65.255811,-26.80797],[-65.261856,-26.806668],[-65.262075,-26.807812],[-65.263951,-26.814807],[-65.264785,-26.818342],[-65.250944,-26.820909],[-65.241189,-26.822992],[-65.232142,-26.824983],[-65.218656,-26.828089],[-65.215456,-26.815989]]]}},{"type":"Feature","properties":{"name":"IV","regional":"URC","color":"#2196F3"},"geometry":{"type":"Polygon","coordinates":[[[-65.235456,-26.837724],[-65.245879,-26.835636],[-65.254571,-26.834055],[-65.255947,-26.834074],[-65.257239,-26.834148],[-65.258698,-26.834409],[-65.260908,-26.829461],[-65.26122,-26.829107],[-65.266098,-26.826875],[-65.266765,-26.825927],[-65.266848,-26.825238],[-65.269579,-26.83054],[-65.269683,-26.831154],[-65.270183,-26.83186],[-65.270621,-26.831953],[-65.271267,-26.832251],[-65.271309,-26.832865],[-65.270746,-26.834948],[-65.270809,-26.835357],[-65.2706,-26.836064],[-65.270705,-26.836734],[-65.270308,-26.837589],[-65.270267,-26.838268],[-65.269318,-26.841002],[-65.268412,-26.842071],[-65.267765,-26.842462],[-65.26812,-26.843262],[-65.26812,-26.843597],[-65.268724,-26.844285],[-65.268683,-26.844675],[-65.269162,-26.845196],[-65.26935,-26.845977],[-65.269808,-26.846405],[-65.271392,-26.847019],[-65.272185,-26.847595],[-65.273102,-26.848581],[-65.270981,-26.849139],[-65.268881,-26.849446],[-65.268797,-26.849046],[-65.264045,-26.849955],[-65.264,-26.85005],[-65.262075,-26.850408],[-65.262242,-26.851282],[-65.258073,-26.852156],[-65.252924,-26.853012],[-65.252195,-26.853235],[-65.251799,-26.853328],[-65.250798,-26.853216],[-65.248797,-26.853532],[-65.248359,-26.853458],[-65.248672,-26.853105],[-65.249047,-26.852584],[-65.250173,-26.850092],[-65.247609,-26.850594],[-65.240918,-26.851952],[-65.240355,-26.852324],[-65.239,-26.849627],[-65.237895,-26.84481],[-65.23677,-26.843043],[-65.235456,-26.837724]]]}},{"type":"Feature","properties":{"name":"COMISARIA 7 DE ABRIL","regional":"URE","color":"#FF9800"},"geometry":{"type":"Polygon","coordinates":[[[-64.607846,-26.417731],[-64.607802,-26.417323],[-64.595809,-26.419471],[-64.589479,-26.420853],[-64.57423,-26.423679],[-64.574174,-26.423318],[-64.550459,-26.427483],[-64.550452,-26.428051],[-64.532006,-26.430733],[-64.527015,-26.43143],[-64.527011,-26.429427],[-64.527711,-26.426411],[-64.5279,-26.423318],[-64.529407,-26.419083],[-64.530456,-26.41701],[-64.533618,-26.411835],[-64.534575,-26.409887],[-64.531152,-26.401631],[-64.531006,-26.401223],[-64.53058,-26.398521],[-64.530625,-26.394939],[-64.532195,-26.391201],[-64.532465,-26.389697],[-64.532523,-26.387486],[-64.532412,-26.385969],[-64.532078,-26.383872],[-64.531714,-26.380981],[-64.5317,-26.378905],[-64.530476,-26.375066],[-64.529661,-26.372974],[-64.529266,-26.371706],[-64.526763,-26.366049],[-64.524911,-26.362051],[-64.520083,-26.351759],[-64.518803,-26.350022],[-64.516815,-26.348043],[-64.514047,-26.347572],[-64.512099,-26.346397],[-64.510354,-26.345007],[-64.507614,-26.343093],[-64.506574,-26.341422],[-64.502798,-26.337583],[-64.501421,-26.335601],[-64.500512,-26.333859],[-64.497324,-26.330261],[-64.49621,-26.329663],[-64.495625,-26.328394],[-64.494851,-26.326346],[-64.493901,-26.324658],[-64.492809,-26.322372],[-64.489017,-26.317559],[-64.487532,-26.315422],[-64.487125,-26.314416],[-64.485833,-26.312878],[-64.484978,-26.311641],[-64.483152,-26.309592],[-64.482909,-26.309039],[-64.481826,-26.307674],[-64.487752,-26.288488],[-64.487958,-26.288048],[-64.4893,-26.283316],[-64.489253,-26.283108],[-64.49179,-26.27504],[-64.493298,-26.270634],[-64.497454,-26.258017],[-64.497577,-26.250817],[-64.501829,-26.242723],[-64.502069,-26.239972],[-64.494925,-26.219746],[-64.495827,-26.21963],[-64.499375,-26.216815],[-64.500368,-26.217331],[-64.504045,-26.217721],[-64.507066,-26.218583],[-64.508262,-26.218117],[-64.509537,-26.215396],[-64.510387,-26.214683],[-64.511086,-26.214735],[-64.511219,-26.215359],[-64.51083,-26.216835],[-64.511134,-26.218092],[-64.512741,-26.219183],[-64.513501,-26.2192],[-64.514203,-26.219821],[-64.514269,-26.220904],[-64.514865,-26.221271],[-64.515574,-26.222145],[-64.51647,-26.222542],[-64.517307,-26.223553],[-64.518725,-26.223829],[-64.519537,-26.224487],[-64.520464,-26.223919],[-64.521384,-26.224001],[-64.522278,-26.223685],[-64.523039,-26.22363],[-64.523466,-26.22395],[-64.524269,-26.223733],[-64.524604,-26.223303],[-64.525075,-26.223244],[-64.526293,-26.223474],[-64.527158,-26.223121],[-64.528252,-26.223611],[-64.528844,-26.224294],[-64.529401,-26.224561],[-64.529367,-26.224074],[-64.530579,-26.224014],[-64.531105,-26.224344],[-64.531902,-26.222999],[-64.532903,-26.222124],[-64.533506,-26.22195],[-64.534464,-26.22298],[-64.535477,-26.222773],[-64.535319,-26.221788],[-64.535496,-26.221239],[-64.536541,-26.220907],[-64.537885,-26.221408],[-64.538658,-26.221957],[-64.539784,-26.221599],[-64.540629,-26.222014],[-64.541035,-26.221557],[-64.540953,-26.220862],[-64.540527,-26.219747],[-64.541121,-26.219429],[-64.541761,-26.219462],[-64.542907,-26.219835],[-64.543618,-26.220609],[-64.543651,-26.221151],[-64.543232,-26.221868],[-64.543469,-26.222124],[-64.544542,-26.2219],[-64.544699,-26.22136],[-64.545665,-26.220919],[-64.546925,-26.220967],[-64.547399,-26.220692],[-64.54844,-26.220649],[-64.549013,-26.22125],[-64.548931,-26.223785],[-64.549261,-26.223816],[-64.549909,-26.224815],[-64.549937,-26.225799],[-64.550496,-26.226707],[-64.551254,-26.226904],[-64.550939,-26.226468],[-64.551425,-26.226003],[-64.552668,-26.225799],[-64.553035,-26.225261],[-64.553093,-26.224594],[-64.55279,-26.224068],[-64.551568,-26.223361],[-64.551745,-26.222794],[-64.552692,-26.222271],[-64.554412,-26.222342],[-64.555597,-26.222787],[-64.556518,-26.222706],[-64.557316,-26.22294],[-64.558189,-26.223535],[-64.559813,-26.22412],[-64.560851,-26.224275],[-64.561925,-26.224881],[-64.563021,-26.226065],[-64.563715,-26.226515],[-64.564632,-26.226831],[-64.564719,-26.226299],[-64.564372,-26.226007],[-64.564336,-26.224896],[-64.564764,-26.224197],[-64.567449,-26.223159],[-64.569323,-26.223737],[-64.569923,-26.223761],[-64.570957,-26.223419],[-64.571889,-26.223338],[-64.572115,-26.222826],[-64.571815,-26.221984],[-64.571888,-26.220911],[-64.572435,-26.220411],[-64.57315,-26.220797],[-64.573744,-26.221353],[-64.575492,-26.221614],[-64.576473,-26.220722],[-64.578333,-26.219964],[-64.578662,-26.219218],[-64.579185,-26.219016],[-64.580274,-26.219198],[-64.580589,-26.219598],[-64.580775,-26.220719],[-64.582277,-26.223116],[-64.582733,-26.223464],[-64.583939,-26.223864],[-64.584521,-26.223743],[-64.586149,-26.222333],[-64.587314,-26.221966],[-64.588273,-26.221226],[-64.588651,-26.22058],[-64.589115,-26.220242],[-64.589814,-26.220312],[-64.605043,-26.290509],[-64.588807,-26.293715],[-64.600289,-26.347031],[-64.600456,-26.346976],[-64.614721,-26.416767],[-64.607846,-26.417731]]]}},{"type":"Feature","properties":{"name":"COMISARIA BURRUYACU","regional":"URE","color":"#FF9800"},"geometry":{"type":"Polygon","coordinates":[[[-64.800994,-26.497319],[-64.798586,-26.500051],[-64.7897,-26.509893],[-64.772378,-26.5319],[-64.770595,-26.529168],[-64.768951,-26.527557],[-64.766133,-26.526344],[-64.762486,-26.524886],[-64.760988,-26.523719],[-64.75643,-26.519264],[-64.754518,-26.517206],[-64.754454,-26.517241],[-64.754269,-26.517341],[-64.749967,-26.512776],[-64.73321,-26.525647],[-64.724629,-26.532376],[-64.722494,-26.533973],[-64.720842,-26.534575],[-64.706458,-26.537064],[-64.702419,-26.522155],[-64.704388,-26.521938],[-64.693133,-26.503272],[-64.682,-26.484824],[-64.669824,-26.46493],[-64.651637,-26.423747],[-64.656074,-26.423105],[-64.656207,-26.423107],[-64.696208,-26.416431],[-64.699503,-26.416548],[-64.700624,-26.423007],[-64.700643,-26.423115],[-64.700972,-26.425022],[-64.701847,-26.430165],[-64.70226,-26.432678],[-64.702664,-26.435064],[-64.703464,-26.439755],[-64.70367,-26.441047],[-64.704144,-26.443434],[-64.70467,-26.446633],[-64.704781,-26.447428],[-64.704888,-26.44779],[-64.704993,-26.448179],[-64.705109,-26.448631],[-64.705293,-26.449211],[-64.706069,-26.45058],[-64.706286,-26.450952],[-64.706621,-26.451497],[-64.706935,-26.452068],[-64.70836,-26.454617],[-64.708655,-26.455116],[-64.709153,-26.455891],[-64.709349,-26.456256],[-64.709569,-26.456667],[-64.709898,-26.45728],[-64.71047,-26.458323],[-64.711064,-26.459406],[-64.7111,-26.45947],[-64.712002,-26.461089],[-64.712327,-26.461711],[-64.713,-26.462956],[-64.71397,-26.465085],[-64.714509,-26.466445],[-64.714965,-26.467582],[-64.715442,-26.468772],[-64.715982,-26.469792],[-64.717035,-26.471284],[-64.718202,-26.472989],[-64.724022,-26.481391],[-64.724845,-26.48256],[-64.725408,-26.483314],[-64.726113,-26.483979],[-64.72654,-26.484353],[-64.726918,-26.484663],[-64.727405,-26.48501],[-64.727894,-26.485267],[-64.730647,-26.486609],[-64.733271,-26.487806],[-64.733571,-26.487962],[-64.734388,-26.488402],[-64.734965,-26.488859],[-64.735391,-26.489268],[-64.735797,-26.489832],[-64.736101,-26.490376],[-64.736316,-26.490964],[-64.736528,-26.491679],[-64.736785,-26.491477],[-64.736994,-26.491313],[-64.737086,-26.491097],[-64.737451,-26.490749],[-64.738157,-26.490394],[-64.738306,-26.489664],[-64.738925,-26.48985],[-64.739317,-26.489827],[-64.741152,-26.488931],[-64.74232,-26.488291],[-64.744271,-26.487357],[-64.744546,-26.487151],[-64.746191,-26.486323],[-64.750036,-26.484414],[-64.753322,-26.482763],[-64.755621,-26.48156],[-64.758706,-26.480021],[-64.761182,-26.478742],[-64.763861,-26.477367],[-64.766516,-26.475995],[-64.769829,-26.474316],[-64.771242,-26.473616],[-64.774118,-26.472152],[-64.776193,-26.471104],[-64.778812,-26.469785],[-64.781704,-26.468322],[-64.78414,-26.467093],[-64.787557,-26.465396],[-64.820786,-26.448136],[-64.820603,-26.447989],[-64.820571,-26.447755],[-64.820758,-26.447571],[-64.820816,-26.447269],[-64.820709,-26.446985],[-64.82045,-26.446859],[-64.820041,-26.446646],[-64.819995,-26.446442],[-64.82017,-26.446055],[-64.820339,-26.445821],[-64.820341,-26.445595],[-64.820236,-26.44511],[-64.820075,-26.44447],[-64.820264,-26.44372],[-64.820534,-26.443183],[-64.820544,-26.442231],[-64.820959,-26.441069],[-64.821549,-26.440635],[-64.821416,-26.439944],[-64.822263,-26.439213],[-64.864577,-26.417282],[-64.867803,-26.41849],[-64.86957,-26.419136],[-64.871726,-26.420128],[-64.872763,-26.423755],[-64.871935,-26.426374],[-64.872701,-26.430062],[-64.869278,-26.434701],[-64.870019,-26.435799],[-64.87167,-26.438213],[-64.872219,-26.439019],[-64.873313,-26.440337],[-64.830645,-26.472375],[-64.825898,-26.479468],[-64.8252,-26.480671],[-64.822821,-26.483112],[-64.815707,-26.490244],[-64.814408,-26.491543],[-64.811866,-26.493929],[-64.810154,-26.496048],[-64.806818,-26.499717],[-64.803789,-26.503015],[-64.801048,-26.497359],[-64.800994,-26.497319]]]}},{"type":"Feature","properties":{"name":"COMISARIA CHILCAS","regional":"URE","color":"#FF9800"},"geometry":{"type":"Polygon","coordinates":[[[-64.767128,-26.304929],[-64.770608,-26.325218],[-64.772504,-26.330743],[-64.773895,-26.332382],[-64.773987,-26.333144],[-64.772635,-26.334088],[-64.77202,-26.337382],[-64.771029,-26.34018],[-64.771406,-26.342154],[-64.774796,-26.34914],[-64.72771,-26.351732],[-64.728054,-26.362361],[-64.69989,-26.363858],[-64.703461,-26.379458],[-64.703265,-26.379446],[-64.710963,-26.413459],[-64.69901,-26.414904],[-64.698994,-26.416337],[-64.69621,-26.416192],[-64.651187,-26.423369],[-64.651124,-26.423432],[-64.635798,-26.404701],[-64.613133,-26.408645],[-64.600969,-26.347664],[-64.600356,-26.34668],[-64.58881,-26.293718],[-64.605064,-26.290532],[-64.595409,-26.246212],[-64.589763,-26.220587],[-64.590166,-26.220774],[-64.591326,-26.223259],[-64.591499,-26.22468],[-64.592523,-26.22569],[-64.59365,-26.226132],[-64.594167,-26.225793],[-64.593402,-26.224043],[-64.593205,-26.222719],[-64.594325,-26.222752],[-64.596184,-26.223674],[-64.596699,-26.224475],[-64.597653,-26.224453],[-64.598128,-26.22549],[-64.596819,-26.228186],[-64.597779,-26.229529],[-64.599122,-26.229833],[-64.599957,-26.230702],[-64.603264,-26.228489],[-64.607018,-26.227592],[-64.607499,-26.22635],[-64.608161,-26.226754],[-64.608541,-26.227812],[-64.608514,-26.229048],[-64.610155,-26.231247],[-64.610269,-26.231678],[-64.612946,-26.232061],[-64.613467,-26.23327],[-64.614219,-26.233246],[-64.615699,-26.23024],[-64.616284,-26.23016],[-64.616678,-26.231077],[-64.617295,-26.231309],[-64.617934,-26.230671],[-64.618053,-26.22978],[-64.616692,-26.228067],[-64.61755,-26.226151],[-64.618713,-26.225583],[-64.619544,-26.22586],[-64.620129,-26.226737],[-64.620808,-26.226819],[-64.621998,-26.225971],[-64.621573,-26.224741],[-64.622213,-26.224102],[-64.623556,-26.225363],[-64.624207,-26.226681],[-64.623615,-26.22731],[-64.624022,-26.228088],[-64.627688,-26.229534],[-64.627897,-26.230901],[-64.628908,-26.232051],[-64.628558,-26.233402],[-64.629951,-26.233513],[-64.630652,-26.232724],[-64.631192,-26.233429],[-64.634156,-26.234706],[-64.635144,-26.233856],[-64.637082,-26.233348],[-64.639229,-26.233252],[-64.641048,-26.232678],[-64.641961,-26.233075],[-64.644349,-26.231787],[-64.644898,-26.232717],[-64.6436,-26.233543],[-64.643913,-26.235298],[-64.642879,-26.235976],[-64.641326,-26.236218],[-64.642132,-26.237549],[-64.642324,-26.238465],[-64.646283,-26.238024],[-64.647627,-26.238328],[-64.648348,-26.237808],[-64.649714,-26.238578],[-64.653386,-26.239217],[-64.653259,-26.240299],[-64.654392,-26.240952],[-64.655467,-26.239954],[-64.656317,-26.240303],[-64.655917,-26.241209],[-64.6562,-26.24209],[-64.658784,-26.241413],[-64.661352,-26.242912],[-64.662158,-26.244303],[-64.663331,-26.24396],[-64.664586,-26.243037],[-64.664182,-26.242273],[-64.665376,-26.241758],[-64.667436,-26.242287],[-64.66866,-26.242328],[-64.669036,-26.241457],[-64.668287,-26.240281],[-64.668786,-26.239749],[-64.67008,-26.239926],[-64.671868,-26.239299],[-64.672034,-26.240691],[-64.673754,-26.241718],[-64.675772,-26.239158],[-64.676005,-26.238257],[-64.67746,-26.236881],[-64.677455,-26.238006],[-64.679695,-26.238071],[-64.681091,-26.237619],[-64.682015,-26.239455],[-64.681963,-26.24053],[-64.682999,-26.240246],[-64.683413,-26.239519],[-64.686086,-26.239309],[-64.685982,-26.238025],[-64.686969,-26.237934],[-64.68748,-26.2391],[-64.687131,-26.239692],[-64.688232,-26.24067],[-64.690674,-26.240478],[-64.690578,-26.241259],[-64.691897,-26.241279],[-64.693019,-26.239792],[-64.693117,-26.238889],[-64.691916,-26.237659],[-64.69252,-26.237651],[-64.694127,-26.236849],[-64.695105,-26.237489],[-64.697525,-26.238488],[-64.698652,-26.23867],[-64.699595,-26.238163],[-64.700504,-26.238667],[-64.702635,-26.238573],[-64.70345,-26.238853],[-64.704757,-26.238571],[-64.706109,-26.237825],[-64.708322,-26.238168],[-64.709407,-26.237813],[-64.710414,-26.236654],[-64.710471,-26.235214],[-64.712045,-26.234541],[-64.713197,-26.235204],[-64.714243,-26.234827],[-64.713844,-26.23701],[-64.715116,-26.237617],[-64.715411,-26.238222],[-64.716214,-26.237563],[-64.717177,-26.237385],[-64.718811,-26.237702],[-64.719757,-26.238349],[-64.720512,-26.241073],[-64.72375,-26.240831],[-64.724974,-26.240111],[-64.726212,-26.24027],[-64.726241,-26.241585],[-64.727312,-26.24137],[-64.729023,-26.241533],[-64.730758,-26.241022],[-64.73162,-26.241414],[-64.733912,-26.240084],[-64.735378,-26.239829],[-64.736454,-26.240585],[-64.736803,-26.24133],[-64.737928,-26.241315],[-64.73897,-26.238766],[-64.740202,-26.238835],[-64.741656,-26.238537],[-64.742415,-26.239558],[-64.742938,-26.23937],[-64.744887,-26.239542],[-64.746348,-26.239272],[-64.74769,-26.237661],[-64.749912,-26.236954],[-64.751365,-26.235638],[-64.750862,-26.23444],[-64.7523,-26.233826],[-64.754828,-26.230592],[-64.754771,-26.229359],[-64.756018,-26.228664],[-64.767128,-26.304929]]]}},{"type":"Feature","properties":{"name":"COMISARIA EL CHAÑAR","regional":"URE","color":"#FF9800"},"geometry":{"type":"Polygon","coordinates":[[[-64.942748,-26.789315],[-64.942159,-26.786666],[-64.941067,-26.781974],[-64.940013,-26.777391],[-64.939221,-26.773938],[-64.939194,-26.773831],[-64.936963,-26.763866],[-64.936883,-26.763521],[-64.936667,-26.763602],[-64.930933,-26.764654],[-64.904132,-26.769507],[-64.899587,-26.770325],[-64.896595,-26.770914],[-64.89299,-26.771559],[-64.888241,-26.772426],[-64.885189,-26.772986],[-64.881231,-26.773688],[-64.880024,-26.773897],[-64.875149,-26.754192],[-64.87437,-26.752333],[-65.014813,-26.725526],[-65.01557,-26.728599],[-65.046715,-26.722599],[-65.04912,-26.722249],[-65.051254,-26.720191],[-65.053025,-26.721286],[-65.053405,-26.721446],[-65.090867,-26.714199],[-65.090955,-26.714369],[-65.0917,-26.715372],[-65.091316,-26.71578],[-65.09139,-26.71607],[-65.091702,-26.717105],[-65.091917,-26.717241],[-65.093031,-26.717156],[-65.093454,-26.717315],[-65.093531,-26.718289],[-65.093752,-26.719099],[-65.094201,-26.719533],[-65.094953,-26.719073],[-65.095504,-26.719068],[-65.095803,-26.71941],[-65.09591,-26.720227],[-65.096175,-26.72066],[-65.095917,-26.721111],[-65.095946,-26.721719],[-65.096023,-26.722625],[-65.096629,-26.723454],[-65.097044,-26.723585],[-65.097566,-26.724358],[-65.09828,-26.724364],[-65.099699,-26.72469],[-65.100024,-26.725306],[-65.100394,-26.72546],[-65.101828,-26.725076],[-65.102143,-26.725243],[-65.102381,-26.72609],[-65.103454,-26.726512],[-65.103929,-26.727423],[-65.104346,-26.728293],[-65.105076,-26.728869],[-65.105728,-26.728916],[-65.106687,-26.729806],[-65.107559,-26.729659],[-65.108364,-26.730051],[-65.109018,-26.730233],[-65.109497,-26.730963],[-65.110588,-26.731098],[-65.111311,-26.73093],[-65.111585,-26.73061],[-65.111954,-26.730489],[-65.112052,-26.73098],[-65.112688,-26.73157],[-65.11419,-26.731881],[-65.115125,-26.731476],[-65.115982,-26.731503],[-65.116811,-26.731244],[-65.118304,-26.731512],[-65.119533,-26.732138],[-65.1209,-26.733678],[-65.123957,-26.737218],[-65.127823,-26.73772],[-65.129074,-26.73857],[-65.128469,-26.740311],[-65.128785,-26.740765],[-65.129678,-26.740984],[-65.130359,-26.741604],[-65.130202,-26.741922],[-65.12969,-26.742891],[-65.130185,-26.744194],[-65.129904,-26.744102],[-65.129379,-26.744442],[-65.129368,-26.744604],[-65.129497,-26.744849],[-65.129544,-26.745237],[-65.12937,-26.745597],[-65.129368,-26.745931],[-65.129092,-26.746579],[-65.12909,-26.746732],[-65.129129,-26.746913],[-65.129087,-26.747165],[-65.129203,-26.747726],[-65.129293,-26.747862],[-65.129523,-26.748016],[-65.129672,-26.748171],[-65.129701,-26.748433],[-65.129697,-26.74892],[-65.129804,-26.749318],[-65.12992,-26.750004],[-65.129938,-26.750203],[-65.129877,-26.750302],[-65.12879,-26.750494],[-65.12721,-26.750782],[-65.12716,-26.750718],[-65.125882,-26.750936],[-65.125761,-26.750935],[-65.125741,-26.750998],[-65.11657,-26.752611],[-65.116067,-26.752707],[-65.113571,-26.753134],[-65.112182,-26.753378],[-65.110681,-26.753684],[-65.110651,-26.753684],[-65.109413,-26.753902],[-65.101107,-26.755546],[-65.099869,-26.755746],[-65.102162,-26.765975],[-65.102831,-26.768968],[-65.101895,-26.769151],[-65.101874,-26.769268],[-65.102992,-26.769979],[-65.103181,-26.770874],[-65.103533,-26.772401],[-65.103706,-26.772755],[-65.104679,-26.776867],[-65.104558,-26.776893],[-65.095838,-26.778525],[-65.095516,-26.778577],[-65.089896,-26.779724],[-65.086251,-26.780413],[-65.08612,-26.780394],[-65.081488,-26.781339],[-65.080722,-26.781478],[-65.075365,-26.782472],[-65.070068,-26.783448],[-65.069876,-26.783564],[-65.069443,-26.783661],[-65.066724,-26.784194],[-65.064206,-26.784637],[-65.062897,-26.784908],[-65.062725,-26.785006],[-65.060862,-26.785337],[-65.058667,-26.785738],[-65.054931,-26.786417],[-65.053964,-26.786591],[-65.052846,-26.7868],[-65.050752,-26.787156],[-65.049271,-26.787417],[-65.047942,-26.78766],[-65.047237,-26.787782],[-65.047054,-26.788051],[-65.041323,-26.789132],[-65.040699,-26.789245],[-65.038503,-26.789663],[-65.035019,-26.790316],[-65.034767,-26.79036],[-65.030597,-26.79117],[-65.026467,-26.791936],[-65.024231,-26.792372],[-65.021965,-26.79279],[-65.019075,-26.79332],[-65.018923,-26.793355],[-65.017457,-26.793622],[-65.016416,-26.793807],[-65.013716,-26.794294],[-65.011077,-26.794826],[-65.008267,-26.795339],[-65.00585,-26.795719],[-65.00306,-26.796223],[-65.002834,-26.796349],[-65.002707,-26.796391],[-65.000854,-26.79673],[-64.998064,-26.797234],[-64.995376,-26.797594],[-64.990098,-26.798549],[-64.984749,-26.799567],[-64.984074,-26.799697],[-64.982019,-26.800062],[-64.977032,-26.801027],[-64.9727,-26.801889],[-64.966353,-26.80317],[-64.947887,-26.806725],[-64.946512,-26.800975],[-64.945998,-26.798841],[-64.945649,-26.797422],[-64.945399,-26.796274],[-64.944973,-26.794403],[-64.944296,-26.791573],[-64.943967,-26.790235],[-64.942999,-26.790417],[-64.942748,-26.789315]]]}},{"type":"Feature","properties":{"name":"COMISARIA EL NARANJO","regional":"URE","color":"#FF9800"},"geometry":{"type":"Polygon","coordinates":[[[-65.007841,-26.695028],[-65.009053,-26.69316],[-65.009761,-26.686838],[-65.009182,-26.684028],[-65.006901,-26.681729],[-65.00559,-26.675792],[-65.009821,-26.671259],[-65.008747,-26.666932],[-65.006902,-26.664203],[-64.998061,-26.659881],[-64.994604,-26.656689],[-64.993093,-26.653727],[-64.993352,-26.651717],[-64.992078,-26.64706],[-64.998422,-26.643793],[-64.999825,-26.639588],[-65.001738,-26.637797],[-64.999236,-26.631083],[-64.999166,-26.628808],[-65.001928,-26.626337],[-65.003117,-26.623611],[-64.996744,-26.619739],[-64.991081,-26.614032],[-64.989958,-26.611605],[-64.985224,-26.611066],[-64.984884,-26.607562],[-64.982748,-26.60613],[-64.981013,-26.597932],[-64.978774,-26.594568],[-64.978115,-26.588589],[-64.97601,-26.582654],[-64.977021,-26.581795],[-64.977408,-26.577764],[-64.975884,-26.575316],[-65.020615,-26.567373],[-65.019547,-26.565892],[-65.023747,-26.56308],[-65.024358,-26.559964],[-65.022392,-26.559247],[-65.023189,-26.556794],[-65.021313,-26.555557],[-65.020604,-26.550838],[-65.022007,-26.550807],[-65.021992,-26.547762],[-65.023072,-26.545924],[-65.02652,-26.543312],[-65.028931,-26.542695],[-65.029848,-26.539689],[-65.027994,-26.537897],[-65.027559,-26.535394],[-65.028591,-26.533471],[-65.02723,-26.532099],[-65.031211,-26.52705],[-65.037121,-26.5245],[-65.052178,-26.523257],[-65.055455,-26.524378],[-65.055944,-26.525972],[-65.0595,-26.524946],[-65.063028,-26.520437],[-65.066885,-26.519902],[-65.068018,-26.51735],[-65.066066,-26.514692],[-65.069648,-26.513958],[-65.068361,-26.511148],[-65.069418,-26.508467],[-65.072619,-26.511218],[-65.074585,-26.507107],[-65.078649,-26.505793],[-65.07914,-26.504028],[-65.081283,-26.504363],[-65.083199,-26.499766],[-65.085401,-26.496576],[-65.089094,-26.497403],[-65.090492,-26.495567],[-65.093965,-26.494263],[-65.091795,-26.490791],[-65.092824,-26.489753],[-65.089519,-26.487025],[-65.094106,-26.488158],[-65.096605,-26.490471],[-65.102551,-26.487704],[-65.11116,-26.484806],[-65.114033,-26.481204],[-65.117207,-26.481475],[-65.118711,-26.485078],[-65.118505,-26.490216],[-65.1153,-26.492337],[-65.11456,-26.494512],[-65.112039,-26.495585],[-65.115288,-26.504552],[-65.113885,-26.50439],[-65.11344,-26.506949],[-65.114447,-26.508752],[-65.117551,-26.508886],[-65.120851,-26.510252],[-65.122549,-26.509398],[-65.124642,-26.511392],[-65.127094,-26.509845],[-65.13075,-26.511903],[-65.1348,-26.510665],[-65.140917,-26.507793],[-65.143365,-26.511549],[-65.147831,-26.512806],[-65.148172,-26.515485],[-65.146822,-26.520976],[-65.148399,-26.523107],[-65.150933,-26.523302],[-65.155214,-26.526243],[-65.155198,-26.530668],[-65.158645,-26.532176],[-65.160653,-26.534693],[-65.162828,-26.541502],[-65.164656,-26.544266],[-65.164561,-26.546783],[-65.168186,-26.549282],[-65.167335,-26.553638],[-65.191149,-26.553664],[-65.189546,-26.558703],[-65.192099,-26.567092],[-65.191424,-26.580739],[-65.185916,-26.58325],[-65.182413,-26.580809],[-65.17857,-26.575962],[-65.171898,-26.578427],[-65.17096,-26.582857],[-65.17149,-26.586508],[-65.170277,-26.591928],[-65.168842,-26.593251],[-65.169345,-26.596827],[-65.165421,-26.599386],[-65.166613,-26.60279],[-65.168471,-26.604395],[-65.166671,-26.606565],[-65.163517,-26.60346],[-65.158209,-26.599742],[-65.156798,-26.597174],[-65.153938,-26.59567],[-65.149381,-26.594858],[-65.148155,-26.595688],[-65.142882,-26.594586],[-65.141563,-26.59153],[-65.139655,-26.589758],[-65.13705,-26.582701],[-65.136243,-26.57924],[-65.140845,-26.575838],[-65.144577,-26.568009],[-65.143756,-26.566452],[-65.097437,-26.575615],[-65.098249,-26.578363],[-65.097134,-26.58101],[-65.100689,-26.58846],[-65.099187,-26.592862],[-65.096707,-26.596868],[-65.090665,-26.60219],[-65.0882,-26.605483],[-65.084997,-26.606825],[-65.082223,-26.611105],[-65.078155,-26.611697],[-65.076022,-26.614125],[-65.075704,-26.619305],[-65.074401,-26.622722],[-65.070724,-26.62656],[-65.070199,-26.628557],[-65.066293,-26.632946],[-65.064947,-26.632321],[-65.05999,-26.634681],[-65.057105,-26.633725],[-65.054587,-26.635153],[-65.055038,-26.63828],[-65.053307,-26.643183],[-65.054693,-26.643182],[-65.054735,-26.646076],[-65.057389,-26.649904],[-65.057632,-26.653539],[-65.05988,-26.654236],[-65.061047,-26.656717],[-65.061229,-26.660394],[-65.062649,-26.660325],[-65.065287,-26.663432],[-65.063694,-26.668638],[-65.066119,-26.670103],[-65.065866,-26.672162],[-65.067473,-26.672537],[-65.067922,-26.678592],[-65.072729,-26.680995],[-65.075042,-26.686742],[-65.073086,-26.689337],[-65.074727,-26.691535],[-65.074804,-26.694212],[-65.079905,-26.702772],[-65.080109,-26.705791],[-65.086489,-26.707184],[-65.088033,-26.711565],[-65.090624,-26.712789],[-65.090867,-26.714199],[-65.053405,-26.721446],[-65.051254,-26.720191],[-65.04912,-26.722249],[-65.046715,-26.722599],[-65.01557,-26.728599],[-65.007841,-26.695028]]]}},{"type":"Feature","properties":{"name":"COMISARIA EL PUESTITO","regional":"URE","color":"#FF9800"},"geometry":{"type":"Polygon","coordinates":[[[-64.703271,-26.379454],[-64.703484,-26.379467],[-64.699945,-26.363909],[-64.728068,-26.36237],[-64.727721,-26.351738],[-64.77494,-26.349164],[-64.771501,-26.342207],[-64.771125,-26.340174],[-64.772082,-26.337375],[-64.772713,-26.334096],[-64.774049,-26.333152],[-64.77399,-26.332435],[-64.772551,-26.330631],[-64.770686,-26.325241],[-64.767248,-26.305206],[-64.767175,-26.304993],[-64.755824,-26.226913],[-64.756455,-26.225884],[-64.757894,-26.225084],[-64.759237,-26.223913],[-64.760849,-26.223792],[-64.762041,-26.222773],[-64.764289,-26.223073],[-64.766573,-26.223733],[-64.767118,-26.223304],[-64.76864,-26.2232],[-64.770061,-26.224151],[-64.771032,-26.224096],[-64.772679,-26.225428],[-64.774136,-26.225783],[-64.776059,-26.225664],[-64.776843,-26.225265],[-64.778173,-26.225321],[-64.778988,-26.224958],[-64.780947,-26.223206],[-64.782991,-26.223882],[-64.783714,-26.223707],[-64.786155,-26.223674],[-64.786471,-26.224083],[-64.788401,-26.224234],[-64.789428,-26.224568],[-64.790089,-26.223536],[-64.790748,-26.22364],[-64.791869,-26.224598],[-64.792836,-26.224931],[-64.793081,-26.225492],[-64.794167,-26.22588],[-64.795298,-26.227821],[-64.795737,-26.227933],[-64.797214,-26.227395],[-64.798637,-26.228147],[-64.800129,-26.228042],[-64.801056,-26.228348],[-64.80167,-26.22902],[-64.803014,-26.229718],[-64.803493,-26.23075],[-64.805895,-26.231754],[-64.806615,-26.231769],[-64.807625,-26.232833],[-64.809228,-26.232657],[-64.810897,-26.232779],[-64.811717,-26.231874],[-64.81326,-26.231671],[-64.814515,-26.231248],[-64.815424,-26.231409],[-64.816777,-26.232214],[-64.817498,-26.233177],[-64.81933,-26.237045],[-64.819216,-26.238407],[-64.819437,-26.23932],[-64.820649,-26.240233],[-64.82067,-26.241108],[-64.821291,-26.24207],[-64.822537,-26.242586],[-64.825061,-26.240386],[-64.825592,-26.239281],[-64.828186,-26.239067],[-64.830586,-26.239303],[-64.830775,-26.239859],[-64.829043,-26.239891],[-64.828691,-26.24052],[-64.827775,-26.240938],[-64.827228,-26.241649],[-64.827639,-26.242659],[-64.828461,-26.242836],[-64.82957,-26.243916],[-64.830446,-26.244118],[-64.832988,-26.243737],[-64.837051,-26.249921],[-64.837579,-26.250818],[-64.837473,-26.251903],[-64.838004,-26.252502],[-64.839512,-26.253209],[-64.839586,-26.255764],[-64.841119,-26.256944],[-64.842686,-26.258494],[-64.84323,-26.260073],[-64.84432,-26.260037],[-64.846009,-26.262816],[-64.848273,-26.26319],[-64.851104,-26.266756],[-64.855594,-26.274052],[-64.859113,-26.278619],[-64.860297,-26.281354],[-64.862291,-26.284014],[-64.861767,-26.285833],[-64.863662,-26.288181],[-64.863611,-26.28976],[-64.865255,-26.28974],[-64.865458,-26.291175],[-64.868739,-26.294154],[-64.870013,-26.295092],[-64.870195,-26.298762],[-64.872335,-26.301928],[-64.873768,-26.303193],[-64.87385,-26.305913],[-64.873365,-26.307493],[-64.873574,-26.308341],[-64.875383,-26.310199],[-64.876615,-26.311788],[-64.878233,-26.314558],[-64.878988,-26.316909],[-64.878697,-26.318029],[-64.877079,-26.320175],[-64.876498,-26.32161],[-64.875092,-26.323224],[-64.878523,-26.325433],[-64.880862,-26.329037],[-64.881896,-26.331366],[-64.880763,-26.334003],[-64.882187,-26.335964],[-64.883514,-26.341232],[-64.881483,-26.346295],[-64.880087,-26.34896],[-64.879278,-26.351014],[-64.879153,-26.353892],[-64.880247,-26.355699],[-64.882052,-26.357856],[-64.88054,-26.361884],[-64.881493,-26.364957],[-64.879613,-26.366446],[-64.878978,-26.367738],[-64.878595,-26.370123],[-64.87766,-26.372032],[-64.876396,-26.372312],[-64.874018,-26.373514],[-64.873404,-26.374822],[-64.871839,-26.375944],[-64.87335,-26.380811],[-64.873072,-26.386756],[-64.874521,-26.395431],[-64.875495,-26.397325],[-64.87809,-26.401451],[-64.877674,-26.404147],[-64.876643,-26.405023],[-64.873627,-26.407057],[-64.871433,-26.408953],[-64.87052,-26.410083],[-64.869303,-26.413701],[-64.869085,-26.415477],[-64.867803,-26.41849],[-64.864577,-26.417282],[-64.822263,-26.439213],[-64.821416,-26.439944],[-64.821549,-26.440635],[-64.820959,-26.441069],[-64.820544,-26.442231],[-64.820534,-26.443183],[-64.820075,-26.44447],[-64.820339,-26.445821],[-64.820041,-26.446646],[-64.820709,-26.446985],[-64.820786,-26.448136],[-64.787557,-26.465396],[-64.78414,-26.467093],[-64.766516,-26.475995],[-64.753322,-26.482763],[-64.744546,-26.487151],[-64.739317,-26.489827],[-64.738306,-26.489664],[-64.738157,-26.490394],[-64.736528,-26.491679],[-64.736101,-26.490376],[-64.735391,-26.489268],[-64.734388,-26.488402],[-64.727894,-26.485267],[-64.726918,-26.484663],[-64.725408,-26.483314],[-64.724022,-26.481391],[-64.715982,-26.469792],[-64.715442,-26.468772],[-64.71397,-26.465085],[-64.713,-26.462956],[-64.709153,-26.455891],[-64.705293,-26.449211],[-64.704781,-26.447428],[-64.70367,-26.441047],[-64.700972,-26.425022],[-64.699275,-26.415234],[-64.711226,-26.413701],[-64.703271,-26.379454]]]}},{"type":"Feature","properties":{"name":"COMISARIA EL TIMBO","regional":"URE","color":"#FF9800"},"geometry":{"type":"Polygon","coordinates":[[[-65.15589,-26.756163],[-65.152908,-26.756948],[-65.151096,-26.755927],[-65.150706,-26.754363],[-65.148684,-26.751797],[-65.145244,-26.749403],[-65.139212,-26.748112],[-65.137682,-26.747164],[-65.135311,-26.748323],[-65.132513,-26.748703],[-65.12969,-26.742891],[-65.130359,-26.741604],[-65.128469,-26.740311],[-65.129074,-26.73857],[-65.127823,-26.73772],[-65.123957,-26.737218],[-65.119533,-26.732138],[-65.116811,-26.731244],[-65.11419,-26.731881],[-65.111954,-26.730489],[-65.110588,-26.731098],[-65.106687,-26.729806],[-65.104346,-26.728293],[-65.103454,-26.726512],[-65.101828,-26.725076],[-65.097566,-26.724358],[-65.096023,-26.722625],[-65.095803,-26.71941],[-65.093752,-26.719099],[-65.093454,-26.717315],[-65.091702,-26.717105],[-65.0917,-26.715372],[-65.090624,-26.712789],[-65.088033,-26.711565],[-65.086762,-26.709399],[-65.086489,-26.707184],[-65.084922,-26.707834],[-65.084475,-26.706276],[-65.081472,-26.705419],[-65.080109,-26.705791],[-65.079905,-26.702772],[-65.078996,-26.703658],[-65.077834,-26.702529],[-65.079081,-26.701404],[-65.076048,-26.696881],[-65.076403,-26.695293],[-65.074804,-26.694212],[-65.074727,-26.691535],[-65.073086,-26.689337],[-65.074663,-26.688055],[-65.075042,-26.686742],[-65.072729,-26.680995],[-65.071123,-26.681062],[-65.070158,-26.679156],[-65.067922,-26.678592],[-65.067473,-26.672537],[-65.065866,-26.672162],[-65.066119,-26.670103],[-65.063694,-26.668638],[-65.065287,-26.663432],[-65.062649,-26.660325],[-65.061229,-26.660394],[-65.061047,-26.656717],[-65.05988,-26.654236],[-65.057632,-26.653539],[-65.056539,-26.654417],[-65.055981,-26.652883],[-65.057186,-26.652722],[-65.057389,-26.649904],[-65.055721,-26.648428],[-65.054735,-26.646076],[-65.054693,-26.643182],[-65.053307,-26.643183],[-65.055038,-26.63828],[-65.054587,-26.635153],[-65.057105,-26.633725],[-65.05999,-26.634681],[-65.064947,-26.632321],[-65.066293,-26.632946],[-65.06902,-26.629407],[-65.070199,-26.628557],[-65.070724,-26.62656],[-65.074401,-26.622722],[-65.075704,-26.619305],[-65.075407,-26.617823],[-65.07621,-26.616088],[-65.076022,-26.614125],[-65.078155,-26.611697],[-65.082223,-26.611105],[-65.083597,-26.60846],[-65.084997,-26.606825],[-65.0882,-26.605483],[-65.090665,-26.60219],[-65.096707,-26.596868],[-65.097173,-26.594934],[-65.099187,-26.592862],[-65.100689,-26.58846],[-65.099782,-26.587596],[-65.09959,-26.585258],[-65.09763,-26.582998],[-65.097134,-26.58101],[-65.098249,-26.578363],[-65.097437,-26.575615],[-65.143756,-26.566452],[-65.144577,-26.568009],[-65.140845,-26.575838],[-65.137881,-26.577634],[-65.136243,-26.57924],[-65.13705,-26.582701],[-65.138531,-26.586031],[-65.139655,-26.589758],[-65.141563,-26.59153],[-65.141703,-26.593468],[-65.142882,-26.594586],[-65.145234,-26.594554],[-65.148155,-26.595688],[-65.149381,-26.594858],[-65.153938,-26.59567],[-65.156798,-26.597174],[-65.158209,-26.599742],[-65.159117,-26.599561],[-65.160866,-26.601644],[-65.163517,-26.60346],[-65.163653,-26.604562],[-65.165771,-26.606333],[-65.167784,-26.605883],[-65.168816,-26.606725],[-65.173343,-26.606869],[-65.176822,-26.608937],[-65.177758,-26.609999],[-65.177028,-26.612512],[-65.179703,-26.613304],[-65.182057,-26.615411],[-65.182759,-26.616932],[-65.185212,-26.616467],[-65.186479,-26.619101],[-65.184758,-26.622529],[-65.184199,-26.624837],[-65.184729,-26.629406],[-65.186866,-26.632009],[-65.188254,-26.631718],[-65.189134,-26.629829],[-65.189741,-26.631238],[-65.189695,-26.633974],[-65.188702,-26.636786],[-65.189906,-26.638796],[-65.191685,-26.640531],[-65.190852,-26.643695],[-65.189875,-26.644623],[-65.187246,-26.645485],[-65.182912,-26.645777],[-65.18156,-26.647146],[-65.181414,-26.648788],[-65.17595,-26.652841],[-65.175357,-26.654271],[-65.173678,-26.655482],[-65.173111,-26.65755],[-65.173984,-26.659224],[-65.172498,-26.662942],[-65.171774,-26.668692],[-65.173437,-26.669231],[-65.172042,-26.67193],[-65.171566,-26.676282],[-65.173648,-26.678639],[-65.175698,-26.683497],[-65.176527,-26.684404],[-65.175937,-26.687741],[-65.174576,-26.689553],[-65.169427,-26.692979],[-65.167666,-26.694711],[-65.166716,-26.696907],[-65.1643,-26.698851],[-65.162033,-26.699758],[-65.162563,-26.701512],[-65.16145,-26.703924],[-65.162544,-26.705393],[-65.16194,-26.708422],[-65.162346,-26.709182],[-65.161691,-26.712102],[-65.160317,-26.713204],[-65.160246,-26.714594],[-65.162254,-26.716248],[-65.16195,-26.718682],[-65.162487,-26.720738],[-65.160999,-26.724209],[-65.15968,-26.724665],[-65.156866,-26.724341],[-65.155042,-26.725748],[-65.154846,-26.727097],[-65.156092,-26.728278],[-65.155263,-26.730394],[-65.157183,-26.734412],[-65.156474,-26.735902],[-65.156573,-26.738171],[-65.154897,-26.744292],[-65.155623,-26.745722],[-65.154866,-26.750607],[-65.156427,-26.750966],[-65.157834,-26.754787],[-65.157728,-26.7562],[-65.15589,-26.756163]]]}},{"type":"Feature","properties":{"name":"COMISARIA GARMENDIA","regional":"URE","color":"#FF9800"},"geometry":{"type":"Polygon","coordinates":[[[-64.651188,-26.423584],[-64.651486,-26.423539],[-64.651616,-26.423701],[-64.669824,-26.46493],[-64.682,-26.484824],[-64.693133,-26.503272],[-64.704388,-26.521938],[-64.702419,-26.522155],[-64.706458,-26.537064],[-64.720842,-26.534575],[-64.722494,-26.533973],[-64.724629,-26.532376],[-64.73321,-26.525647],[-64.749967,-26.512776],[-64.754269,-26.517341],[-64.754454,-26.517241],[-64.754525,-26.517331],[-64.755228,-26.518149],[-64.757829,-26.520699],[-64.758931,-26.521746],[-64.761354,-26.524059],[-64.762349,-26.524772],[-64.763347,-26.525295],[-64.765585,-26.526181],[-64.767053,-26.52678],[-64.76833,-26.527387],[-64.76871,-26.527588],[-64.769168,-26.527881],[-64.769824,-26.52841],[-64.770301,-26.528865],[-64.770846,-26.529547],[-64.771744,-26.530944],[-64.772387,-26.531922],[-64.771969,-26.532478],[-64.769409,-26.535382],[-64.768854,-26.534746],[-64.76626,-26.536194],[-64.76714,-26.537438],[-64.765933,-26.537617],[-64.753644,-26.539388],[-64.752388,-26.539575],[-64.752873,-26.541168],[-64.749752,-26.541681],[-64.73682,-26.543869],[-64.727964,-26.54536],[-64.72874,-26.549133],[-64.729192,-26.551336],[-64.731377,-26.560705],[-64.732218,-26.564548],[-64.732894,-26.567829],[-64.733589,-26.571283],[-64.733761,-26.572042],[-64.724369,-26.573718],[-64.718768,-26.574733],[-64.710511,-26.576247],[-64.706167,-26.577028],[-64.69846,-26.578322],[-64.669933,-26.584392],[-64.668277,-26.584749],[-64.677078,-26.631501],[-64.637354,-26.639073],[-64.632475,-26.639995],[-64.597931,-26.646733],[-64.571103,-26.651149],[-64.572885,-26.660543],[-64.572881,-26.660543],[-64.554626,-26.663742],[-64.548194,-26.664849],[-64.537967,-26.666685],[-64.528313,-26.66839],[-64.522002,-26.669434],[-64.498467,-26.673446],[-64.499199,-26.662012],[-64.499875,-26.651778],[-64.500493,-26.642923],[-64.501237,-26.631354],[-64.50151,-26.627296],[-64.501933,-26.623402],[-64.50216,-26.620562],[-64.501958,-26.619937],[-64.501592,-26.619527],[-64.502214,-26.615717],[-64.502306,-26.615573],[-64.503807,-26.607432],[-64.503957,-26.606694],[-64.504551,-26.604236],[-64.504751,-26.603544],[-64.50531,-26.602223],[-64.504963,-26.601922],[-64.505253,-26.598162],[-64.505391,-26.596792],[-64.505623,-26.593645],[-64.505734,-26.592004],[-64.50595,-26.589344],[-64.506134,-26.586693],[-64.506326,-26.584277],[-64.506529,-26.581833],[-64.506667,-26.579669],[-64.506981,-26.576343],[-64.506815,-26.576034],[-64.507609,-26.565846],[-64.507945,-26.560814],[-64.508225,-26.555502],[-64.508388,-26.552995],[-64.50867,-26.549037],[-64.520891,-26.54818],[-64.521439,-26.546138],[-64.521563,-26.545074],[-64.521427,-26.542393],[-64.520904,-26.539355],[-64.521357,-26.536102],[-64.521488,-26.532927],[-64.52145,-26.532774],[-64.5213,-26.528017],[-64.519874,-26.523445],[-64.518912,-26.520276],[-64.518536,-26.51909],[-64.517591,-26.51613],[-64.517262,-26.515143],[-64.516482,-26.511092],[-64.516649,-26.510552],[-64.517153,-26.509619],[-64.517852,-26.508309],[-64.517924,-26.508165],[-64.517946,-26.508021],[-64.51793,-26.507651],[-64.517811,-26.506774],[-64.517697,-26.506313],[-64.517541,-26.505951],[-64.517368,-26.50538],[-64.517112,-26.503455],[-64.517023,-26.501794],[-64.516866,-26.498382],[-64.516916,-26.498355],[-64.516875,-26.496866],[-64.516908,-26.496695],[-64.516761,-26.496413],[-64.516689,-26.495736],[-64.516655,-26.495275],[-64.516641,-26.494788],[-64.516774,-26.494609],[-64.516886,-26.494447],[-64.516889,-26.494267],[-64.516811,-26.494086],[-64.516702,-26.493976],[-64.516553,-26.493884],[-64.516501,-26.493207],[-64.516463,-26.493044],[-64.516513,-26.489156],[-64.51859,-26.479693],[-64.520108,-26.477823],[-64.523154,-26.472822],[-64.524746,-26.469391],[-64.524862,-26.468824],[-64.525343,-26.467368],[-64.525612,-26.465637],[-64.526302,-26.464834],[-64.526454,-26.464022],[-64.525655,-26.461507],[-64.525368,-26.460832],[-64.525135,-26.459984],[-64.525238,-26.458673],[-64.524548,-26.457496],[-64.524274,-26.456765],[-64.524123,-26.455784],[-64.524352,-26.454811],[-64.523819,-26.452549],[-64.523749,-26.452558],[-64.523446,-26.451174],[-64.523456,-26.448792],[-64.523473,-26.446707],[-64.523469,-26.446211],[-64.523503,-26.445932],[-64.525016,-26.439658],[-64.525315,-26.439011],[-64.525666,-26.437435],[-64.525751,-26.437093],[-64.525836,-26.436643],[-64.525932,-26.436265],[-64.526004,-26.436067],[-64.526117,-26.435843],[-64.526375,-26.43525],[-64.526577,-26.434395],[-64.526978,-26.433578],[-64.527015,-26.43143],[-64.532006,-26.430733],[-64.550452,-26.428051],[-64.550459,-26.427483],[-64.574174,-26.423318],[-64.57423,-26.423679],[-64.581844,-26.422275],[-64.589479,-26.420853],[-64.595809,-26.419471],[-64.602217,-26.418325],[-64.60501,-26.417819],[-64.607802,-26.417323],[-64.607853,-26.417788],[-64.614732,-26.416829],[-64.613204,-26.408753],[-64.635664,-26.404789],[-64.651188,-26.423584]]]}},{"type":"Feature","properties":{"name":"COMISARIA GOB PIEDRABUENA","regional":"URE","color":"#FF9800"},"geometry":{"type":"Polygon","coordinates":[[[-64.714835,-26.842631],[-64.712544,-26.835717],[-64.702155,-26.837324],[-64.680327,-26.840786],[-64.671633,-26.800522],[-64.665647,-26.801648],[-64.665857,-26.80257],[-64.627243,-26.809194],[-64.62121,-26.810207],[-64.620527,-26.806738],[-64.615303,-26.781321],[-64.613096,-26.781733],[-64.592949,-26.69573],[-64.595025,-26.695351],[-64.587137,-26.658005],[-64.572884,-26.660563],[-64.571103,-26.651149],[-64.597931,-26.646733],[-64.632475,-26.639995],[-64.637354,-26.639073],[-64.677078,-26.631501],[-64.682219,-26.65946],[-64.707271,-26.654664],[-64.710136,-26.66689],[-64.720462,-26.665052],[-64.72385,-26.679242],[-64.766693,-26.670795],[-64.809485,-26.659941],[-64.820185,-26.69871],[-64.817296,-26.699467],[-64.819984,-26.709438],[-64.822933,-26.708984],[-64.851357,-26.814078],[-64.805097,-26.822632],[-64.808211,-26.839885],[-64.778184,-26.844474],[-64.781335,-26.858012],[-64.75221,-26.863858],[-64.745189,-26.831546],[-64.719478,-26.836242],[-64.719132,-26.837433],[-64.714835,-26.842631]]]}},{"type":"Feature","properties":{"name":"COMISARIA LA RAMADA","regional":"URE","color":"#FF9800"},"geometry":{"type":"Polygon","coordinates":[[[-65.009476,-26.702268],[-65.010174,-26.705269],[-65.012342,-26.714805],[-65.014813,-26.725526],[-64.98432,-26.731312],[-64.970588,-26.73392],[-64.945478,-26.738663],[-64.92368,-26.742741],[-64.904249,-26.74657],[-64.890126,-26.749277],[-64.87437,-26.752333],[-64.875149,-26.754192],[-64.880024,-26.773897],[-64.879701,-26.773951],[-64.883824,-26.790846],[-64.886363,-26.801173],[-64.894048,-26.833008],[-64.87872,-26.835892],[-64.856326,-26.840135],[-64.852086,-26.8409],[-64.851851,-26.839972],[-64.851265,-26.837251],[-64.849739,-26.830931],[-64.846152,-26.81566],[-64.845998,-26.815036],[-64.851357,-26.814078],[-64.822933,-26.708984],[-64.819984,-26.709438],[-64.817296,-26.699467],[-64.820185,-26.69871],[-64.809485,-26.659941],[-64.803128,-26.63297],[-64.797368,-26.609376],[-64.820732,-26.604718],[-64.831387,-26.6031],[-64.845848,-26.60061],[-64.852082,-26.599568],[-64.853069,-26.599233],[-64.851623,-26.597335],[-64.850861,-26.596246],[-64.84979,-26.594929],[-64.848294,-26.592914],[-64.846896,-26.591188],[-64.880751,-26.584202],[-64.884733,-26.583484],[-64.906878,-26.57899],[-64.967837,-26.566098],[-64.973226,-26.564955],[-64.972938,-26.565774],[-64.97215,-26.566418],[-64.971647,-26.567669],[-64.971638,-26.568652],[-64.971931,-26.569503],[-64.972435,-26.570445],[-64.973081,-26.571099],[-64.973448,-26.571634],[-64.974956,-26.572485],[-64.975774,-26.57305],[-64.976061,-26.573467],[-64.976052,-26.574523],[-64.975874,-26.57528],[-64.976627,-26.576386],[-64.976883,-26.576993],[-64.977408,-26.577764],[-64.977406,-26.577971],[-64.976899,-26.578581],[-64.976714,-26.580159],[-64.977108,-26.581082],[-64.977021,-26.581795],[-64.97601,-26.582654],[-64.976507,-26.583199],[-64.976703,-26.583706],[-64.976597,-26.58431],[-64.976893,-26.585981],[-64.977789,-26.588],[-64.978115,-26.588589],[-64.978241,-26.591334],[-64.97823,-26.592561],[-64.978774,-26.594568],[-64.979765,-26.596046],[-64.980139,-26.596933],[-64.981013,-26.597932],[-64.981475,-26.599064],[-64.981624,-26.6004],[-64.981849,-26.601052],[-64.981948,-26.603525],[-64.983037,-26.605167],[-64.983064,-26.605539],[-64.982748,-26.60613],[-64.982845,-26.606447],[-64.983562,-26.607102],[-64.984884,-26.607562],[-64.984761,-26.607823],[-64.98516,-26.608052],[-64.985315,-26.608729],[-64.984908,-26.609295],[-64.984711,-26.610025],[-64.985224,-26.611066],[-64.985975,-26.611306],[-64.986868,-26.611313],[-64.987256,-26.611785],[-64.987647,-26.611878],[-64.988802,-26.611832],[-64.989958,-26.611605],[-64.990379,-26.611726],[-64.990346,-26.611987],[-64.990711,-26.612766],[-64.990707,-26.613226],[-64.991081,-26.614032],[-64.991501,-26.614315],[-64.992316,-26.61525],[-64.993623,-26.616189],[-64.99448,-26.616935],[-64.995044,-26.617805],[-64.996744,-26.619739],[-64.997384,-26.620087],[-64.998051,-26.620768],[-64.999698,-26.621899],[-65.000327,-26.622264],[-65.001145,-26.622902],[-65.002739,-26.623166],[-65.003117,-26.623611],[-65.002902,-26.624096],[-65.002374,-26.624761],[-65.001918,-26.625154],[-65.001928,-26.626337],[-65.00111,-26.6269],[-65.00055,-26.627789],[-64.999803,-26.628199],[-64.999166,-26.628808],[-64.999086,-26.6299],[-64.999236,-26.631083],[-65.000115,-26.632795],[-65.000155,-26.633977],[-65.00126,-26.636232],[-65.001738,-26.637797],[-65.0007,-26.638277],[-64.999825,-26.639588],[-64.999953,-26.639905],[-64.999949,-26.641493],[-64.999315,-26.642716],[-64.998422,-26.643793],[-64.997544,-26.644319],[-64.99679,-26.644431],[-64.996253,-26.644951],[-64.995607,-26.645298],[-64.994671,-26.645553],[-64.994708,-26.64596],[-64.993117,-26.646454],[-64.992078,-26.64706],[-64.991903,-26.647393],[-64.992229,-26.647973],[-64.992407,-26.649427],[-64.992872,-26.650323],[-64.993352,-26.651717],[-64.993093,-26.653727],[-64.993359,-26.654271],[-64.993887,-26.65478],[-64.994432,-26.655668],[-64.994604,-26.656689],[-64.996763,-26.65896],[-64.998061,-26.659881],[-64.999685,-26.660235],[-65.00121,-26.660418],[-65.001174,-26.661112],[-65.001583,-26.661431],[-65.002974,-26.662],[-65.005616,-26.663156],[-65.006902,-26.664203],[-65.006774,-26.665077],[-65.006858,-26.665836],[-65.007286,-26.666344],[-65.008747,-26.666932],[-65.009143,-26.667639],[-65.008867,-26.668133],[-65.009464,-26.66885],[-65.009253,-26.669204],[-65.009873,-26.670893],[-65.009821,-26.671259],[-65.008605,-26.672411],[-65.007554,-26.673035],[-65.00559,-26.675792],[-65.006471,-26.679217],[-65.006667,-26.679841],[-65.006524,-26.680092],[-65.006935,-26.681278],[-65.006901,-26.681729],[-65.007699,-26.682483],[-65.008374,-26.683354],[-65.008724,-26.683501],[-65.009182,-26.684028],[-65.009478,-26.684698],[-65.009761,-26.686838],[-65.009357,-26.68938],[-65.009692,-26.690098],[-65.009616,-26.690763],[-65.009287,-26.691627],[-65.009249,-26.69252],[-65.009053,-26.69316],[-65.007841,-26.695028],[-65.009476,-26.702268]]]}},{"type":"Feature","properties":{"name":"COMISARIA EL CAJON","regional":"URE","color":"#FF9800"},"geometry":{"type":"Polygon","coordinates":[[[-64.868723,-26.51036],[-64.871664,-26.507567],[-64.87108,-26.50623],[-64.8716,-26.504365],[-64.871743,-26.50198],[-64.873792,-26.497633],[-64.873364,-26.497372],[-64.873748,-26.49716],[-64.874371,-26.496993],[-64.875225,-26.496989],[-64.87608,-26.496851],[-64.876483,-26.495973],[-64.876543,-26.495979],[-64.877311,-26.494964],[-64.87781,-26.494645],[-64.878781,-26.494819],[-64.880457,-26.495671],[-64.881066,-26.49567],[-64.881701,-26.495433],[-64.882238,-26.494938],[-64.882556,-26.494459],[-64.883134,-26.493967],[-64.883309,-26.493396],[-64.883604,-26.492853],[-64.884116,-26.492145],[-64.884177,-26.491982],[-64.885029,-26.492467],[-64.88486,-26.493029],[-64.884148,-26.493704],[-64.883369,-26.494662],[-64.882764,-26.496062],[-64.880241,-26.496421],[-64.879941,-26.497152],[-64.878964,-26.497795],[-64.880425,-26.497712],[-64.880486,-26.498841],[-64.883118,-26.498639],[-64.889819,-26.492114],[-64.895671,-26.487066],[-64.897521,-26.485646],[-64.900367,-26.481162],[-64.911465,-26.483826],[-64.916272,-26.485083],[-64.918117,-26.484745],[-64.919748,-26.486546],[-64.927625,-26.483248],[-64.928476,-26.480248],[-64.930541,-26.477821],[-64.933269,-26.477229],[-64.938614,-26.478405],[-64.940405,-26.477435],[-64.938767,-26.475319],[-64.943652,-26.473865],[-64.944454,-26.475305],[-64.944883,-26.475486],[-64.94508,-26.474504],[-64.949202,-26.477146],[-64.952176,-26.481068],[-64.95448,-26.485776],[-64.954801,-26.485899],[-64.955317,-26.486314],[-64.956336,-26.487474],[-64.956643,-26.488194],[-64.957529,-26.489296],[-64.957749,-26.489725],[-64.958077,-26.491041],[-64.957884,-26.491668],[-64.958775,-26.493182],[-64.958576,-26.494406],[-64.958737,-26.495334],[-64.959965,-26.496254],[-64.959857,-26.499356],[-64.960583,-26.500312],[-64.961759,-26.500949],[-64.961644,-26.501795],[-64.961075,-26.502379],[-64.960982,-26.502709],[-64.961014,-26.503168],[-64.962869,-26.50402],[-64.963168,-26.504675],[-64.962814,-26.506212],[-64.963383,-26.506716],[-64.963224,-26.507424],[-64.962754,-26.507912],[-64.961651,-26.508017],[-64.961611,-26.508476],[-64.961346,-26.509063],[-64.960663,-26.509332],[-64.960331,-26.510361],[-64.959771,-26.511072],[-64.953987,-26.512291],[-64.930909,-26.517141],[-64.860938,-26.531913],[-64.855427,-26.5329],[-64.8569,-26.527061],[-64.857159,-26.526289],[-64.8583,-26.525041],[-64.859259,-26.524098],[-64.861541,-26.521634],[-64.862838,-26.520967],[-64.86345,-26.520682],[-64.862952,-26.520275],[-64.862669,-26.519934],[-64.862746,-26.519403],[-64.862713,-26.519032],[-64.862303,-26.518819],[-64.861462,-26.518764],[-64.863194,-26.51752],[-64.864121,-26.516158],[-64.864258,-26.51503],[-64.868212,-26.511935],[-64.868723,-26.51036]]]}},{"type":"Feature","properties":{"name":"COMISARIA VILLA BENJAMIN ARAOZ","regional":"URE","color":"#FF9800"},"geometry":{"type":"MultiPolygon","coordinates":[[[[-64.861389,-26.518772],[-64.862284,-26.518835],[-64.862584,-26.518974],[-64.862773,-26.51936],[-64.862717,-26.519971],[-64.862849,-26.520198],[-64.863474,-26.520656],[-64.861738,-26.521457],[-64.859643,-26.523697],[-64.857431,-26.525967],[-64.857107,-26.52647],[-64.856427,-26.529098],[-64.8555,-26.532864],[-64.860963,-26.531919],[-64.862376,-26.531591],[-64.875344,-26.528821],[-64.935712,-26.516134],[-64.959768,-26.511073],[-64.959347,-26.51159],[-64.959013,-26.514106],[-64.957984,-26.51482],[-64.95705,-26.514931],[-64.95599,-26.515672],[-64.955213,-26.517227],[-64.956143,-26.517604],[-64.957428,-26.518579],[-64.959353,-26.519785],[-64.959125,-26.520577],[-64.957636,-26.521045],[-64.957279,-26.521755],[-64.957713,-26.522579],[-64.957043,-26.523477],[-64.957183,-26.524552],[-64.957851,-26.525008],[-64.957592,-26.525963],[-64.958797,-26.526964],[-64.959473,-26.528801],[-64.958568,-26.531168],[-64.959083,-26.533094],[-64.958701,-26.534246],[-64.957983,-26.534936],[-64.956486,-26.53738],[-64.956757,-26.538474],[-64.9586,-26.539895],[-64.95896,-26.540033],[-64.959168,-26.541415],[-64.960624,-26.542374],[-64.96298,-26.542625],[-64.965008,-26.541341],[-64.967429,-26.542143],[-64.969071,-26.542561],[-64.96992,-26.543064],[-64.970137,-26.54339],[-64.970635,-26.543899],[-64.971234,-26.544147],[-64.971453,-26.544374],[-64.971441,-26.5446],[-64.971125,-26.545211],[-64.970754,-26.546292],[-64.970796,-26.547194],[-64.971017,-26.548261],[-64.971285,-26.548552],[-64.971522,-26.548996],[-64.971609,-26.549402],[-64.971513,-26.550069],[-64.971466,-26.550818],[-64.971322,-26.551196],[-64.971193,-26.552125],[-64.97106,-26.552458],[-64.97099,-26.553486],[-64.971062,-26.554479],[-64.971175,-26.555292],[-64.971333,-26.555573],[-64.971409,-26.556043],[-64.971316,-26.55634],[-64.97131,-26.556999],[-64.97121,-26.558081],[-64.971467,-26.558507],[-64.972235,-26.559036],[-64.97288,-26.558833],[-64.973818,-26.558281],[-64.974108,-26.558364],[-64.975038,-26.558741],[-64.975207,-26.558895],[-64.976109,-26.559073],[-64.976458,-26.559319],[-64.976486,-26.559482],[-64.976735,-26.559782],[-64.977603,-26.560338],[-64.977641,-26.560528],[-64.978177,-26.561236],[-64.978606,-26.561537],[-64.978655,-26.561681],[-64.97832,-26.562058],[-64.977998,-26.562137],[-64.977658,-26.562071],[-64.977416,-26.56216],[-64.977012,-26.562446],[-64.976288,-26.562666],[-64.975703,-26.562915],[-64.974985,-26.563568],[-64.974551,-26.563818],[-64.973924,-26.564409],[-64.973531,-26.564524],[-64.973226,-26.564955],[-64.967837,-26.566098],[-64.906878,-26.57899],[-64.884733,-26.583484],[-64.880751,-26.584202],[-64.846896,-26.591188],[-64.848294,-26.592914],[-64.84979,-26.594929],[-64.850861,-26.596246],[-64.851623,-26.597335],[-64.853069,-26.599233],[-64.852082,-26.599568],[-64.845848,-26.60061],[-64.831387,-26.6031],[-64.820732,-26.604718],[-64.797368,-26.609376],[-64.803128,-26.63297],[-64.809485,-26.659941],[-64.766693,-26.670795],[-64.72385,-26.679242],[-64.720462,-26.665052],[-64.710136,-26.66689],[-64.707271,-26.654664],[-64.682219,-26.65946],[-64.677078,-26.631501],[-64.668277,-26.584749],[-64.669933,-26.584392],[-64.69846,-26.578322],[-64.706167,-26.577028],[-64.710511,-26.576247],[-64.718768,-26.574733],[-64.724369,-26.573718],[-64.733761,-26.572042],[-64.733589,-26.571283],[-64.732894,-26.567829],[-64.732218,-26.564548],[-64.731377,-26.560705],[-64.729192,-26.551336],[-64.727964,-26.54536],[-64.728042,-26.545368],[-64.737679,-26.543724],[-64.749752,-26.541681],[-64.752873,-26.541168],[-64.752388,-26.539575],[-64.753644,-26.539388],[-64.765933,-26.537617],[-64.766838,-26.537482],[-64.768331,-26.537345],[-64.771833,-26.532632],[-64.772369,-26.531895],[-64.7751,-26.528063],[-64.785379,-26.515155],[-64.790528,-26.508949],[-64.798344,-26.500321],[-64.801014,-26.497334],[-64.801048,-26.497359],[-64.803789,-26.503015],[-64.806818,-26.499717],[-64.810154,-26.496048],[-64.811866,-26.493929],[-64.814408,-26.491543],[-64.822821,-26.483112],[-64.8252,-26.480671],[-64.825898,-26.479468],[-64.827084,-26.477696],[-64.827155,-26.477756],[-64.830635,-26.472479],[-64.873288,-26.440455],[-64.874855,-26.442267],[-64.874815,-26.442539],[-64.872855,-26.446191],[-64.872539,-26.447683],[-64.872627,-26.450231],[-64.875048,-26.457383],[-64.876946,-26.460047],[-64.877694,-26.464604],[-64.876436,-26.469858],[-64.874608,-26.471576],[-64.872876,-26.474993],[-64.87533,-26.478782],[-64.874062,-26.481081],[-64.874798,-26.483057],[-64.8722,-26.486297],[-64.873917,-26.488213],[-64.874741,-26.49277],[-64.873301,-26.497276],[-64.873787,-26.497687],[-64.871783,-26.501917],[-64.871646,-26.504361],[-64.871099,-26.506293],[-64.871615,-26.507553],[-64.868738,-26.51035],[-64.868194,-26.511925],[-64.864276,-26.514933],[-64.864151,-26.516121],[-64.863174,-26.517523],[-64.861389,-26.518772]]],[[[-64.766838,-26.537482],[-64.76714,-26.537438],[-64.76626,-26.536194],[-64.766532,-26.536043],[-64.768854,-26.534746],[-64.769409,-26.535382],[-64.771833,-26.532632],[-64.768331,-26.537345],[-64.766838,-26.537482]]],[[[-64.728038,-26.545348],[-64.73682,-26.543869],[-64.737679,-26.543724],[-64.728042,-26.545368],[-64.728038,-26.545348]]]]}},{"type":"Feature","properties":{"name":"COMISARIA VILLA PADRE MONTI","regional":"URE","color":"#FF9800"},"geometry":{"type":"Polygon","coordinates":[[[-64.869278,-26.434701],[-64.872701,-26.430062],[-64.871726,-26.420128],[-64.867803,-26.41849],[-64.87052,-26.410083],[-64.877674,-26.404147],[-64.87809,-26.401451],[-64.874521,-26.395431],[-64.873072,-26.386756],[-64.87335,-26.380811],[-64.871839,-26.375944],[-64.87766,-26.372032],[-64.882052,-26.357856],[-64.879153,-26.353892],[-64.879278,-26.351014],[-64.883514,-26.341232],[-64.880763,-26.334003],[-64.881896,-26.331366],[-64.878523,-26.325433],[-64.875092,-26.323224],[-64.878988,-26.316909],[-64.873574,-26.308341],[-64.873768,-26.303193],[-64.870195,-26.298762],[-64.870013,-26.295092],[-64.863611,-26.28976],[-64.862291,-26.284014],[-64.851104,-26.266756],[-64.848273,-26.26319],[-64.839586,-26.255764],[-64.839512,-26.253209],[-64.832988,-26.243737],[-64.827228,-26.241649],[-64.832168,-26.237123],[-64.840281,-26.234872],[-64.84457,-26.235729],[-64.847477,-26.241599],[-64.846588,-26.247278],[-64.852361,-26.24967],[-64.850358,-26.253107],[-64.85553,-26.252544],[-64.85839,-26.25445],[-64.858394,-26.258439],[-64.863846,-26.261469],[-64.875789,-26.275363],[-64.880794,-26.275793],[-64.88228,-26.277763],[-64.889197,-26.280341],[-64.897337,-26.279515],[-64.903782,-26.287302],[-64.912176,-26.291987],[-64.91709,-26.290974],[-64.918517,-26.293065],[-64.92577,-26.29403],[-64.930665,-26.297068],[-64.932561,-26.295033],[-64.934047,-26.299873],[-64.93876,-26.297863],[-64.94121,-26.298941],[-64.939022,-26.301692],[-64.948515,-26.304675],[-64.951523,-26.30654],[-64.958468,-26.302638],[-64.961309,-26.303382],[-64.961766,-26.30035],[-64.966695,-26.291739],[-64.96899,-26.286022],[-64.96729,-26.280696],[-64.96824,-26.274038],[-64.96617,-26.271173],[-64.964445,-26.263131],[-64.96573,-26.261001],[-64.969223,-26.265622],[-64.978773,-26.271988],[-64.987716,-26.275863],[-64.994314,-26.279794],[-64.999719,-26.280097],[-65.006487,-26.283607],[-65.012932,-26.281699],[-65.018919,-26.285661],[-65.030947,-26.28616],[-65.034682,-26.28476],[-65.038227,-26.28713],[-65.036766,-26.289165],[-65.039581,-26.29249],[-65.03784,-26.297189],[-65.041905,-26.302139],[-65.046407,-26.31783],[-65.044008,-26.318795],[-65.046596,-26.322985],[-65.052195,-26.327461],[-65.051252,-26.330708],[-65.054991,-26.332117],[-65.057116,-26.335133],[-65.060568,-26.334813],[-65.064353,-26.340542],[-65.067843,-26.341672],[-65.066835,-26.344273],[-65.070478,-26.35764],[-65.07952,-26.362587],[-65.080667,-26.368579],[-65.083236,-26.372701],[-65.086644,-26.372104],[-65.087839,-26.377409],[-65.090789,-26.380373],[-65.089906,-26.385779],[-65.090789,-26.391944],[-65.093939,-26.395704],[-65.102769,-26.400894],[-65.10232,-26.407681],[-65.103714,-26.411302],[-65.102594,-26.415634],[-65.103767,-26.420275],[-65.107094,-26.424546],[-65.106585,-26.428185],[-65.110494,-26.433632],[-65.107909,-26.441094],[-65.111195,-26.446248],[-65.109149,-26.461004],[-65.112906,-26.467319],[-65.111677,-26.46938],[-65.116738,-26.475624],[-65.115067,-26.480998],[-65.11116,-26.484806],[-65.096605,-26.490471],[-65.094106,-26.488158],[-65.089519,-26.487025],[-65.092824,-26.489753],[-65.093965,-26.494263],[-65.089094,-26.497403],[-65.085401,-26.496576],[-65.081283,-26.504363],[-65.074585,-26.507107],[-65.072619,-26.511218],[-65.069418,-26.508467],[-65.069648,-26.513958],[-65.066066,-26.514692],[-65.068018,-26.51735],[-65.066885,-26.519902],[-65.063028,-26.520437],[-65.0595,-26.524946],[-65.055944,-26.525972],[-65.052178,-26.523257],[-65.037121,-26.5245],[-65.031211,-26.52705],[-65.02723,-26.532099],[-65.028931,-26.542695],[-65.023072,-26.545924],[-65.021313,-26.555557],[-65.024358,-26.559964],[-65.023747,-26.56308],[-65.019547,-26.565892],[-65.020615,-26.567373],[-64.975884,-26.575316],[-64.976061,-26.573467],[-64.971638,-26.568652],[-64.97215,-26.566418],[-64.978655,-26.561681],[-64.976109,-26.559073],[-64.97121,-26.558081],[-64.971441,-26.5446],[-64.965008,-26.541341],[-64.960624,-26.542374],[-64.956486,-26.53738],[-64.959083,-26.533094],[-64.959473,-26.528801],[-64.957592,-26.525963],[-64.957636,-26.521045],[-64.959353,-26.519785],[-64.955213,-26.517227],[-64.959013,-26.514106],[-64.96275,-26.507915],[-64.962906,-26.504035],[-64.959858,-26.499347],[-64.959986,-26.496271],[-64.957552,-26.489313],[-64.954485,-26.485771],[-64.949205,-26.477151],[-64.943656,-26.473876],[-64.938763,-26.475327],[-64.938614,-26.478396],[-64.930538,-26.47781],[-64.927619,-26.48325],[-64.919751,-26.486544],[-64.916275,-26.485077],[-64.900378,-26.481172],[-64.897527,-26.485637],[-64.88311,-26.498636],[-64.880488,-26.498838],[-64.876502,-26.495954],[-64.87333,-26.497319],[-64.874798,-26.492809],[-64.872253,-26.486354],[-64.874933,-26.483054],[-64.875456,-26.478781],[-64.872976,-26.474989],[-64.876445,-26.469872],[-64.87775,-26.464576],[-64.872756,-26.450242],[-64.874928,-26.442299],[-64.869278,-26.434701]]]}},{"type":"Feature","properties":{"name":"COMISARIA BANDA DEL RIO SALI","regional":"URE","color":"#FF9800"},"geometry":{"type":"Polygon","coordinates":[[[-65.174075,-26.838656],[-65.174223,-26.839053],[-65.174708,-26.839667],[-65.175779,-26.840288],[-65.176295,-26.840727],[-65.176561,-26.841292],[-65.176693,-26.84199],[-65.176475,-26.842464],[-65.176326,-26.842799],[-65.176389,-26.843377],[-65.176678,-26.843691],[-65.176764,-26.844696],[-65.176873,-26.845198],[-65.177155,-26.845512],[-65.177835,-26.845637],[-65.178186,-26.846014],[-65.178437,-26.846537],[-65.17932,-26.847381],[-65.17964,-26.848899],[-65.179609,-26.84915],[-65.179625,-26.849429],[-65.179718,-26.849624],[-65.179781,-26.849917],[-65.180082,-26.850449],[-65.175389,-26.851378],[-65.175382,-26.851375],[-65.173412,-26.851806],[-65.164339,-26.853593],[-65.157387,-26.854886],[-65.157136,-26.855827],[-65.150352,-26.85706],[-65.15001,-26.860428],[-65.129015,-26.863992],[-65.128388,-26.860345],[-65.128352,-26.860351],[-65.124852,-26.847152],[-65.123308,-26.840561],[-65.129751,-26.839338],[-65.132532,-26.838759],[-65.132633,-26.838742],[-65.134547,-26.838357],[-65.13757,-26.83777],[-65.146134,-26.836036],[-65.146126,-26.835994],[-65.15267,-26.834775],[-65.158503,-26.83367],[-65.164032,-26.832762],[-65.164094,-26.832751],[-65.165063,-26.836538],[-65.169813,-26.835599],[-65.169937,-26.835514],[-65.170913,-26.835327],[-65.172238,-26.83486],[-65.172244,-26.834854],[-65.172652,-26.834708],[-65.172879,-26.835545],[-65.172855,-26.835963],[-65.17327,-26.836445],[-65.173551,-26.837024],[-65.17359,-26.837365],[-65.17402,-26.837972],[-65.174075,-26.838656]]]}},{"type":"Feature","properties":{"name":"COMISARIA COLOMBRES","regional":"URE","color":"#FF9800"},"geometry":{"type":"MultiPolygon","coordinates":[[[[-65.084811,-26.925382],[-65.059068,-26.945512],[-65.057332,-26.938014],[-65.056889,-26.938018],[-65.054421,-26.929208],[-65.054044,-26.929376],[-65.053713,-26.929283],[-65.053592,-26.929282],[-65.0533,-26.929335],[-65.052937,-26.929395],[-65.050658,-26.929813],[-65.049357,-26.930057],[-65.048863,-26.930135],[-65.046251,-26.930623],[-65.044759,-26.930856],[-65.042873,-26.931214],[-65.041462,-26.931484],[-65.038719,-26.931998],[-65.036238,-26.932432],[-65.035391,-26.932607],[-65.033556,-26.932928],[-65.031539,-26.933311],[-65.02925,-26.933747],[-65.028796,-26.933816],[-65.027111,-26.928362],[-65.026946,-26.927657],[-65.02631,-26.92555],[-65.02585,-26.92395],[-65.025831,-26.923896],[-65.025478,-26.92272],[-65.025107,-26.921436],[-65.025087,-26.921373],[-65.023814,-26.91724],[-65.023724,-26.91714],[-65.022851,-26.914499],[-65.022416,-26.913611],[-65.022018,-26.912995],[-65.019749,-26.910028],[-65.019659,-26.909973],[-65.018494,-26.908467],[-65.017508,-26.907206],[-65.016543,-26.905954],[-65.016365,-26.905565],[-65.015429,-26.904358],[-65.015051,-26.903877],[-65.014981,-26.903795],[-65.014484,-26.903124],[-65.014157,-26.902544],[-65.01382,-26.901865],[-65.013604,-26.901331],[-65.013081,-26.898918],[-65.012911,-26.898827],[-65.011756,-26.893864],[-65.015183,-26.893274],[-65.015415,-26.893222],[-65.015577,-26.893169],[-65.01546,-26.892663],[-65.015235,-26.891921],[-65.014736,-26.889156],[-65.014699,-26.889081],[-65.010873,-26.889783],[-65.009958,-26.886011],[-65.009551,-26.884588],[-65.00948,-26.884345],[-65.009069,-26.882276],[-65.009067,-26.882265],[-65.021103,-26.880186],[-65.03965,-26.876946],[-65.042391,-26.876449],[-65.04579,-26.875846],[-65.050967,-26.87501],[-65.054172,-26.874451],[-65.054399,-26.874443],[-65.056544,-26.874066],[-65.057165,-26.874043],[-65.069384,-26.871874],[-65.072767,-26.871277],[-65.091634,-26.86783],[-65.094069,-26.86735],[-65.106748,-26.865075],[-65.123549,-26.862058],[-65.127046,-26.861466],[-65.127046,-26.861468],[-65.127226,-26.861436],[-65.128167,-26.861277],[-65.128789,-26.863978],[-65.129022,-26.86499],[-65.129801,-26.868298],[-65.130123,-26.869645],[-65.130718,-26.872121],[-65.131878,-26.876983],[-65.131927,-26.877173],[-65.131985,-26.877444],[-65.13262,-26.879966],[-65.13265,-26.880093],[-65.133108,-26.881954],[-65.133215,-26.882461],[-65.133278,-26.883481],[-65.133231,-26.884329],[-65.133136,-26.884987],[-65.132979,-26.885699],[-65.132824,-26.886303],[-65.132618,-26.886915],[-65.132413,-26.887329],[-65.132158,-26.887815],[-65.131842,-26.888336],[-65.131506,-26.888776],[-65.130836,-26.889521],[-65.130714,-26.88971],[-65.128922,-26.891134],[-65.12874,-26.89125],[-65.128517,-26.891384],[-65.128326,-26.891455],[-65.128195,-26.891373],[-65.124165,-26.894561],[-65.122351,-26.896138],[-65.12146,-26.896845],[-65.12068,-26.897454],[-65.120407,-26.89766],[-65.120214,-26.897821],[-65.119909,-26.898095],[-65.114973,-26.902021],[-65.114763,-26.90195],[-65.11441,-26.902247],[-65.113541,-26.902941],[-65.112526,-26.903646],[-65.111284,-26.904597],[-65.111163,-26.904605],[-65.109725,-26.905751],[-65.109794,-26.905851],[-65.107647,-26.907543],[-65.105905,-26.908931],[-65.105247,-26.909423],[-65.105096,-26.909341],[-65.103739,-26.910424],[-65.102958,-26.911114],[-65.098611,-26.914714],[-65.096646,-26.916218],[-65.093831,-26.918347],[-65.092335,-26.919024],[-65.092657,-26.919053],[-65.090428,-26.920825],[-65.08982,-26.921363],[-65.087622,-26.923063],[-65.087296,-26.923467],[-65.086283,-26.924237],[-65.084814,-26.9254],[-65.084811,-26.925382]]],[[[-65.127226,-26.861436],[-65.128165,-26.861267],[-65.128167,-26.861277],[-65.127226,-26.861436]]]]}},{"type":"Feature","properties":{"name":"COMISARIA DE ALDERETES","regional":"URE","color":"#FF9800"},"geometry":{"type":"Polygon","coordinates":[[[-65.164866,-26.825013],[-65.161578,-26.825681],[-65.153526,-26.827168],[-65.162429,-26.830901],[-65.163537,-26.831467],[-65.163836,-26.831816],[-65.164111,-26.832748],[-65.158503,-26.83367],[-65.15267,-26.834775],[-65.146126,-26.835994],[-65.146134,-26.836036],[-65.13757,-26.83777],[-65.132532,-26.838759],[-65.129751,-26.839338],[-65.123178,-26.840585],[-65.122081,-26.835942],[-65.121918,-26.834949],[-65.121829,-26.83345],[-65.12191,-26.832061],[-65.122215,-26.830411],[-65.12271,-26.828826],[-65.122156,-26.825014],[-65.121691,-26.82262],[-65.118269,-26.822887],[-65.114162,-26.82492],[-65.112409,-26.817228],[-65.110597,-26.809718],[-65.108918,-26.802662],[-65.108915,-26.802199],[-65.106397,-26.792463],[-65.106138,-26.788256],[-65.105847,-26.783119],[-65.10577,-26.782613],[-65.104558,-26.776893],[-65.104679,-26.776867],[-65.103706,-26.772755],[-65.103533,-26.772401],[-65.102992,-26.769979],[-65.101874,-26.769268],[-65.101895,-26.769151],[-65.102831,-26.768968],[-65.099869,-26.755746],[-65.101107,-26.755546],[-65.109413,-26.753902],[-65.112182,-26.753378],[-65.125741,-26.750998],[-65.12716,-26.750718],[-65.12721,-26.750782],[-65.129877,-26.750302],[-65.129938,-26.750203],[-65.129697,-26.74892],[-65.129672,-26.748171],[-65.129203,-26.747726],[-65.129092,-26.746579],[-65.129544,-26.745237],[-65.129379,-26.744442],[-65.129904,-26.744102],[-65.130185,-26.744194],[-65.130313,-26.744583],[-65.131384,-26.746539],[-65.131902,-26.747056],[-65.13197,-26.747454],[-65.131722,-26.748382],[-65.132051,-26.748664],[-65.132513,-26.748703],[-65.13335,-26.748383],[-65.133893,-26.748404],[-65.134326,-26.748244],[-65.135311,-26.748323],[-65.136027,-26.747903],[-65.13608,-26.747596],[-65.136404,-26.747273],[-65.137079,-26.747097],[-65.137682,-26.747164],[-65.138242,-26.747456],[-65.138924,-26.74765],[-65.139212,-26.748112],[-65.140115,-26.748424],[-65.140697,-26.7485],[-65.141017,-26.748745],[-65.141881,-26.748868],[-65.142585,-26.748782],[-65.143439,-26.748814],[-65.14427,-26.749207],[-65.144663,-26.749192],[-65.145244,-26.749403],[-65.145664,-26.749739],[-65.145762,-26.750028],[-65.146865,-26.750459],[-65.147314,-26.750895],[-65.148015,-26.75117],[-65.148684,-26.751797],[-65.148521,-26.752048],[-65.148477,-26.752671],[-65.149019,-26.752737],[-65.149218,-26.753045],[-65.150128,-26.753683],[-65.150706,-26.754363],[-65.151089,-26.75552],[-65.151096,-26.755927],[-65.151645,-26.75648],[-65.152908,-26.756948],[-65.153904,-26.756873],[-65.155021,-26.756681],[-65.15589,-26.756163],[-65.156451,-26.756374],[-65.157208,-26.75637],[-65.157728,-26.7562],[-65.157816,-26.756907],[-65.158102,-26.75781],[-65.15877,-26.758846],[-65.159781,-26.759466],[-65.160371,-26.760511],[-65.161268,-26.761693],[-65.161714,-26.762037],[-65.162703,-26.763101],[-65.162782,-26.763597],[-65.162402,-26.764561],[-65.162102,-26.765042],[-65.162192,-26.765897],[-65.161934,-26.766261],[-65.161665,-26.766253],[-65.160655,-26.766755],[-65.158855,-26.769407],[-65.158664,-26.77018],[-65.158913,-26.771005],[-65.159414,-26.771373],[-65.160742,-26.771294],[-65.161079,-26.77157],[-65.161441,-26.772117],[-65.1618,-26.772402],[-65.161721,-26.772742],[-65.161817,-26.77358],[-65.162327,-26.775511],[-65.161782,-26.775919],[-65.161536,-26.775574],[-65.161008,-26.775589],[-65.160727,-26.776045],[-65.160955,-26.776846],[-65.160269,-26.778259],[-65.160146,-26.778824],[-65.159765,-26.779175],[-65.15938,-26.779898],[-65.159178,-26.780635],[-65.159628,-26.781568],[-65.159312,-26.782561],[-65.158636,-26.783677],[-65.159156,-26.785099],[-65.159506,-26.785764],[-65.160455,-26.786673],[-65.161197,-26.788049],[-65.161305,-26.788774],[-65.161166,-26.790442],[-65.161518,-26.791541],[-65.161923,-26.792122],[-65.162151,-26.792688],[-65.162046,-26.793865],[-65.162151,-26.794148],[-65.161999,-26.794808],[-65.162191,-26.795158],[-65.162081,-26.796314],[-65.162116,-26.797287],[-65.161938,-26.798921],[-65.16134,-26.799718],[-65.161496,-26.800647],[-65.161723,-26.801042],[-65.16168,-26.801351],[-65.160927,-26.802694],[-65.159285,-26.804536],[-65.15905,-26.805197],[-65.159241,-26.805791],[-65.159812,-26.806475],[-65.160018,-26.80731],[-65.159719,-26.807944],[-65.159809,-26.808603],[-65.159473,-26.809521],[-65.159461,-26.810337],[-65.159595,-26.810856],[-65.159877,-26.811055],[-65.160657,-26.812342],[-65.160654,-26.812777],[-65.160348,-26.81354],[-65.15982,-26.814475],[-65.159899,-26.815035],[-65.160873,-26.816169],[-65.160731,-26.817083],[-65.161235,-26.817412],[-65.161614,-26.818413],[-65.162207,-26.819447],[-65.162219,-26.819946],[-65.161961,-26.821255],[-65.162145,-26.821595],[-65.163314,-26.822221],[-65.1635,-26.822493],[-65.163438,-26.823475],[-65.163961,-26.823635],[-65.163664,-26.823971],[-65.163938,-26.824237],[-65.16524,-26.824356],[-65.165858,-26.824783],[-65.164866,-26.825013]]]}},{"type":"Feature","properties":{"name":"COMISARIA DE LASTENIA","regional":"URE","color":"#FF9800"},"geometry":{"type":"Polygon","coordinates":[[[-65.180596,-26.851671],[-65.180592,-26.851759],[-65.180504,-26.851986],[-65.180421,-26.852115],[-65.180154,-26.852303],[-65.180092,-26.852462],[-65.180074,-26.852627],[-65.179906,-26.853571],[-65.179903,-26.853993],[-65.180013,-26.854289],[-65.180186,-26.854455],[-65.180535,-26.854531],[-65.180839,-26.854607],[-65.181099,-26.854856],[-65.181727,-26.855334],[-65.183206,-26.855917],[-65.18338,-26.85644],[-65.183713,-26.857056],[-65.183895,-26.857365],[-65.184148,-26.85795],[-65.184231,-26.858325],[-65.184241,-26.858743],[-65.184495,-26.85924],[-65.184655,-26.859604],[-65.184756,-26.859946],[-65.184835,-26.860075],[-65.18485,-26.860298],[-65.186325,-26.861607],[-65.186552,-26.86182],[-65.186875,-26.862394],[-65.18754,-26.86266],[-65.187446,-26.862801],[-65.187699,-26.862982],[-65.187411,-26.862895],[-65.185906,-26.864993],[-65.185392,-26.865709],[-65.184936,-26.86631],[-65.184259,-26.866922],[-65.183092,-26.8678],[-65.181855,-26.868422],[-65.175152,-26.871252],[-65.168218,-26.8744],[-65.16651,-26.875228],[-65.166049,-26.875303],[-65.165657,-26.875222],[-65.165241,-26.875255],[-65.164941,-26.875379],[-65.164496,-26.87585],[-65.164188,-26.876186],[-65.163758,-26.876505],[-65.163395,-26.876707],[-65.163151,-26.876787],[-65.162388,-26.875894],[-65.157149,-26.876901],[-65.152939,-26.877781],[-65.152406,-26.877694],[-65.148797,-26.878488],[-65.147859,-26.87412],[-65.136881,-26.876167],[-65.133967,-26.876766],[-65.135098,-26.881024],[-65.133099,-26.881434],[-65.129604,-26.866464],[-65.12902,-26.864003],[-65.145401,-26.861152],[-65.150016,-26.860432],[-65.150357,-26.857063],[-65.151702,-26.856843],[-65.157178,-26.855847],[-65.157429,-26.854878],[-65.159192,-26.854556],[-65.161762,-26.854076],[-65.163993,-26.85366],[-65.166721,-26.853132],[-65.171682,-26.852151],[-65.173398,-26.851816],[-65.175389,-26.851378],[-65.179607,-26.850551],[-65.180082,-26.850449],[-65.180399,-26.851074],[-65.180431,-26.851132],[-65.180576,-26.851453],[-65.180596,-26.851671]]]}},{"type":"Feature","properties":{"name":"COMISARIA DE RANCHILLOS","regional":"URE","color":"#FF9800"},"geometry":{"type":"Polygon","coordinates":[[[-65.059025,-26.945501],[-65.058914,-26.945588],[-65.059164,-26.945882],[-65.059367,-26.946711],[-65.065155,-26.971105],[-65.065117,-26.971112],[-65.064837,-26.971167],[-65.064818,-26.971165],[-65.064676,-26.971191],[-65.064701,-26.971305],[-65.136811,-26.957052],[-65.137744,-26.958241],[-65.137962,-26.959959],[-65.137559,-26.961243],[-65.136464,-26.962107],[-65.134011,-26.962259],[-65.132331,-26.96356],[-65.131479,-26.964855],[-65.13247,-26.965966],[-65.133593,-26.966988],[-65.135962,-26.9682],[-65.138513,-26.968504],[-65.140394,-26.969192],[-65.142022,-26.970464],[-65.143089,-26.972981],[-65.142659,-26.974135],[-65.142614,-26.976032],[-65.143466,-26.978248],[-65.144273,-26.980607],[-65.144393,-26.981869],[-65.143571,-26.982955],[-65.14292,-26.984485],[-65.141346,-26.985228],[-65.139991,-26.985934],[-65.138244,-26.986572],[-65.136162,-26.987403],[-65.134502,-26.988093],[-65.13301,-26.98781],[-65.129281,-26.989397],[-65.128663,-26.992135],[-65.126721,-26.991862],[-65.123909,-26.993156],[-65.125088,-26.994438],[-65.125277,-26.996025],[-65.125061,-26.997479],[-65.126635,-26.998491],[-65.127414,-26.998965],[-65.129395,-26.999771],[-65.130636,-27.000638],[-65.131049,-27.001512],[-65.13111,-27.002851],[-65.130498,-27.003159],[-65.128706,-27.00394],[-65.126713,-27.004485],[-65.125917,-27.004284],[-65.12519,-27.004409],[-65.122435,-27.002453],[-65.120996,-27.002768],[-65.118441,-27.002802],[-65.117013,-27.00352],[-65.115564,-27.004849],[-65.114697,-27.006078],[-65.114727,-27.007625],[-65.11509,-27.009318],[-65.115243,-27.010034],[-65.114639,-27.011083],[-65.115094,-27.012152],[-65.114233,-27.012705],[-65.1144,-27.013486],[-65.114031,-27.014224],[-65.11388,-27.014925],[-65.113832,-27.015406],[-65.113404,-27.016222],[-65.113018,-27.017233],[-65.049495,-27.02921],[-65.0468,-27.015065],[-65.012169,-27.021744],[-65.012372,-27.021805],[-65.010747,-27.022137],[-65.009354,-27.022425],[-65.008072,-27.022677],[-65.006709,-27.022956],[-65.005286,-27.023253],[-65.003883,-27.023532],[-65.001148,-27.024063],[-65.001047,-27.024081],[-64.996948,-27.0249],[-64.996696,-27.024934],[-64.992961,-27.025692],[-64.99286,-27.025719],[-64.992295,-27.025832],[-64.991376,-27.026006],[-64.991306,-27.026023],[-64.989802,-27.02631],[-64.989519,-27.026363],[-64.98754,-27.026773],[-64.985441,-27.027191],[-64.98532,-27.027217],[-64.983947,-27.027487],[-64.983281,-27.027608],[-64.983149,-27.027634],[-64.982554,-27.027765],[-64.978869,-27.028515],[-64.977042,-27.028862],[-64.976598,-27.028958],[-64.974074,-27.029427],[-64.970006,-27.030228],[-64.965059,-27.031193],[-64.96407,-27.031385],[-64.961243,-27.03195],[-64.946615,-27.034819],[-64.943861,-27.035611],[-64.941863,-27.037617],[-64.941776,-27.037231],[-64.937634,-27.04054],[-64.936567,-27.040099],[-64.898437,-27.04738],[-64.898662,-27.048877],[-64.813532,-27.064243],[-64.815535,-27.07021],[-64.770364,-27.077523],[-64.750758,-27.003016],[-64.760349,-27.001062],[-64.753391,-26.971874],[-64.753376,-26.971802],[-64.754843,-26.971554],[-64.754262,-26.968437],[-64.77984,-26.952289],[-64.779178,-26.949179],[-64.829617,-26.955423],[-64.828208,-26.948372],[-64.915721,-26.929462],[-64.92043,-26.957788],[-64.948176,-26.952297],[-64.94815,-26.952188],[-64.948957,-26.952032],[-64.950934,-26.95165],[-64.966782,-26.948572],[-64.9851,-26.944987],[-64.990497,-26.943934],[-64.993029,-26.943419],[-64.996256,-26.94282],[-64.99908,-26.942262],[-65.002197,-26.941653],[-65.005263,-26.941043],[-65.005657,-26.940955],[-65.012596,-26.939578],[-65.01247,-26.939063],[-65.013801,-26.938828],[-65.01718,-26.938193],[-65.019741,-26.937697],[-65.02077,-26.937523],[-65.020901,-26.937488],[-65.021193,-26.937463],[-65.02201,-26.937369],[-65.022081,-26.937316],[-65.022091,-26.937262],[-65.022043,-26.936973],[-65.021887,-26.936448],[-65.021809,-26.93606],[-65.021751,-26.935825],[-65.021682,-26.935607],[-65.021634,-26.9354],[-65.021645,-26.935318],[-65.021736,-26.935211],[-65.021837,-26.935157],[-65.022563,-26.935018],[-65.022957,-26.934949],[-65.028342,-26.933894],[-65.028796,-26.933816],[-65.02925,-26.933747],[-65.031539,-26.933311],[-65.033556,-26.932928],[-65.035391,-26.932607],[-65.036238,-26.932432],[-65.038719,-26.931998],[-65.041462,-26.931484],[-65.042873,-26.931214],[-65.044759,-26.930856],[-65.046251,-26.930623],[-65.048863,-26.930135],[-65.049357,-26.930057],[-65.050658,-26.929813],[-65.052937,-26.929395],[-65.0533,-26.929335],[-65.053592,-26.929282],[-65.053713,-26.929283],[-65.054044,-26.929376],[-65.054405,-26.929215],[-65.056834,-26.938052],[-65.057256,-26.938041],[-65.059025,-26.945501]]]}},{"type":"Feature","properties":{"name":"COMISARIA DELFIN GALLO","regional":"URE","color":"#FF9800"},"geometry":{"type":"Polygon","coordinates":[[[-65.126503,-26.853952],[-65.126676,-26.854641],[-65.128233,-26.861226],[-65.126922,-26.861452],[-65.116137,-26.863361],[-65.105459,-26.865282],[-65.093947,-26.867354],[-65.089169,-26.86827],[-65.070179,-26.871725],[-65.067748,-26.872154],[-65.057163,-26.874038],[-65.056527,-26.874062],[-65.054399,-26.874432],[-65.054167,-26.874441],[-65.050502,-26.875081],[-65.04639,-26.875745],[-65.045745,-26.875845],[-65.035437,-26.877673],[-65.018026,-26.880715],[-65.009062,-26.882253],[-65.009014,-26.882012],[-65.008728,-26.880665],[-65.007339,-26.87401],[-65.007301,-26.874002],[-65.00706,-26.87377],[-65.006072,-26.871769],[-65.005567,-26.870791],[-65.005151,-26.870048],[-65.004486,-26.868969],[-65.003811,-26.867881],[-65.002948,-26.866477],[-65.002412,-26.865634],[-65.000904,-26.863177],[-65.000507,-26.862588],[-64.999758,-26.86085],[-64.999689,-26.860696],[-64.99956,-26.860397],[-64.99821,-26.857184],[-64.997124,-26.854812],[-64.996868,-26.854197],[-64.996869,-26.854061],[-64.996515,-26.853183],[-64.996456,-26.853084],[-64.99604,-26.852241],[-64.995627,-26.851219],[-64.995499,-26.850893],[-64.99546,-26.850802],[-64.995095,-26.849888],[-64.994799,-26.849264],[-64.994415,-26.848313],[-64.993903,-26.847037],[-64.993628,-26.846331],[-64.993569,-26.846159],[-64.993531,-26.845907],[-64.993376,-26.845165],[-64.993184,-26.844144],[-64.99662,-26.843573],[-65.000448,-26.842932],[-65.007048,-26.841824],[-65.007245,-26.841753],[-65.00732,-26.841699],[-65.010172,-26.841214],[-65.013627,-26.840624],[-65.015511,-26.840304],[-65.015502,-26.840249],[-65.017124,-26.839972],[-65.01723,-26.839954],[-65.017264,-26.84009],[-65.020749,-26.839501],[-65.025666,-26.838668],[-65.025787,-26.838624],[-65.030794,-26.837774],[-65.035579,-26.836968],[-65.03571,-26.836941],[-65.041613,-26.835971],[-65.045552,-26.835321],[-65.045456,-26.834824],[-65.045436,-26.834751],[-65.045577,-26.834716],[-65.048438,-26.834239],[-65.048676,-26.834638],[-65.048696,-26.834701],[-65.050731,-26.834381],[-65.055516,-26.833555],[-65.060412,-26.832704],[-65.060573,-26.832678],[-65.065388,-26.831897],[-65.070071,-26.831134],[-65.077142,-26.829971],[-65.085735,-26.828475],[-65.085846,-26.828403],[-65.089268,-26.827832],[-65.095787,-26.826636],[-65.096021,-26.826611],[-65.096232,-26.826457],[-65.09648,-26.826425],[-65.096656,-26.826334],[-65.096667,-26.826332],[-65.097028,-26.826271],[-65.09722,-26.826238],[-65.110718,-26.823842],[-65.112229,-26.823562],[-65.11378,-26.823311],[-65.114162,-26.82492],[-65.118269,-26.822887],[-65.121691,-26.82262],[-65.121886,-26.823451],[-65.122156,-26.825014],[-65.122432,-26.826965],[-65.122519,-26.827489],[-65.12271,-26.828826],[-65.122215,-26.830411],[-65.122132,-26.830727],[-65.122027,-26.831258],[-65.121963,-26.831673],[-65.12191,-26.832061],[-65.121876,-26.832557],[-65.121829,-26.83345],[-65.121839,-26.833495],[-65.121863,-26.834245],[-65.121918,-26.834949],[-65.121976,-26.83531],[-65.122081,-26.835942],[-65.122285,-26.836873],[-65.122481,-26.837651],[-65.122792,-26.83897],[-65.122812,-26.839051],[-65.123411,-26.841558],[-65.124041,-26.844086],[-65.124125,-26.844436],[-65.124907,-26.84761],[-65.125026,-26.848166],[-65.126503,-26.853952]]]}},{"type":"Feature","properties":{"name":"COMISARIA EL BRACHO","regional":"URE","color":"#FF9800"},"geometry":{"type":"Polygon","coordinates":[[[-65.122461,-27.024537],[-65.122649,-27.02573],[-65.108666,-27.02844],[-65.107548,-27.025908],[-65.107242,-27.024601],[-65.107579,-27.023668],[-65.108068,-27.023243],[-65.108603,-27.023044],[-65.110663,-27.023388],[-65.112353,-27.023397],[-65.112589,-27.023124],[-65.112134,-27.021266],[-65.112067,-27.02056],[-65.111751,-27.019505],[-65.111802,-27.019175],[-65.112428,-27.018512],[-65.112431,-27.018178],[-65.113173,-27.017347],[-65.113598,-27.015425],[-65.114155,-27.013923],[-65.114636,-27.013076],[-65.114582,-27.012509],[-65.11501,-27.012264],[-65.114916,-27.011769],[-65.115042,-27.011256],[-65.114858,-27.010626],[-65.115236,-27.010127],[-65.114833,-27.009729],[-65.114834,-27.009537],[-65.113995,-27.008468],[-65.113937,-27.006363],[-65.114305,-27.005464],[-65.115259,-27.004649],[-65.116262,-27.003536],[-65.116777,-27.003128],[-65.117883,-27.002613],[-65.118655,-27.002328],[-65.121014,-27.002786],[-65.121768,-27.002741],[-65.122594,-27.002441],[-65.123203,-27.002757],[-65.1234,-27.003325],[-65.12417,-27.003782],[-65.124333,-27.004086],[-65.124849,-27.004331],[-65.125393,-27.004183],[-65.125926,-27.004188],[-65.126295,-27.004393],[-65.126777,-27.004395],[-65.127191,-27.004154],[-65.127915,-27.004013],[-65.128389,-27.004035],[-65.129588,-27.00369],[-65.130044,-27.003687],[-65.130611,-27.00323],[-65.13099,-27.002763],[-65.131135,-27.00146],[-65.131297,-27.000981],[-65.131039,-27.000881],[-65.130245,-27.000259],[-65.129265,-26.999702],[-65.128725,-26.99964],[-65.128368,-26.999402],[-65.127916,-26.999447],[-65.127498,-26.999189],[-65.126606,-26.998858],[-65.125878,-26.998389],[-65.125508,-26.997807],[-65.125118,-26.997867],[-65.124922,-26.997196],[-65.124898,-26.996381],[-65.125256,-26.995776],[-65.125003,-26.994296],[-65.124563,-26.993969],[-65.124339,-26.993455],[-65.124294,-26.992888],[-65.124993,-26.992041],[-65.125739,-26.992015],[-65.126734,-26.991812],[-65.128094,-26.99204],[-65.128505,-26.992325],[-65.128799,-26.992318],[-65.129159,-26.991902],[-65.129304,-26.991302],[-65.129323,-26.990696],[-65.12951,-26.99046],[-65.129415,-26.990031],[-65.129522,-26.989453],[-65.129884,-26.988996],[-65.130839,-26.988549],[-65.130968,-26.988362],[-65.131742,-26.988186],[-65.132747,-26.987749],[-65.133234,-26.987826],[-65.134963,-26.987734],[-65.137035,-26.9869],[-65.137813,-26.986412],[-65.13938,-26.985981],[-65.140094,-26.985633],[-65.140586,-26.985545],[-65.142074,-26.984723],[-65.14222,-26.984441],[-65.143147,-26.98379],[-65.143327,-26.983087],[-65.143741,-26.982448],[-65.144091,-26.981459],[-65.144283,-26.979832],[-65.143997,-26.979003],[-65.143993,-26.978616],[-65.143419,-26.977682],[-65.143071,-26.977375],[-65.142806,-26.976892],[-65.142445,-26.976496],[-65.142485,-26.976186],[-65.142114,-26.974364],[-65.142239,-26.973966],[-65.142807,-26.97281],[-65.142741,-26.97151],[-65.142441,-26.970778],[-65.141856,-26.969989],[-65.141073,-26.969297],[-65.140043,-26.968866],[-65.139064,-26.96866],[-65.138014,-26.968601],[-65.135583,-26.968118],[-65.135155,-26.967937],[-65.135102,-26.967711],[-65.134215,-26.967343],[-65.133124,-26.967077],[-65.132843,-26.966881],[-65.132814,-26.966607],[-65.132227,-26.965761],[-65.131366,-26.965029],[-65.131718,-26.964035],[-65.132218,-26.963728],[-65.132984,-26.962984],[-65.13364,-26.96249],[-65.134399,-26.962232],[-65.135134,-26.962277],[-65.136624,-26.961989],[-65.137549,-26.961371],[-65.137875,-26.960467],[-65.138007,-26.959784],[-65.138067,-26.958817],[-65.137926,-26.957938],[-65.137666,-26.957817],[-65.137211,-26.957235],[-65.137113,-26.956907],[-65.139249,-26.956539],[-65.138861,-26.954989],[-65.142101,-26.95433],[-65.155891,-26.951786],[-65.160197,-26.950926],[-65.161123,-26.936727],[-65.167907,-26.935429],[-65.16923,-26.940831],[-65.169934,-26.943597],[-65.170298,-26.944754],[-65.170736,-26.945478],[-65.172451,-26.94788],[-65.172489,-26.948636],[-65.172657,-26.948612],[-65.174396,-26.955932],[-65.174351,-26.956528],[-65.174575,-26.957639],[-65.174606,-26.958839],[-65.175332,-26.958798],[-65.175615,-26.960036],[-65.178252,-26.971305],[-65.178131,-26.971404],[-65.178707,-26.973862],[-65.178726,-26.97407],[-65.179763,-26.978281],[-65.180719,-26.982492],[-65.18198,-26.987794],[-65.182315,-26.987734],[-65.183266,-26.991903],[-65.182875,-26.99212],[-65.184651,-26.999291],[-65.184655,-27.000188],[-65.185399,-27.003216],[-65.185784,-27.005092],[-65.186273,-27.006929],[-65.186895,-27.008658],[-65.181444,-27.009668],[-65.181949,-27.011546],[-65.177825,-27.012376],[-65.177802,-27.012296],[-65.165398,-27.014692],[-65.165696,-27.015884],[-65.165601,-27.016074],[-65.159727,-27.017217],[-65.156224,-27.017881],[-65.154277,-27.018277],[-65.146401,-27.019785],[-65.144041,-27.020269],[-65.139367,-27.02117],[-65.135957,-27.021855],[-65.13192,-27.02262],[-65.127611,-27.023478],[-65.122461,-27.024537]]]}},{"type":"Feature","properties":{"name":"COMISARIA GUEMES","regional":"URE","color":"#FF9800"},"geometry":{"type":"Polygon","coordinates":[[[-65.172244,-26.834854],[-65.170908,-26.835327],[-65.169936,-26.835512],[-65.16981,-26.835598],[-65.165069,-26.836533],[-65.164467,-26.83419],[-65.164114,-26.832746],[-65.163897,-26.831995],[-65.163838,-26.831793],[-65.163736,-26.831685],[-65.163673,-26.831605],[-65.163535,-26.831456],[-65.163213,-26.831283],[-65.162433,-26.830896],[-65.160683,-26.830165],[-65.159772,-26.82978],[-65.157695,-26.828903],[-65.153541,-26.827169],[-65.155482,-26.826811],[-65.16134,-26.825731],[-65.164852,-26.825024],[-65.164866,-26.825013],[-65.165858,-26.824783],[-65.166057,-26.824923],[-65.165891,-26.82514],[-65.166464,-26.825968],[-65.166683,-26.826228],[-65.166797,-26.826535],[-65.167048,-26.826935],[-65.167068,-26.827884],[-65.167892,-26.828591],[-65.169122,-26.829679],[-65.169541,-26.830335],[-65.169611,-26.83092],[-65.170581,-26.832057],[-65.171058,-26.832357],[-65.172058,-26.833494],[-65.172449,-26.834206],[-65.172652,-26.834708],[-65.172244,-26.834854]]]}},{"type":"Feature","properties":{"name":"COMISARIA LA FLORIDA","regional":"URE","color":"#FF9800"},"geometry":{"type":"Polygon","coordinates":[[[-64.984749,-26.799567],[-64.990098,-26.798549],[-64.995376,-26.797594],[-64.998064,-26.797234],[-65.000854,-26.79673],[-65.000904,-26.796722],[-65.002707,-26.796391],[-65.002834,-26.796349],[-65.002879,-26.796321],[-65.002949,-26.796276],[-65.00306,-26.796223],[-65.003262,-26.796188],[-65.00585,-26.795719],[-65.008267,-26.795339],[-65.011077,-26.794826],[-65.013716,-26.794294],[-65.016416,-26.793807],[-65.017329,-26.793644],[-65.017388,-26.793635],[-65.017457,-26.793622],[-65.01849,-26.793432],[-65.018923,-26.793355],[-65.019075,-26.79332],[-65.021965,-26.79279],[-65.024231,-26.792372],[-65.026286,-26.791971],[-65.026467,-26.791936],[-65.030174,-26.791249],[-65.030597,-26.79117],[-65.034767,-26.79036],[-65.035019,-26.790316],[-65.038503,-26.789663],[-65.040699,-26.789245],[-65.041142,-26.789167],[-65.041323,-26.789132],[-65.047054,-26.788051],[-65.047237,-26.787782],[-65.04763,-26.787712],[-65.047942,-26.78766],[-65.048365,-26.787582],[-65.048798,-26.787504],[-65.049271,-26.787417],[-65.049775,-26.78733],[-65.050268,-26.787243],[-65.050399,-26.787217],[-65.050752,-26.787156],[-65.051144,-26.787095],[-65.051527,-26.787026],[-65.052081,-26.78693],[-65.052695,-26.786826],[-65.052846,-26.7868],[-65.053108,-26.786747],[-65.053531,-26.786669],[-65.053964,-26.786591],[-65.054669,-26.786469],[-65.054931,-26.786417],[-65.058667,-26.785738],[-65.060862,-26.785337],[-65.061537,-26.785215],[-65.061547,-26.785215],[-65.062725,-26.785006],[-65.062897,-26.784908],[-65.064206,-26.784637],[-65.066724,-26.784194],[-65.067318,-26.78408],[-65.067983,-26.783949],[-65.068587,-26.783827],[-65.069443,-26.783661],[-65.069876,-26.783564],[-65.070068,-26.783448],[-65.075365,-26.782472],[-65.080722,-26.781478],[-65.081286,-26.781374],[-65.081488,-26.781339],[-65.08612,-26.780394],[-65.086251,-26.780413],[-65.086422,-26.780378],[-65.087278,-26.780221],[-65.088094,-26.780064],[-65.08898,-26.779898],[-65.089876,-26.779724],[-65.089896,-26.779724],[-65.095516,-26.778577],[-65.095838,-26.778525],[-65.104558,-26.776893],[-65.10577,-26.782613],[-65.105847,-26.783119],[-65.106138,-26.788256],[-65.106245,-26.790053],[-65.106364,-26.791941],[-65.106397,-26.792463],[-65.108467,-26.800445],[-65.108915,-26.802199],[-65.108918,-26.802662],[-65.109008,-26.803043],[-65.109241,-26.804006],[-65.109336,-26.804399],[-65.109837,-26.806486],[-65.110067,-26.807442],[-65.110597,-26.809718],[-65.111343,-26.812742],[-65.111464,-26.813297],[-65.112214,-26.816424],[-65.112409,-26.817228],[-65.112555,-26.817897],[-65.113109,-26.820328],[-65.113255,-26.820943],[-65.113274,-26.82106],[-65.113527,-26.822163],[-65.113737,-26.823116],[-65.11378,-26.823311],[-65.112229,-26.823562],[-65.110718,-26.823842],[-65.09722,-26.826238],[-65.097028,-26.826271],[-65.096667,-26.826332],[-65.096656,-26.826334],[-65.09648,-26.826425],[-65.096232,-26.826457],[-65.096021,-26.826611],[-65.095787,-26.826636],[-65.089268,-26.827832],[-65.085846,-26.828403],[-65.085735,-26.828475],[-65.077142,-26.829971],[-65.070071,-26.831134],[-65.065388,-26.831897],[-65.060573,-26.832678],[-65.060412,-26.832704],[-65.055516,-26.833555],[-65.050731,-26.834381],[-65.048696,-26.834701],[-65.048676,-26.834638],[-65.048438,-26.834239],[-65.045577,-26.834716],[-65.045436,-26.834751],[-65.045456,-26.834824],[-65.045552,-26.835321],[-65.041613,-26.835971],[-65.03571,-26.836941],[-65.035579,-26.836968],[-65.030794,-26.837774],[-65.025787,-26.838624],[-65.025666,-26.838668],[-65.020749,-26.839501],[-65.017264,-26.84009],[-65.01723,-26.839954],[-65.017124,-26.839972],[-65.015502,-26.840249],[-65.015511,-26.840304],[-65.013627,-26.840624],[-65.010172,-26.841214],[-65.00732,-26.841699],[-65.007245,-26.841753],[-65.007048,-26.841824],[-65.000448,-26.842932],[-64.99662,-26.843573],[-64.993184,-26.844144],[-64.992685,-26.841479],[-64.992147,-26.838614],[-64.991638,-26.835894],[-64.991138,-26.833264],[-64.991079,-26.833111],[-64.990099,-26.827942],[-64.989139,-26.822764],[-64.989052,-26.822294],[-64.988918,-26.821598],[-64.988851,-26.821237],[-64.984749,-26.799567]]]}},{"type":"Feature","properties":{"name":"COMISARIA LAS CEJAS","regional":"URE","color":"#FF9800"},"geometry":{"type":"Polygon","coordinates":[[[-64.752047,-26.86389],[-64.781335,-26.858012],[-64.778184,-26.844474],[-64.808211,-26.839885],[-64.805097,-26.822632],[-64.816369,-26.82055],[-64.816371,-26.82056],[-64.845939,-26.814856],[-64.852274,-26.840847],[-64.894162,-26.83309],[-64.898501,-26.850692],[-64.898348,-26.852817],[-64.897471,-26.854727],[-64.88477,-26.877011],[-64.884819,-26.877064],[-64.884864,-26.877136],[-64.884914,-26.877245],[-64.884923,-26.877353],[-64.88484,-26.877578],[-64.884778,-26.877704],[-64.883907,-26.87934],[-64.8816,-26.883635],[-64.879346,-26.88775],[-64.879172,-26.888073],[-64.877952,-26.890266],[-64.877145,-26.891496],[-64.876661,-26.89262],[-64.876309,-26.893655],[-64.876296,-26.8949],[-64.876995,-26.903596],[-64.877047,-26.904453],[-64.877102,-26.905031],[-64.877246,-26.906693],[-64.877527,-26.911866],[-64.877706,-26.915143],[-64.877928,-26.918204],[-64.878088,-26.921355],[-64.878234,-26.92391],[-64.878443,-26.927151],[-64.878575,-26.929182],[-64.878633,-26.929381],[-64.878831,-26.929645],[-64.881369,-26.936767],[-64.877737,-26.937451],[-64.877474,-26.937566],[-64.856971,-26.941959],[-64.830624,-26.947608],[-64.830272,-26.947497],[-64.82801,-26.948164],[-64.829389,-26.955061],[-64.829459,-26.955413],[-64.779134,-26.94914],[-64.77983,-26.952282],[-64.754233,-26.968415],[-64.754797,-26.971546],[-64.711931,-26.978544],[-64.708169,-26.959212],[-64.706245,-26.959552],[-64.70576,-26.958844],[-64.697136,-26.919773],[-64.695187,-26.911607],[-64.695043,-26.910992],[-64.694803,-26.909997],[-64.694754,-26.909816],[-64.693347,-26.901799],[-64.690699,-26.888817],[-64.69118,-26.870638],[-64.691252,-26.870468],[-64.689296,-26.87081],[-64.688842,-26.870896],[-64.688327,-26.870385],[-64.711266,-26.855233],[-64.712256,-26.854819],[-64.712665,-26.845766],[-64.712919,-26.845212],[-64.719109,-26.837928],[-64.719451,-26.837355],[-64.719565,-26.836389],[-64.745063,-26.831738],[-64.748906,-26.850057],[-64.75101,-26.85935],[-64.752047,-26.86389]]]}},{"type":"Feature","properties":{"name":"COMISARIA LOS BULACIOS","regional":"URE","color":"#FF9800"},"geometry":{"type":"Polygon","coordinates":[[[-65.2325239,-26.9773949],[-65.233034,-26.977358],[-65.234387,-26.977425],[-65.23515,-26.977318],[-65.236312,-26.977825],[-65.237523,-26.97818],[-65.237978,-26.977892],[-65.237832,-26.976225],[-65.237943,-26.975821],[-65.238497,-26.975559],[-65.239197,-26.975473],[-65.240393,-26.975702],[-65.24116,-26.976096],[-65.242104,-26.97677],[-65.242373,-26.97728],[-65.242329,-26.978011],[-65.242153,-26.978797],[-65.242141,-26.979334],[-65.242229,-26.97991],[-65.242687,-26.981178],[-65.243307,-26.982028],[-65.243661,-26.982281],[-65.244009,-26.982499],[-65.244077,-26.982622],[-65.245071,-26.983212],[-65.245129,-26.983447],[-65.245984,-26.983736],[-65.246417,-26.984135],[-65.246686,-26.984506],[-65.246706,-26.984959],[-65.246502,-26.985271],[-65.24623,-26.985277],[-65.245902,-26.985519],[-65.245559,-26.985607],[-65.245218,-26.985494],[-65.244845,-26.985457],[-65.244597,-26.985282],[-65.244398,-26.984891],[-65.244343,-26.98489],[-65.243894,-26.984567],[-65.243468,-26.984397],[-65.242881,-26.984505],[-65.242583,-26.984643],[-65.241769,-26.98513],[-65.24167,-26.985373],[-65.241639,-26.98567],[-65.241774,-26.986176],[-65.242316,-26.986969],[-65.242794,-26.987487],[-65.243158,-26.98774],[-65.243721,-26.988433],[-65.245221,-26.98884],[-65.24613,-26.988893],[-65.246595,-26.988845],[-65.247108,-26.988848],[-65.247488,-26.98908],[-65.248904,-26.990399],[-65.249385,-26.99067],[-65.249432,-26.99074],[-65.2498,-26.990903],[-65.250209,-26.991386],[-65.250571,-26.991994],[-65.250738,-26.992531],[-65.250643,-26.992774],[-65.250518,-26.992962],[-65.249888,-26.992972],[-65.249505,-26.9932],[-65.248973,-26.993671],[-65.248769,-26.993942],[-65.247241,-26.994581],[-65.247086,-26.995667],[-65.247393,-26.996261],[-65.247802,-26.996695],[-65.24864,-26.996985],[-65.249419,-26.996906],[-65.246035,-26.99753],[-65.245851,-26.997602],[-65.244398,-26.997892],[-65.241291,-26.998489],[-65.23883,-26.998945],[-65.236087,-26.999426],[-65.233393,-26.999944],[-65.229379,-27.000689],[-65.225434,-27.001435],[-65.224617,-27.001602],[-65.224579,-27.00134],[-65.224514,-27.001199],[-65.2244,-27.001193],[-65.223376,-27.001847],[-65.218089,-27.002831],[-65.212159,-27.003946],[-65.210686,-27.004232],[-65.209626,-27.004451],[-65.206125,-27.005181],[-65.203421,-27.005725],[-65.20319,-27.005669],[-65.198479,-27.006491],[-65.186895,-27.008658],[-65.186273,-27.006929],[-65.186255,-27.006845],[-65.185784,-27.005092],[-65.185599,-27.004215],[-65.185399,-27.003216],[-65.184984,-27.001574],[-65.18468,-27.000329],[-65.184655,-27.000188],[-65.184651,-26.999291],[-65.183255,-26.99365],[-65.183009,-26.992629],[-65.182875,-26.99212],[-65.182891,-26.991963],[-65.183266,-26.991903],[-65.182315,-26.987734],[-65.18198,-26.987794],[-65.181921,-26.98758],[-65.180798,-26.98279],[-65.180719,-26.982492],[-65.180251,-26.980423],[-65.179763,-26.978281],[-65.179695,-26.978019],[-65.178726,-26.97407],[-65.178707,-26.973862],[-65.178434,-26.97266],[-65.178131,-26.971404],[-65.178252,-26.971305],[-65.177969,-26.970085],[-65.177656,-26.968775],[-65.177539,-26.968251],[-65.177265,-26.967094],[-65.175615,-26.960036],[-65.175332,-26.958798],[-65.175452,-26.958808],[-65.18122,-26.957786],[-65.183762,-26.957241],[-65.18472,-26.957039],[-65.185477,-26.956872],[-65.18701,-26.956565],[-65.191386,-26.955751],[-65.191507,-26.955733],[-65.204192,-26.953369],[-65.204273,-26.95336],[-65.208287,-26.952526],[-65.208751,-26.952402],[-65.214388,-26.951307],[-65.214886,-26.951906],[-65.215552,-26.952272],[-65.216295,-26.952778],[-65.216837,-26.953053],[-65.217535,-26.953279],[-65.218105,-26.953334],[-65.218902,-26.953522],[-65.219408,-26.953387],[-65.219718,-26.953466],[-65.220097,-26.953781],[-65.220428,-26.954166],[-65.220681,-26.954704],[-65.220935,-26.955116],[-65.221087,-26.955549],[-65.220977,-26.95658],[-65.221017,-26.956768],[-65.220896,-26.957359],[-65.221047,-26.958008],[-65.221394,-26.9584],[-65.222006,-26.958724],[-65.223212,-26.959719],[-65.223729,-26.960245],[-65.224338,-26.960979],[-65.224808,-26.961672],[-65.225668,-26.963146],[-65.226091,-26.963838],[-65.226507,-26.964328],[-65.226885,-26.965897],[-65.226931,-26.965917],[-65.227292,-26.966262],[-65.22753,-26.967103],[-65.227862,-26.96752],[-65.228033,-26.967919],[-65.228423,-26.968338],[-65.228826,-26.968597],[-65.229058,-26.968828],[-65.229296,-26.969212],[-65.229433,-26.969687],[-65.229133,-26.970368],[-65.228875,-26.970478],[-65.228588,-26.970504],[-65.227982,-26.970361],[-65.226876,-26.970247],[-65.226449,-26.970342],[-65.226185,-26.970764],[-65.226089,-26.971294],[-65.226301,-26.97192],[-65.226847,-26.972605],[-65.227963,-26.973224],[-65.228643,-26.973827],[-65.229123,-26.974039],[-65.230351,-26.974073],[-65.231437,-26.974539],[-65.231791,-26.975001],[-65.231753,-26.975976],[-65.232044,-26.976688],[-65.2325239,-26.9773949]]]}},{"type":"Feature","properties":{"name":"COMISARIA LOS RALOS","regional":"URE","color":"#FF9800"},"geometry":{"type":"Polygon","coordinates":[[[-64.920415,-26.957703],[-64.920101,-26.955848],[-64.920062,-26.955721],[-64.919633,-26.953146],[-64.919214,-26.950616],[-64.919186,-26.95039],[-64.918787,-26.947933],[-64.918778,-26.947842],[-64.918483,-26.946044],[-64.917846,-26.942042],[-64.917827,-26.941951],[-64.91777,-26.941572],[-64.917324,-26.938708],[-64.917345,-26.938654],[-64.916575,-26.933865],[-64.915844,-26.929221],[-64.915269,-26.929388],[-64.914452,-26.92958],[-64.911031,-26.93033],[-64.907288,-26.931158],[-64.905351,-26.931586],[-64.902113,-26.932282],[-64.898723,-26.933014],[-64.888734,-26.935192],[-64.881994,-26.936654],[-64.881369,-26.936767],[-64.878831,-26.929645],[-64.878633,-26.929381],[-64.878575,-26.929182],[-64.878443,-26.927151],[-64.878234,-26.92391],[-64.878088,-26.921355],[-64.877928,-26.918204],[-64.877706,-26.915143],[-64.877527,-26.911866],[-64.877246,-26.906693],[-64.877102,-26.905031],[-64.877047,-26.904453],[-64.876995,-26.903596],[-64.876296,-26.8949],[-64.876309,-26.893655],[-64.876661,-26.89262],[-64.877145,-26.891496],[-64.877952,-26.890266],[-64.879172,-26.888073],[-64.879346,-26.88775],[-64.8816,-26.883635],[-64.883907,-26.87934],[-64.884778,-26.877704],[-64.88484,-26.877578],[-64.884923,-26.877353],[-64.886518,-26.875741],[-64.89688,-26.856412],[-64.898062,-26.853628],[-64.898714,-26.85117],[-64.879886,-26.77381],[-64.936788,-26.763351],[-64.942981,-26.790478],[-64.943923,-26.790311],[-64.947444,-26.806838],[-64.983595,-26.799919],[-64.99242,-26.844148],[-64.993184,-26.844144],[-64.993376,-26.845165],[-64.993531,-26.845907],[-64.993569,-26.846159],[-64.993628,-26.846331],[-64.993903,-26.847037],[-64.994415,-26.848313],[-64.994799,-26.849264],[-64.995095,-26.849888],[-64.99546,-26.850802],[-64.995499,-26.850893],[-64.995627,-26.851219],[-64.99604,-26.852241],[-64.996456,-26.853084],[-64.996515,-26.853183],[-64.996869,-26.854061],[-64.996868,-26.854197],[-64.997124,-26.854812],[-64.99821,-26.857184],[-64.99956,-26.860397],[-64.999689,-26.860696],[-64.999758,-26.86085],[-65.000507,-26.862588],[-65.000904,-26.863177],[-65.002412,-26.865634],[-65.002948,-26.866477],[-65.003811,-26.867881],[-65.004486,-26.868969],[-65.005151,-26.870048],[-65.005567,-26.870791],[-65.006072,-26.871769],[-65.00706,-26.87377],[-65.007301,-26.874002],[-65.007821,-26.876609],[-65.00906,-26.882231],[-65.009069,-26.882276],[-65.00948,-26.884345],[-65.009551,-26.884588],[-65.009958,-26.886011],[-65.010873,-26.889783],[-65.014699,-26.889081],[-65.014736,-26.889156],[-65.015235,-26.891921],[-65.01546,-26.892663],[-65.015577,-26.893169],[-65.015415,-26.893222],[-65.015183,-26.893274],[-65.011756,-26.893864],[-65.012911,-26.898827],[-65.013081,-26.898918],[-65.013604,-26.901331],[-65.01382,-26.901865],[-65.014157,-26.902544],[-65.014484,-26.903124],[-65.014981,-26.903795],[-65.015051,-26.903877],[-65.015429,-26.904358],[-65.016365,-26.905565],[-65.016543,-26.905954],[-65.017508,-26.907206],[-65.018494,-26.908467],[-65.019659,-26.909973],[-65.019749,-26.910028],[-65.022018,-26.912995],[-65.022416,-26.913611],[-65.022851,-26.914499],[-65.023724,-26.91714],[-65.023814,-26.91724],[-65.025087,-26.921373],[-65.025107,-26.921436],[-65.025478,-26.92272],[-65.025831,-26.923896],[-65.02585,-26.92395],[-65.02631,-26.92555],[-65.026946,-26.927657],[-65.027111,-26.928362],[-65.028796,-26.933816],[-65.028342,-26.933894],[-65.022957,-26.934949],[-65.022563,-26.935018],[-65.021837,-26.935157],[-65.021736,-26.935211],[-65.021645,-26.935318],[-65.021634,-26.9354],[-65.021682,-26.935607],[-65.021751,-26.935825],[-65.021809,-26.93606],[-65.021887,-26.936448],[-65.022043,-26.936973],[-65.022091,-26.937262],[-65.022081,-26.937316],[-65.02201,-26.937369],[-65.021193,-26.937463],[-65.020901,-26.937488],[-65.02077,-26.937523],[-65.019741,-26.937697],[-65.01718,-26.938193],[-65.013801,-26.938828],[-65.01247,-26.939063],[-65.012596,-26.939578],[-65.005657,-26.940955],[-65.005263,-26.941043],[-65.002197,-26.941653],[-64.99908,-26.942262],[-64.996256,-26.94282],[-64.993029,-26.943419],[-64.990497,-26.943934],[-64.9851,-26.944987],[-64.966782,-26.948572],[-64.950934,-26.95165],[-64.948957,-26.952032],[-64.94815,-26.952188],[-64.948161,-26.952236],[-64.930841,-26.955706],[-64.920415,-26.957703]]]}},{"type":"Feature","properties":{"name":"COMISARIA POZO DEL ALTO","regional":"URE","color":"#FF9800"},"geometry":{"type":"Polygon","coordinates":[[[-65.164802,-26.875563],[-65.164824,-26.876088],[-65.165087,-26.876741],[-65.164955,-26.879584],[-65.160186,-26.950923],[-65.159953,-26.950963],[-65.156689,-26.951613],[-65.151389,-26.952621],[-65.145949,-26.953596],[-65.138864,-26.954982],[-65.139206,-26.956528],[-65.131651,-26.957962],[-65.118569,-26.960583],[-65.105672,-26.963179],[-65.092869,-26.965674],[-65.079291,-26.9683],[-65.065168,-26.971093],[-65.063143,-26.962492],[-65.061325,-26.954775],[-65.059178,-26.945851],[-65.059017,-26.945627],[-65.066686,-26.939588],[-65.077282,-26.931304],[-65.084641,-26.925608],[-65.086824,-26.923894],[-65.090058,-26.921432],[-65.093849,-26.918482],[-65.09983,-26.913855],[-65.109855,-26.905879],[-65.109817,-26.905772],[-65.114754,-26.901993],[-65.11493,-26.902089],[-65.119902,-26.898151],[-65.120266,-26.897811],[-65.122655,-26.895947],[-65.128442,-26.891604],[-65.129427,-26.890878],[-65.130831,-26.889677],[-65.131963,-26.88832],[-65.132939,-26.886434],[-65.133169,-26.885473],[-65.133377,-26.884338],[-65.133351,-26.88284],[-65.133117,-26.881453],[-65.135124,-26.881025],[-65.133975,-26.876772],[-65.147774,-26.874144],[-65.14878,-26.878483],[-65.152423,-26.877697],[-65.152918,-26.877785],[-65.162382,-26.875922],[-65.163064,-26.876781],[-65.163182,-26.87676],[-65.163813,-26.876508],[-65.164197,-26.876198],[-65.164802,-26.875563]]]}},{"type":"Feature","properties":{"name":"COMISARIA SAN ANDRES","regional":"URE","color":"#FF9800"},"geometry":{"type":"Polygon","coordinates":[[[-65.214202,-26.909205],[-65.214387,-26.909408],[-65.214358,-26.910175],[-65.214529,-26.911304],[-65.214362,-26.911867],[-65.213783,-26.912414],[-65.213104,-26.912856],[-65.211297,-26.913564],[-65.209128,-26.914283],[-65.208446,-26.914778],[-65.207408,-26.915961],[-65.207246,-26.916824],[-65.207417,-26.917578],[-65.207797,-26.918072],[-65.208603,-26.918364],[-65.209712,-26.918322],[-65.21058,-26.917955],[-65.212018,-26.917504],[-65.215263,-26.917888],[-65.215883,-26.918208],[-65.216838,-26.91942],[-65.216844,-26.919996],[-65.21608,-26.921107],[-65.214889,-26.921119],[-65.214129,-26.921616],[-65.213651,-26.921734],[-65.212065,-26.921855],[-65.211372,-26.922434],[-65.211313,-26.922787],[-65.211837,-26.923449],[-65.213825,-26.924329],[-65.214777,-26.923793],[-65.215792,-26.923836],[-65.21638,-26.924275],[-65.216156,-26.925073],[-65.21575,-26.92547],[-65.215016,-26.926608],[-65.213914,-26.927234],[-65.213084,-26.927285],[-65.212382,-26.927002],[-65.211557,-26.926478],[-65.210977,-26.926354],[-65.209866,-26.926682],[-65.209397,-26.927116],[-65.208629,-26.92729],[-65.207756,-26.927634],[-65.20754,-26.928129],[-65.207731,-26.929036],[-65.20832,-26.929183],[-65.20916,-26.929076],[-65.210236,-26.92937],[-65.211284,-26.929151],[-65.21249,-26.929362],[-65.213401,-26.930157],[-65.214587,-26.930537],[-65.215303,-26.930443],[-65.216311,-26.929764],[-65.216704,-26.929757],[-65.217458,-26.930216],[-65.217578,-26.930756],[-65.217337,-26.931163],[-65.216984,-26.93131],[-65.216212,-26.932002],[-65.215757,-26.932274],[-65.215285,-26.9331],[-65.21526,-26.934774],[-65.214497,-26.935828],[-65.21353,-26.936176],[-65.212691,-26.936264],[-65.211628,-26.93594],[-65.210546,-26.9365],[-65.210252,-26.937112],[-65.210433,-26.937902],[-65.210906,-26.938388],[-65.211423,-26.938614],[-65.211596,-26.939051],[-65.211547,-26.940175],[-65.211668,-26.940584],[-65.212215,-26.940875],[-65.212589,-26.940868],[-65.213597,-26.939976],[-65.213971,-26.939856],[-65.215055,-26.939054],[-65.216003,-26.938214],[-65.216583,-26.938245],[-65.216851,-26.938498],[-65.217591,-26.938636],[-65.217999,-26.939586],[-65.218807,-26.940329],[-65.219505,-26.941354],[-65.219507,-26.942515],[-65.21935,-26.942821],[-65.219429,-26.943342],[-65.219338,-26.944539],[-65.219402,-26.945719],[-65.219927,-26.947756],[-65.219934,-26.948304],[-65.21948,-26.949518],[-65.219404,-26.949954],[-65.218966,-26.950444],[-65.218022,-26.950467],[-65.216606,-26.949967],[-65.215369,-26.949855],[-65.214644,-26.950144],[-65.214164,-26.950949],[-65.214388,-26.951307],[-65.208751,-26.952402],[-65.208287,-26.952526],[-65.204192,-26.953369],[-65.18701,-26.956565],[-65.18122,-26.957786],[-65.175452,-26.958808],[-65.174606,-26.958839],[-65.174575,-26.957639],[-65.174351,-26.956528],[-65.174396,-26.955932],[-65.172657,-26.948612],[-65.172489,-26.948636],[-65.172451,-26.94788],[-65.170736,-26.945478],[-65.170298,-26.944754],[-65.169934,-26.943597],[-65.16923,-26.940831],[-65.167904,-26.935402],[-65.161146,-26.936713],[-65.162248,-26.92059],[-65.162174,-26.920585],[-65.163532,-26.900607],[-65.163542,-26.900607],[-65.164376,-26.889804],[-65.164683,-26.884123],[-65.16506,-26.877613],[-65.165071,-26.876913],[-65.164762,-26.875883],[-65.164904,-26.875478],[-65.165504,-26.875194],[-65.166524,-26.87517],[-65.168207,-26.874329],[-65.172619,-26.872263],[-65.177546,-26.870201],[-65.181855,-26.868422],[-65.184114,-26.866963],[-65.184936,-26.86631],[-65.18754,-26.86266],[-65.188144,-26.863121],[-65.189206,-26.864184],[-65.189716,-26.864299],[-65.190614,-26.864274],[-65.191979,-26.864833],[-65.193501,-26.866367],[-65.195359,-26.867649],[-65.195883,-26.868276],[-65.196148,-26.869819],[-65.196221,-26.871722],[-65.196565,-26.872628],[-65.197594,-26.873654],[-65.198039,-26.874524],[-65.198154,-26.876164],[-65.198763,-26.877977],[-65.198826,-26.879408],[-65.199078,-26.879827],[-65.199249,-26.880916],[-65.198881,-26.881704],[-65.198896,-26.882577],[-65.199182,-26.88321],[-65.200092,-26.883463],[-65.201183,-26.883052],[-65.202113,-26.8832],[-65.202596,-26.883908],[-65.202663,-26.884665],[-65.202221,-26.886906],[-65.203476,-26.888052],[-65.203601,-26.888864],[-65.204265,-26.889119],[-65.205762,-26.890121],[-65.20586,-26.890957],[-65.20621,-26.891238],[-65.205895,-26.891923],[-65.205912,-26.892369],[-65.204863,-26.893263],[-65.204909,-26.893797],[-65.20524,-26.894223],[-65.205986,-26.894703],[-65.206513,-26.895358],[-65.207585,-26.896053],[-65.207464,-26.896655],[-65.207025,-26.89705],[-65.20664,-26.898035],[-65.206946,-26.898988],[-65.208641,-26.90085],[-65.209689,-26.901693],[-65.210511,-26.902155],[-65.210933,-26.90262],[-65.211066,-26.90341],[-65.21116,-26.905038],[-65.211634,-26.905994],[-65.211743,-26.907051],[-65.211714,-26.908902],[-65.213266,-26.90912],[-65.213591,-26.909289],[-65.214202,-26.909205]]]}},{"type":"Feature","properties":{"name":"COMISARIA AGUA DULCE","regional":"URE","color":"#FF9800"},"geometry":{"type":"MultiPolygon","coordinates":[[[[-64.946147,-27.137183],[-64.946146,-27.13718],[-64.946293,-27.137155],[-64.946147,-27.137183]]],[[[-65.018411,-27.172703],[-65.01693,-27.172746],[-65.01327,-27.172083],[-65.009285,-27.171271],[-65.003955,-27.17045],[-65.003243,-27.170409],[-64.98971,-27.171296],[-64.98848,-27.155777],[-64.976084,-27.158077],[-64.975228,-27.154711],[-64.971309,-27.155413],[-64.969212,-27.146643],[-64.963479,-27.147736],[-64.960513,-27.134491],[-64.947474,-27.137145],[-64.946056,-27.131204],[-64.946103,-27.131195],[-64.935672,-27.089103],[-64.932729,-27.076463],[-64.928139,-27.04171],[-64.936961,-27.040063],[-64.937638,-27.040596],[-64.944937,-27.034782],[-64.973167,-27.029507],[-64.97332,-27.029576],[-65.046548,-27.015129],[-65.04989,-27.029396],[-65.110691,-27.017799],[-65.112974,-27.017399],[-65.11245,-27.018131],[-65.112347,-27.018594],[-65.11173,-27.019396],[-65.112287,-27.021926],[-65.112064,-27.022386],[-65.112277,-27.023102],[-65.111277,-27.023528],[-65.11068,-27.023483],[-65.11051,-27.023207],[-65.109083,-27.023134],[-65.108827,-27.022957],[-65.10797,-27.023274],[-65.107562,-27.0236],[-65.107225,-27.024502],[-65.107437,-27.025749],[-65.107816,-27.026568],[-65.108175,-27.026708],[-65.108194,-27.027343],[-65.108516,-27.027532],[-65.108851,-27.028818],[-65.109432,-27.029361],[-65.10956,-27.029737],[-65.110604,-27.030708],[-65.111378,-27.031843],[-65.112353,-27.032719],[-65.113446,-27.035069],[-65.113436,-27.035436],[-65.114176,-27.035723],[-65.114537,-27.037002],[-65.114503,-27.03767],[-65.114127,-27.038729],[-65.114102,-27.039288],[-65.114424,-27.03993],[-65.114951,-27.041694],[-65.115828,-27.043101],[-65.116401,-27.043843],[-65.11701,-27.044078],[-65.117881,-27.043799],[-65.11798,-27.044619],[-65.118391,-27.044654],[-65.120957,-27.04652],[-65.121769,-27.048267],[-65.121858,-27.04966],[-65.121638,-27.05075],[-65.121217,-27.051556],[-65.120683,-27.053137],[-65.120758,-27.053496],[-65.120028,-27.054688],[-65.119997,-27.055266],[-65.120496,-27.056292],[-65.120462,-27.056881],[-65.122066,-27.059616],[-65.123108,-27.061066],[-65.123572,-27.061916],[-65.123533,-27.06277],[-65.123825,-27.065997],[-65.123795,-27.067125],[-65.123921,-27.06756],[-65.124371,-27.067881],[-65.12534,-27.069343],[-65.125542,-27.069909],[-65.126316,-27.070871],[-65.126541,-27.071425],[-65.12719,-27.072056],[-65.12732,-27.073154],[-65.128299,-27.074453],[-65.12835,-27.075172],[-65.128198,-27.07594],[-65.128452,-27.076153],[-65.127929,-27.078849],[-65.127872,-27.080323],[-65.128355,-27.081448],[-65.130074,-27.082207],[-65.130156,-27.082588],[-65.131431,-27.083283],[-65.131789,-27.083711],[-65.131881,-27.084637],[-65.131547,-27.085015],[-65.131465,-27.086825],[-65.13192,-27.088107],[-65.132332,-27.089391],[-65.131956,-27.09089],[-65.131713,-27.091226],[-65.130123,-27.092354],[-65.12914,-27.092731],[-65.12771,-27.093088],[-65.126423,-27.09381],[-65.125666,-27.094833],[-65.125422,-27.095547],[-65.125321,-27.096452],[-65.124924,-27.097039],[-65.12479,-27.098082],[-65.124973,-27.098769],[-65.124647,-27.100271],[-65.124398,-27.100751],[-65.124042,-27.103405],[-65.123828,-27.103873],[-65.123966,-27.104539],[-65.123619,-27.105134],[-65.12349,-27.108336],[-65.122908,-27.109857],[-65.123032,-27.110472],[-65.122916,-27.11109],[-65.123165,-27.111295],[-65.123178,-27.112263],[-65.123478,-27.113451],[-65.123381,-27.114304],[-65.12348,-27.114985],[-65.123355,-27.115716],[-65.122592,-27.117802],[-65.121776,-27.118756],[-65.120982,-27.119101],[-65.121063,-27.119331],[-65.120275,-27.12021],[-65.119822,-27.121387],[-65.119485,-27.121923],[-65.119538,-27.122322],[-65.119232,-27.124182],[-65.118757,-27.12555],[-65.11807,-27.125984],[-65.117451,-27.127002],[-65.117546,-27.127374],[-65.117231,-27.128359],[-65.116786,-27.128957],[-65.116403,-27.130208],[-65.116135,-27.130557],[-65.115858,-27.131728],[-65.115879,-27.13346],[-65.116282,-27.134485],[-65.116227,-27.136123],[-65.115542,-27.136985],[-65.114938,-27.137077],[-65.113895,-27.137657],[-65.11368,-27.138104],[-65.112421,-27.138736],[-65.112097,-27.139081],[-65.110974,-27.139683],[-65.110191,-27.140624],[-65.11003,-27.141307],[-65.110306,-27.142513],[-65.110131,-27.14336],[-65.109752,-27.144049],[-65.108675,-27.145308],[-65.108099,-27.146239],[-65.108178,-27.14659],[-65.107736,-27.14737],[-65.107379,-27.148528],[-65.106905,-27.149136],[-65.10688,-27.149574],[-65.105943,-27.151281],[-65.105325,-27.15268],[-65.106046,-27.152909],[-65.106957,-27.153749],[-65.108941,-27.154267],[-65.109256,-27.154167],[-65.110118,-27.154784],[-65.110166,-27.155899],[-65.109907,-27.1564],[-65.109203,-27.156773],[-65.108586,-27.156725],[-65.107183,-27.155889],[-65.103439,-27.155692],[-65.102925,-27.156965],[-65.103066,-27.158631],[-65.096889,-27.158405],[-65.095869,-27.158412],[-65.087336,-27.160108],[-65.061542,-27.165],[-65.046479,-27.167934],[-65.019288,-27.173133],[-65.018558,-27.173192],[-65.018411,-27.172703]]]]}},{"type":"Feature","properties":{"name":"COMISARIA CAMPO QUIMIL","regional":"URE","color":"#FF9800"},"geometry":{"type":"Polygon","coordinates":[[[-64.90989,-27.289316],[-64.910079,-27.289368],[-64.912122,-27.288947],[-64.91267,-27.299663],[-64.91929,-27.29833],[-64.918315,-27.306338],[-64.928162,-27.342776],[-64.854404,-27.318144],[-64.850165,-27.300051],[-64.84831,-27.298561],[-64.82321,-27.2949],[-64.816071,-27.252685],[-64.789342,-27.256173],[-64.786124,-27.239952],[-64.829722,-27.230492],[-64.813086,-27.156865],[-64.843498,-27.15119],[-64.844464,-27.155056],[-64.863763,-27.152326],[-64.877338,-27.149959],[-64.882103,-27.149051],[-64.88579,-27.164505],[-64.887319,-27.182645],[-64.889145,-27.189779],[-64.888079,-27.19035],[-64.89023,-27.19931],[-64.889439,-27.199598],[-64.894683,-27.224114],[-64.893058,-27.224787],[-64.89442,-27.232852],[-64.8986,-27.231946],[-64.906864,-27.263706],[-64.901939,-27.264426],[-64.910334,-27.289234],[-64.90989,-27.289316]]]}},{"type":"Feature","properties":{"name":"COMISARIA DE BELLA VISTA","regional":"URE","color":"#FF9800"},"geometry":{"type":"Polygon","coordinates":[[[-65.264643,-26.986267],[-65.260999,-26.986081],[-65.2601,-26.984054],[-65.261927,-26.981751],[-65.260094,-26.9815],[-65.259905,-26.979474],[-65.25826,-26.976666],[-65.256108,-26.976041],[-65.25353,-26.977045],[-65.252002,-26.978676],[-65.25188,-26.97264],[-65.254556,-26.973616],[-65.255931,-26.972578],[-65.254128,-26.970439],[-65.255991,-26.969337],[-65.25758,-26.970801],[-65.259989,-26.970714],[-65.256655,-26.967349],[-65.259739,-26.967342],[-65.260834,-26.966198],[-65.258177,-26.963614],[-65.257791,-26.959284],[-65.258847,-26.960441],[-65.260086,-26.959361],[-65.260705,-26.956325],[-65.262455,-26.956709],[-65.265288,-26.954365],[-65.262426,-26.954251],[-65.263317,-26.952704],[-65.266949,-26.952619],[-65.267373,-26.949758],[-65.272232,-26.946407],[-65.274933,-26.94626],[-65.273131,-26.944659],[-65.274233,-26.942651],[-65.275647,-26.943139],[-65.275838,-26.944934],[-65.277847,-26.945146],[-65.279369,-26.942239],[-65.295569,-26.959973],[-65.311791,-26.969113],[-65.325278,-26.979779],[-65.354841,-27.00601],[-65.354702,-27.007322],[-65.356872,-27.009512],[-65.354982,-27.009729],[-65.353688,-27.008482],[-65.353879,-27.011942],[-65.35077,-27.012491],[-65.351083,-27.016365],[-65.350364,-27.017301],[-65.348396,-27.016428],[-65.347175,-27.017136],[-65.348762,-27.018535],[-65.346102,-27.021304],[-65.343624,-27.021443],[-65.340397,-27.020563],[-65.337118,-27.02145],[-65.335681,-27.023097],[-65.331788,-27.021312],[-65.330443,-27.021606],[-65.331188,-27.023527],[-65.328472,-27.028364],[-65.326241,-27.029443],[-65.324166,-27.032553],[-65.325683,-27.03728],[-65.327094,-27.038425],[-65.326361,-27.039563],[-65.323826,-27.039954],[-65.322358,-27.041363],[-65.322336,-27.043205],[-65.324172,-27.042934],[-65.325302,-27.046184],[-65.324553,-27.048792],[-65.323209,-27.047783],[-65.323454,-27.049905],[-65.328616,-27.050416],[-65.328973,-27.052892],[-65.331608,-27.054025],[-65.330255,-27.054842],[-65.327762,-27.054227],[-65.329652,-27.0565],[-65.331081,-27.05599],[-65.331827,-27.058123],[-65.334317,-27.055196],[-65.334844,-27.056733],[-65.331654,-27.0594],[-65.336106,-27.060139],[-65.337571,-27.062423],[-65.337102,-27.064517],[-65.338218,-27.070626],[-65.341096,-27.070984],[-65.340155,-27.073123],[-65.345236,-27.075616],[-65.345969,-27.077682],[-65.342938,-27.079503],[-65.344047,-27.081265],[-65.348242,-27.083139],[-65.34712,-27.084692],[-65.350255,-27.086041],[-65.350643,-27.088329],[-65.348578,-27.087999],[-65.350202,-27.092428],[-65.34993,-27.094095],[-65.345534,-27.095199],[-65.345101,-27.100791],[-65.343057,-27.101864],[-65.34484,-27.107822],[-65.346636,-27.106068],[-65.347317,-27.107137],[-65.342253,-27.1115],[-65.341966,-27.113589],[-65.345161,-27.115571],[-65.341949,-27.116417],[-65.332275,-27.125472],[-65.331263,-27.126123],[-65.316012,-27.132895],[-65.315203,-27.130227],[-65.312707,-27.12632],[-65.315789,-27.124368],[-65.315616,-27.122686],[-65.311501,-27.121395],[-65.312249,-27.11894],[-65.31606,-27.117523],[-65.312327,-27.107752],[-65.307086,-27.106376],[-65.305512,-27.105008],[-65.306776,-27.100214],[-65.305847,-27.098022],[-65.303363,-27.097193],[-65.299537,-27.098967],[-65.296957,-27.098074],[-65.2951,-27.093746],[-65.293823,-27.092407],[-65.294383,-27.090042],[-65.29661,-27.086704],[-65.297163,-27.083562],[-65.294695,-27.081779],[-65.292565,-27.084388],[-65.289623,-27.084881],[-65.287061,-27.08382],[-65.288623,-27.07978],[-65.285528,-27.076169],[-65.283435,-27.074943],[-65.280244,-27.07447],[-65.278406,-27.071626],[-65.274761,-27.069949],[-65.274302,-27.068738],[-65.277206,-27.06732],[-65.2788,-27.061542],[-65.278788,-27.059447],[-65.275755,-27.060591],[-65.273684,-27.058804],[-65.272418,-27.054861],[-65.269248,-27.053846],[-65.267432,-27.051051],[-65.26486,-27.0501],[-65.26423,-27.04613],[-65.262504,-27.042844],[-65.258347,-27.041416],[-65.256998,-27.04205],[-65.25302,-27.040727],[-65.253876,-27.037071],[-65.258425,-27.035928],[-65.25807,-27.030106],[-65.259317,-27.027956],[-65.261643,-27.027792],[-65.265771,-27.026397],[-65.266415,-27.025199],[-65.264863,-27.023678],[-65.264364,-27.020466],[-65.266256,-27.020208],[-65.269706,-27.021365],[-65.270996,-27.017563],[-65.269358,-27.017462],[-65.267496,-27.019011],[-65.266029,-27.017524],[-65.266836,-27.014621],[-65.269067,-27.013574],[-65.268782,-27.011924],[-65.266829,-27.013335],[-65.263423,-27.013992],[-65.2644,-27.012504],[-65.260482,-27.006674],[-65.25782,-27.006161],[-65.259121,-27.003802],[-65.260262,-27.005451],[-65.261918,-27.003482],[-65.259441,-27.001852],[-65.259083,-26.99945],[-65.259937,-26.998354],[-65.262835,-26.999684],[-65.263579,-26.996019],[-65.262426,-26.994471],[-65.263831,-26.994205],[-65.263366,-26.991218],[-65.264665,-26.989931],[-65.261491,-26.990508],[-65.262174,-26.989174],[-65.265136,-26.987102],[-65.264643,-26.986267]]]}},{"type":"Feature","properties":{"name":"COMISARIA DE ESQUINA","regional":"URE","color":"#FF9800"},"geometry":{"type":"MultiPolygon","coordinates":[[[[-65.250944,-26.998098],[-65.251243,-26.998913],[-65.25128,-27.000043],[-65.251144,-27.000551],[-65.250931,-27.000968],[-65.250384,-27.001425],[-65.249861,-27.001673],[-65.249066,-27.001975],[-65.248382,-27.001964],[-65.247777,-27.001634],[-65.247509,-27.001096],[-65.246958,-26.999804],[-65.246602,-26.999547],[-65.246188,-26.999415],[-65.245378,-26.999485],[-65.244589,-26.999666],[-65.244317,-27.000036],[-65.244298,-27.001979],[-65.244335,-27.002423],[-65.244289,-27.003124],[-65.244151,-27.003653],[-65.244115,-27.003927],[-65.244309,-27.004336],[-65.24456,-27.004473],[-65.244892,-27.004451],[-65.245238,-27.00456],[-65.245663,-27.00465],[-65.246109,-27.004667],[-65.246695,-27.004595],[-65.247255,-27.004631],[-65.247776,-27.005042],[-65.24809,-27.005323],[-65.248156,-27.00549],[-65.248102,-27.005866],[-65.247953,-27.006361],[-65.248127,-27.006837],[-65.248286,-27.007104],[-65.248355,-27.007177],[-65.248486,-27.007415],[-65.248884,-27.007496],[-65.249206,-27.007414],[-65.24944,-27.007415],[-65.250025,-27.007516],[-65.251469,-27.007927],[-65.252252,-27.007698],[-65.252451,-27.007556],[-65.2527,-27.007511],[-65.253042,-27.007601],[-65.253398,-27.00784],[-65.253644,-27.008162],[-65.253688,-27.008603],[-65.253595,-27.009369],[-65.253718,-27.009634],[-65.253985,-27.010035],[-65.254666,-27.010782],[-65.25467,-27.010779],[-65.255458,-27.011501],[-65.2559,-27.012116],[-65.256468,-27.012426],[-65.257255,-27.012523],[-65.258509,-27.012734],[-65.258685,-27.012698],[-65.258987,-27.012504],[-65.259402,-27.012451],[-65.259868,-27.012667],[-65.260144,-27.01317],[-65.260182,-27.013727],[-65.25971,-27.014922],[-65.25931,-27.015849],[-65.259348,-27.016407],[-65.259511,-27.01676],[-65.259841,-27.017041],[-65.260106,-27.017119],[-65.261367,-27.017664],[-65.261543,-27.018125],[-65.261518,-27.018348],[-65.261267,-27.018681],[-65.261164,-27.01891],[-65.261317,-27.019301],[-65.261346,-27.019677],[-65.261383,-27.019977],[-65.261965,-27.020168],[-65.26292,-27.020375],[-65.264117,-27.020479],[-65.264396,-27.020462],[-65.264697,-27.020997],[-65.264842,-27.021889],[-65.264764,-27.023194],[-65.264863,-27.023678],[-65.265202,-27.023953],[-65.265884,-27.024158],[-65.266282,-27.024581],[-65.266415,-27.025199],[-65.266257,-27.025916],[-65.265771,-27.026397],[-65.263898,-27.026734],[-65.262882,-27.02726],[-65.261643,-27.027792],[-65.260346,-27.027912],[-65.259317,-27.027956],[-65.258424,-27.028898],[-65.258436,-27.029005],[-65.258349,-27.029131],[-65.258217,-27.029584],[-65.25807,-27.030019],[-65.258098,-27.030293],[-65.258113,-27.030668],[-65.258177,-27.030771],[-65.258193,-27.030961],[-65.258326,-27.031575],[-65.258311,-27.0316],[-65.258385,-27.031831],[-65.258369,-27.03201],[-65.258426,-27.03211],[-65.258482,-27.032355],[-65.25846,-27.032422],[-65.258477,-27.032598],[-65.25859,-27.032711],[-65.258518,-27.032803],[-65.258575,-27.03285],[-65.258631,-27.033055],[-65.258671,-27.033481],[-65.25863,-27.033828],[-65.2587,-27.033966],[-65.258738,-27.034282],[-65.258698,-27.034333],[-65.258701,-27.034454],[-65.258749,-27.034647],[-65.258707,-27.035102],[-65.258648,-27.035282],[-65.258673,-27.035308],[-65.258564,-27.035579],[-65.258437,-27.035772],[-65.258425,-27.035928],[-65.258227,-27.036091],[-65.258048,-27.036131],[-65.257609,-27.036331],[-65.257373,-27.036359],[-65.257301,-27.036336],[-65.256929,-27.036325],[-65.256574,-27.0364],[-65.256287,-27.036437],[-65.256151,-27.036471],[-65.255875,-27.03648],[-65.255637,-27.036523],[-65.255458,-27.03658],[-65.255218,-27.036607],[-65.254918,-27.036685],[-65.25465,-27.036793],[-65.254234,-27.036901],[-65.254037,-27.036991],[-65.253592,-27.034757],[-65.238157,-27.037679],[-65.212458,-27.042638],[-65.2124,-27.042404],[-65.208673,-27.043118],[-65.208457,-27.0431],[-65.206919,-27.043375],[-65.20685,-27.043467],[-65.201113,-27.044565],[-65.189408,-27.04665],[-65.189836,-27.048713],[-65.189876,-27.048868],[-65.184667,-27.049753],[-65.1832,-27.041288],[-65.178099,-27.01392],[-65.176858,-27.012514],[-65.178004,-27.012289],[-65.179961,-27.011924],[-65.181953,-27.011532],[-65.18177,-27.010801],[-65.181444,-27.009668],[-65.193891,-27.007365],[-65.198473,-27.006492],[-65.203185,-27.005664],[-65.203395,-27.005641],[-65.203419,-27.005728],[-65.206122,-27.005179],[-65.209625,-27.004446],[-65.210688,-27.004235],[-65.213466,-27.003688],[-65.223025,-27.001917],[-65.223376,-27.001845],[-65.224372,-27.00118],[-65.224504,-27.001155],[-65.224579,-27.001343],[-65.224614,-27.001603],[-65.22543,-27.001436],[-65.229376,-27.000686],[-65.233389,-26.999946],[-65.236088,-26.99943],[-65.238834,-26.998948],[-65.241287,-26.998485],[-65.244397,-26.997892],[-65.245852,-26.9976],[-65.246035,-26.997533],[-65.249419,-26.996906],[-65.250196,-26.996931],[-65.250949,-26.997109],[-65.25097,-26.997429],[-65.250944,-26.998098]]],[[[-65.20685,-27.043467],[-65.20677,-27.043573],[-65.204845,-27.043935],[-65.202359,-27.04436],[-65.202261,-27.04436],[-65.201113,-27.044565],[-65.20685,-27.043467]]]]}},{"type":"Feature","properties":{"name":"COMISARIA DE ROMERA POZO","regional":"URE","color":"#FF9800"},"geometry":{"type":"MultiPolygon","coordinates":[[[[-65.173631,-27.083547],[-65.173638,-27.083581],[-65.172961,-27.083661],[-65.173631,-27.083547]]],[[[-65.172751,-27.083696],[-65.173336,-27.088552],[-65.172774,-27.088722],[-65.17245,-27.094038],[-65.181265,-27.092395],[-65.190865,-27.090542],[-65.195153,-27.089644],[-65.195152,-27.089698],[-65.182949,-27.111602],[-65.204715,-27.107804],[-65.20549,-27.11012],[-65.206753,-27.121476],[-65.208978,-27.144465],[-65.204183,-27.145313],[-65.21253,-27.18423],[-65.187658,-27.18933],[-65.187943,-27.190628],[-65.15425,-27.196932],[-65.142666,-27.199454],[-65.143449,-27.203399],[-65.13013,-27.205934],[-65.121482,-27.207739],[-65.120458,-27.205117],[-65.120322,-27.204887],[-65.120272,-27.204586],[-65.120071,-27.204423],[-65.119887,-27.204165],[-65.119821,-27.203794],[-65.11991,-27.203302],[-65.119782,-27.202668],[-65.120018,-27.202368],[-65.120135,-27.201908],[-65.120105,-27.201695],[-65.120402,-27.201566],[-65.120304,-27.201237],[-65.120051,-27.200682],[-65.120239,-27.20061],[-65.120209,-27.200396],[-65.120088,-27.200054],[-65.119781,-27.199618],[-65.119936,-27.199406],[-65.120224,-27.199243],[-65.119826,-27.198678],[-65.119834,-27.198275],[-65.119456,-27.198492],[-65.11912,-27.198628],[-65.118756,-27.198732],[-65.118503,-27.198524],[-65.118257,-27.19826],[-65.118112,-27.197812],[-65.118159,-27.197493],[-65.118297,-27.19712],[-65.118225,-27.196987],[-65.118078,-27.196795],[-65.118018,-27.196368],[-65.118259,-27.195738],[-65.118217,-27.195472],[-65.118329,-27.194995],[-65.118357,-27.194588],[-65.11817,-27.193965],[-65.117697,-27.19378],[-65.117365,-27.193842],[-65.117057,-27.1941],[-65.116672,-27.194374],[-65.116272,-27.194321],[-65.115855,-27.194198],[-65.115414,-27.194062],[-65.115413,-27.193623],[-65.11584,-27.193178],[-65.115828,-27.192778],[-65.115398,-27.192512],[-65.115532,-27.192213],[-65.116007,-27.191539],[-65.116624,-27.191204],[-65.116278,-27.190776],[-65.115825,-27.19024],[-65.116202,-27.18984],[-65.116286,-27.189331],[-65.115973,-27.188952],[-65.115699,-27.18787],[-65.115609,-27.187577],[-65.114107,-27.186397],[-65.112465,-27.185317],[-65.1095,-27.185215],[-65.108914,-27.186202],[-65.107383,-27.185246],[-65.105683,-27.184615],[-65.104,-27.182666],[-65.102724,-27.182101],[-65.101505,-27.182476],[-65.099839,-27.183738],[-65.097801,-27.183754],[-65.100697,-27.17101],[-65.100732,-27.168373],[-65.102969,-27.163277],[-65.10227,-27.162385],[-65.102856,-27.161399],[-65.103048,-27.158732],[-65.102745,-27.156743],[-65.103441,-27.155882],[-65.104397,-27.155776],[-65.106875,-27.155896],[-65.107822,-27.156449],[-65.109423,-27.15666],[-65.110161,-27.155279],[-65.109067,-27.154096],[-65.106976,-27.153539],[-65.105964,-27.152706],[-65.105676,-27.152175],[-65.10714,-27.149708],[-65.108267,-27.146501],[-65.108181,-27.145787],[-65.108865,-27.14522],[-65.10978,-27.144245],[-65.110646,-27.143059],[-65.110589,-27.14212],[-65.109993,-27.140624],[-65.111406,-27.139336],[-65.112358,-27.138865],[-65.113404,-27.13845],[-65.114038,-27.137673],[-65.115208,-27.137088],[-65.116155,-27.136253],[-65.11649,-27.13524],[-65.115968,-27.133365],[-65.116027,-27.131527],[-65.116485,-27.130345],[-65.116618,-27.129517],[-65.117048,-27.128742],[-65.117764,-27.127438],[-65.117593,-27.126886],[-65.118327,-27.125835],[-65.118934,-27.125465],[-65.11964,-27.122556],[-65.119453,-27.121933],[-65.119987,-27.121248],[-65.120111,-27.120385],[-65.12112,-27.119464],[-65.121046,-27.119149],[-65.122045,-27.118706],[-65.122562,-27.117951],[-65.122914,-27.117191],[-65.123456,-27.115847],[-65.123459,-27.114641],[-65.123491,-27.11321],[-65.123461,-27.112558],[-65.123253,-27.112195],[-65.123254,-27.111501],[-65.123344,-27.111191],[-65.123009,-27.110633],[-65.123137,-27.110134],[-65.123043,-27.109385],[-65.123556,-27.108265],[-65.123627,-27.107521],[-65.123697,-27.106777],[-65.123616,-27.105733],[-65.123743,-27.105234],[-65.124032,-27.104376],[-65.123853,-27.103788],[-65.124132,-27.103407],[-65.124403,-27.100909],[-65.124681,-27.100527],[-65.124704,-27.099756],[-65.124772,-27.099524],[-65.125114,-27.09924],[-65.125067,-27.098518],[-65.124818,-27.097981],[-65.125059,-27.097095],[-65.125103,-27.096758],[-65.125413,-27.096426],[-65.125511,-27.09606],[-65.125505,-27.095513],[-65.125526,-27.095254],[-65.125705,-27.0948],[-65.126176,-27.094108],[-65.126792,-27.093518],[-65.127849,-27.093063],[-65.128194,-27.093053],[-65.128681,-27.09287],[-65.129225,-27.09275],[-65.129391,-27.092591],[-65.129688,-27.092462],[-65.130137,-27.092377],[-65.130293,-27.092257],[-65.130576,-27.091984],[-65.131004,-27.091721],[-65.131198,-27.091502],[-65.131623,-27.091313],[-65.131851,-27.091069],[-65.132014,-27.090545],[-65.132035,-27.09051],[-65.149208,-27.087698],[-65.172751,-27.083696]]]]}},{"type":"Feature","properties":{"name":"COMISARIA EL MOJON","regional":"URE","color":"#FF9800"},"geometry":{"type":"Polygon","coordinates":[[[-64.968506,-27.288962],[-64.968258,-27.289354],[-64.919377,-27.298267],[-64.912706,-27.29959],[-64.912213,-27.288848],[-64.910609,-27.289142],[-64.910581,-27.289148],[-64.902009,-27.264495],[-64.90692,-27.263692],[-64.898662,-27.231555],[-64.894461,-27.232788],[-64.893202,-27.224828],[-64.89472,-27.224115],[-64.889502,-27.199766],[-64.890391,-27.19968],[-64.888181,-27.190486],[-64.889249,-27.189883],[-64.88737,-27.182417],[-64.885859,-27.164574],[-64.882137,-27.14899],[-64.889863,-27.147567],[-64.933347,-27.139334],[-64.946145,-27.13718],[-64.946149,-27.137196],[-64.9474,-27.136981],[-64.947476,-27.137154],[-64.953039,-27.136061],[-64.960491,-27.134528],[-64.963469,-27.147749],[-64.969184,-27.146655],[-64.971304,-27.155418],[-64.975221,-27.154717],[-64.976078,-27.158087],[-64.988424,-27.155812],[-64.99122,-27.191704],[-65.010851,-27.189069],[-65.01264,-27.206336],[-65.025957,-27.204073],[-65.033334,-27.235605],[-65.033454,-27.236039],[-65.032988,-27.241428],[-65.029189,-27.24448],[-65.024787,-27.253621],[-65.023064,-27.254967],[-65.023687,-27.257367],[-65.019879,-27.258196],[-65.019597,-27.257409],[-65.016986,-27.260585],[-65.015693,-27.262116],[-65.012621,-27.269695],[-65.006106,-27.273152],[-65.00363,-27.281781],[-65.002387,-27.284268],[-65.000203,-27.284734],[-64.992211,-27.284447],[-64.983346,-27.286024],[-64.975528,-27.287438],[-64.975542,-27.287494],[-64.974821,-27.287654],[-64.974308,-27.287773],[-64.972056,-27.288283],[-64.968506,-27.288962]]]}},{"type":"Feature","properties":{"name":"COMISARIA ESTACION ARAOZ","regional":"URE","color":"#FF9800"},"geometry":{"type":"Polygon","coordinates":[[[-64.94611,-27.131194],[-64.946056,-27.131204],[-64.947436,-27.136963],[-64.933347,-27.139334],[-64.889863,-27.147567],[-64.870593,-27.151115],[-64.851524,-27.154027],[-64.844518,-27.154983],[-64.843594,-27.15109],[-64.820714,-27.155393],[-64.817848,-27.155949],[-64.813076,-27.15685],[-64.811249,-27.149324],[-64.798091,-27.151939],[-64.795779,-27.143092],[-64.796062,-27.141181],[-64.796122,-27.14115],[-64.789551,-27.113147],[-64.786058,-27.097837],[-64.781078,-27.076627],[-64.815641,-27.070191],[-64.814261,-27.064146],[-64.883974,-27.051497],[-64.898728,-27.048794],[-64.898463,-27.047092],[-64.916008,-27.043859],[-64.928045,-27.041625],[-64.93089,-27.06065],[-64.932972,-27.075923],[-64.935164,-27.087714],[-64.941521,-27.114225],[-64.94611,-27.131194]]]}},{"type":"Feature","properties":{"name":"COMISARIA INGENIO LEALES","regional":"URE","color":"#FF9800"},"geometry":{"type":"Polygon","coordinates":[[[-65.223154,-27.04061],[-65.231288,-27.039046],[-65.241601,-27.037063],[-65.253558,-27.034792],[-65.254018,-27.036958],[-65.253873,-27.037048],[-65.253811,-27.037133],[-65.253465,-27.037463],[-65.253426,-27.037522],[-65.253086,-27.037834],[-65.252991,-27.037959],[-65.252959,-27.038143],[-65.252976,-27.038287],[-65.252953,-27.038675],[-65.25298,-27.038917],[-65.252961,-27.039314],[-65.252888,-27.039676],[-65.25287,-27.039971],[-65.252936,-27.040076],[-65.252931,-27.040506],[-65.253065,-27.040851],[-65.253896,-27.041488],[-65.25412,-27.041545],[-65.254212,-27.041475],[-65.254804,-27.041596],[-65.255486,-27.041861],[-65.256212,-27.04191],[-65.256875,-27.042057],[-65.257004,-27.042059],[-65.257391,-27.041897],[-65.25786,-27.041577],[-65.257975,-27.041476],[-65.2582,-27.041427],[-65.25836,-27.041434],[-65.259202,-27.041745],[-65.259263,-27.041734],[-65.259511,-27.041819],[-65.259985,-27.041941],[-65.260243,-27.041967],[-65.26032,-27.042036],[-65.260543,-27.042125],[-65.261289,-27.04236],[-65.261554,-27.042493],[-65.261919,-27.042603],[-65.262309,-27.042793],[-65.262504,-27.042844],[-65.262845,-27.043114],[-65.263039,-27.043316],[-65.263206,-27.043563],[-65.263504,-27.043883],[-65.26365,-27.044078],[-65.263933,-27.044598],[-65.264021,-27.044976],[-65.264077,-27.045033],[-65.264157,-27.045533],[-65.264227,-27.045627],[-65.26423,-27.04613],[-65.264173,-27.046367],[-65.264073,-27.046629],[-65.263996,-27.046729],[-65.263988,-27.046816],[-65.263805,-27.047022],[-65.263803,-27.047328],[-65.263888,-27.047683],[-65.263907,-27.047672],[-65.263983,-27.048292],[-65.264076,-27.048883],[-65.264135,-27.049058],[-65.264516,-27.049697],[-65.264768,-27.050009],[-65.26486,-27.0501],[-65.265163,-27.050299],[-65.265601,-27.05051],[-65.265812,-27.050578],[-65.266009,-27.050689],[-65.266344,-27.050782],[-65.26695,-27.050876],[-65.267095,-27.050916],[-65.267432,-27.051051],[-65.267603,-27.051213],[-65.267671,-27.051501],[-65.267613,-27.051579],[-65.267596,-27.051791],[-65.267879,-27.052157],[-65.267891,-27.052287],[-65.267987,-27.052456],[-65.268228,-27.05277],[-65.26836,-27.052977],[-65.269018,-27.053675],[-65.269248,-27.053846],[-65.269473,-27.053924],[-65.269539,-27.054],[-65.26969,-27.054077],[-65.269848,-27.054083],[-65.270157,-27.05427],[-65.270345,-27.054337],[-65.270576,-27.054387],[-65.270697,-27.054453],[-65.271045,-27.05452],[-65.271245,-27.054581],[-65.272045,-27.05477],[-65.27234,-27.054826],[-65.272418,-27.054861],[-65.272934,-27.055572],[-65.273144,-27.056112],[-65.273143,-27.057322],[-65.273341,-27.057488],[-65.273459,-27.057707],[-65.273561,-27.058021],[-65.273625,-27.058571],[-65.273684,-27.058804],[-65.273879,-27.059085],[-65.274572,-27.059863],[-65.275136,-27.060297],[-65.275431,-27.060459],[-65.275755,-27.060591],[-65.276129,-27.060662],[-65.276424,-27.060698],[-65.276685,-27.060692],[-65.277006,-27.060644],[-65.277359,-27.060366],[-65.277463,-27.060225],[-65.277822,-27.059998],[-65.277905,-27.059658],[-65.278066,-27.059337],[-65.278333,-27.059047],[-65.278655,-27.058929],[-65.278788,-27.059447],[-65.278512,-27.060383],[-65.278207,-27.061035],[-65.27813,-27.061091],[-65.278101,-27.061292],[-65.277936,-27.061427],[-65.277814,-27.061572],[-65.2788,-27.061542],[-65.278347,-27.062979],[-65.278269,-27.06336],[-65.278164,-27.063673],[-65.278004,-27.063885],[-65.277945,-27.064038],[-65.277939,-27.064351],[-65.277914,-27.064548],[-65.27782,-27.064736],[-65.277798,-27.064945],[-65.277724,-27.065205],[-65.277608,-27.065735],[-65.277554,-27.06609],[-65.277443,-27.066669],[-65.27735,-27.06689],[-65.277206,-27.06732],[-65.2771,-27.067493],[-65.276977,-27.067633],[-65.276858,-27.067639],[-65.276481,-27.067959],[-65.276124,-27.068208],[-65.275551,-27.068506],[-65.275052,-27.068631],[-65.274925,-27.068639],[-65.2746,-27.068711],[-65.274302,-27.068738],[-65.274104,-27.068908],[-65.272321,-27.069143],[-65.245743,-27.073973],[-65.242312,-27.074622],[-65.233654,-27.076203],[-65.236167,-27.083915],[-65.194072,-27.09192],[-65.195271,-27.089636],[-65.195272,-27.089586],[-65.185334,-27.091585],[-65.172612,-27.093906],[-65.172814,-27.088739],[-65.173437,-27.088555],[-65.172775,-27.083735],[-65.173693,-27.083573],[-65.172371,-27.077619],[-65.174395,-27.077248],[-65.174701,-27.078337],[-65.186418,-27.076279],[-65.19313,-27.075078],[-65.196684,-27.074445],[-65.196651,-27.073972],[-65.205525,-27.072403],[-65.212805,-27.071035],[-65.216129,-27.070446],[-65.221325,-27.069504],[-65.224943,-27.068836],[-65.221791,-27.064018],[-65.221807,-27.064015],[-65.219144,-27.059759],[-65.221334,-27.059331],[-65.220051,-27.053636],[-65.217243,-27.055035],[-65.216693,-27.054202],[-65.215538,-27.054928],[-65.213009,-27.050763],[-65.213118,-27.050736],[-65.208567,-27.043162],[-65.212371,-27.042456],[-65.212416,-27.042672],[-65.223154,-27.04061]]]}},{"type":"Feature","properties":{"name":"COMISARIA LOS GOMEZ","regional":"URE","color":"#FF9800"},"geometry":{"type":"Polygon","coordinates":[[[-65.086486,-27.250838],[-65.116129,-27.245261],[-65.116224,-27.245046],[-65.135369,-27.241617],[-65.136738,-27.243045],[-65.135361,-27.24387],[-65.135148,-27.244678],[-65.133641,-27.246549],[-65.13446,-27.247614],[-65.135991,-27.247455],[-65.136897,-27.248692],[-65.136453,-27.249657],[-65.13745,-27.250869],[-65.13767,-27.252745],[-65.138726,-27.254457],[-65.140453,-27.255127],[-65.141489,-27.255303],[-65.142048,-27.25593],[-65.141947,-27.258104],[-65.142291,-27.258765],[-65.143608,-27.259042],[-65.144578,-27.26083],[-65.142856,-27.263326],[-65.176817,-27.256976],[-65.17999,-27.270021],[-65.203298,-27.265775],[-65.216966,-27.263066],[-65.223853,-27.261831],[-65.224445,-27.264421],[-65.237248,-27.256327],[-65.23738,-27.256881],[-65.245741,-27.255527],[-65.255516,-27.25353],[-65.261128,-27.25246],[-65.262388,-27.257771],[-65.265012,-27.269722],[-65.266613,-27.276294],[-65.268587,-27.285614],[-65.265003,-27.287487],[-65.262498,-27.288599],[-65.259338,-27.289485],[-65.257968,-27.290372],[-65.253579,-27.292793],[-65.250634,-27.294904],[-65.246924,-27.298268],[-65.244232,-27.302165],[-65.243039,-27.303466],[-65.24187,-27.304389],[-65.24058,-27.304489],[-65.239474,-27.305881],[-65.238309,-27.306773],[-65.236867,-27.308313],[-65.235406,-27.309326],[-65.2331,-27.311722],[-65.232319,-27.312968],[-65.231499,-27.315467],[-65.230669,-27.316658],[-65.228434,-27.316254],[-65.227282,-27.316295],[-65.222876,-27.314706],[-65.220489,-27.314539],[-65.218739,-27.314596],[-65.217943,-27.314878],[-65.217138,-27.315716],[-65.216813,-27.317045],[-65.216122,-27.318371],[-65.216216,-27.320174],[-65.217151,-27.3218],[-65.217344,-27.323827],[-65.21784,-27.325853],[-65.217117,-27.327997],[-65.21677,-27.32813],[-65.217169,-27.330306],[-65.21772,-27.331168],[-65.218403,-27.331215],[-65.219708,-27.332254],[-65.21967,-27.333069],[-65.21907,-27.333695],[-65.21635,-27.334712],[-65.214005,-27.336909],[-65.213438,-27.337807],[-65.212621,-27.341549],[-65.21344,-27.342415],[-65.212168,-27.343376],[-65.208198,-27.345635],[-65.207802,-27.346435],[-65.207673,-27.347692],[-65.206376,-27.348706],[-65.204719,-27.349341],[-65.203054,-27.349185],[-65.200487,-27.34986],[-65.201733,-27.352588],[-65.199523,-27.353852],[-65.198524,-27.354765],[-65.197902,-27.354504],[-65.195561,-27.354784],[-65.195849,-27.355221],[-65.195156,-27.355826],[-65.193479,-27.359009],[-65.193319,-27.359951],[-65.19343,-27.361845],[-65.189933,-27.363904],[-65.186829,-27.365072],[-65.185789,-27.365778],[-65.1841,-27.364862],[-65.179816,-27.36313],[-65.17701,-27.363119],[-65.175241,-27.363295],[-65.173949,-27.364117],[-65.171519,-27.364304],[-65.17053,-27.365648],[-65.16905,-27.366642],[-65.167561,-27.367907],[-65.169044,-27.368519],[-65.16714,-27.371655],[-65.163908,-27.371514],[-65.162233,-27.371078],[-65.160069,-27.371311],[-65.159197,-27.371737],[-65.15724,-27.371961],[-65.156203,-27.372824],[-65.154104,-27.378153],[-65.151842,-27.380398],[-65.146352,-27.38317],[-65.130028,-27.385383],[-65.130203,-27.383872],[-65.129064,-27.383373],[-65.127347,-27.383745],[-65.126415,-27.382956],[-65.125415,-27.38295],[-65.123812,-27.381792],[-65.123573,-27.381007],[-65.12268,-27.3804],[-65.122649,-27.379125],[-65.122267,-27.378375],[-65.122428,-27.376117],[-65.124238,-27.374289],[-65.125995,-27.373972],[-65.126736,-27.373175],[-65.128208,-27.372911],[-65.128115,-27.371726],[-65.126824,-27.369805],[-65.126232,-27.368563],[-65.12724,-27.367512],[-65.127829,-27.365293],[-65.129436,-27.363299],[-65.130369,-27.361447],[-65.133897,-27.361633],[-65.135087,-27.360784],[-65.134297,-27.36005],[-65.134469,-27.35894],[-65.134127,-27.358337],[-65.13437,-27.355861],[-65.134685,-27.354715],[-65.134372,-27.353055],[-65.134744,-27.352456],[-65.13607,-27.352428],[-65.136569,-27.351302],[-65.135472,-27.350694],[-65.134419,-27.349649],[-65.13473,-27.348995],[-65.134183,-27.348445],[-65.134379,-27.346843],[-65.135014,-27.34661],[-65.13511,-27.34468],[-65.134625,-27.344148],[-65.135424,-27.343625],[-65.135027,-27.34222],[-65.135018,-27.340799],[-65.13534,-27.338669],[-65.135024,-27.337374],[-65.136009,-27.335441],[-65.136015,-27.334866],[-65.13678,-27.334271],[-65.138575,-27.333722],[-65.138855,-27.332974],[-65.138837,-27.331518],[-65.139954,-27.331942],[-65.140597,-27.331785],[-65.140246,-27.328911],[-65.140656,-27.327888],[-65.140482,-27.325791],[-65.141692,-27.322918],[-65.144465,-27.320741],[-65.144416,-27.319028],[-65.143868,-27.318606],[-65.142741,-27.318927],[-65.142297,-27.317774],[-65.139099,-27.318296],[-65.136634,-27.319306],[-65.132676,-27.32188],[-65.076652,-27.356779],[-65.06988,-27.327463],[-65.059498,-27.329363],[-65.049015,-27.286172],[-65.046902,-27.286456],[-65.044305,-27.275822],[-65.088318,-27.267593],[-65.086389,-27.256632],[-65.087128,-27.253503],[-65.086486,-27.250838]]]}},{"type":"Feature","properties":{"name":"COMISARIA LOS HERRERAS","regional":"URE","color":"#FF9800"},"geometry":{"type":"Polygon","coordinates":[[[-65.148659,-27.382816],[-65.151582,-27.382509],[-65.149061,-27.383526],[-65.148103,-27.384707],[-65.14653,-27.386297],[-65.147462,-27.388713],[-65.146297,-27.393219],[-65.14467,-27.397264],[-65.143619,-27.398353],[-65.140826,-27.399005],[-65.138778,-27.398728],[-65.138196,-27.400191],[-65.133937,-27.402262],[-65.130582,-27.404027],[-65.128867,-27.409471],[-65.130954,-27.412295],[-65.131215,-27.414415],[-65.130246,-27.417351],[-65.129511,-27.418104],[-65.127299,-27.418872],[-65.124527,-27.417594],[-65.12298,-27.415586],[-65.12127,-27.414624],[-65.117119,-27.416525],[-65.115115,-27.418707],[-65.114564,-27.422804],[-65.114956,-27.424403],[-65.113742,-27.426537],[-65.108005,-27.428622],[-65.105053,-27.428651],[-65.09911,-27.429321],[-65.097149,-27.429223],[-65.095216,-27.427108],[-65.095794,-27.425733],[-65.096301,-27.423915],[-65.09391,-27.422831],[-65.093,-27.423224],[-65.092128,-27.426165],[-65.090341,-27.428006],[-65.08857,-27.429586],[-65.088999,-27.432152],[-65.08841,-27.433702],[-65.088185,-27.438869],[-65.091208,-27.440862],[-65.091951,-27.441558],[-65.094115,-27.44274],[-65.095507,-27.442897],[-65.099754,-27.443021],[-65.101549,-27.443418],[-65.103116,-27.444307],[-65.104173,-27.445501],[-65.104106,-27.446967],[-65.102487,-27.448072],[-65.100804,-27.447066],[-65.099336,-27.446555],[-65.097269,-27.446583],[-65.095705,-27.447208],[-65.095288,-27.447977],[-65.095666,-27.449005],[-65.096412,-27.450051],[-65.096389,-27.451213],[-65.09429,-27.454092],[-65.093155,-27.454935],[-65.092042,-27.455033],[-65.090249,-27.454615],[-65.088796,-27.453862],[-65.08781,-27.453111],[-65.085261,-27.453357],[-65.083874,-27.454692],[-65.083335,-27.454665],[-65.082234,-27.455356],[-65.08234,-27.455624],[-65.081291,-27.456274],[-65.080168,-27.45771],[-65.079086,-27.458095],[-65.078155,-27.458048],[-65.077509,-27.458542],[-65.0761,-27.458253],[-65.074105,-27.458307],[-65.070902,-27.45762],[-65.068781,-27.458106],[-65.068001,-27.458769],[-65.065657,-27.458893],[-65.065268,-27.459203],[-65.064743,-27.460515],[-65.065057,-27.461386],[-65.063335,-27.461783],[-65.062211,-27.460103],[-65.061813,-27.458613],[-65.062101,-27.455995],[-65.062081,-27.455138],[-65.063006,-27.455294],[-65.063408,-27.454766],[-65.062726,-27.451924],[-65.06177,-27.451876],[-65.062717,-27.444639],[-65.063243,-27.4437],[-65.062808,-27.442801],[-65.062195,-27.443933],[-65.06087,-27.449374],[-65.058372,-27.45311],[-65.056893,-27.45591],[-65.053764,-27.457947],[-65.050385,-27.461617],[-65.04975,-27.463494],[-65.049659,-27.464542],[-65.04711,-27.470645],[-65.046177,-27.472572],[-65.044738,-27.474321],[-65.042799,-27.476988],[-65.03787,-27.48025],[-65.036213,-27.480781],[-65.033855,-27.482286],[-65.027439,-27.484157],[-65.024786,-27.484111],[-65.020795,-27.483428],[-65.017006,-27.482666],[-65.015387,-27.482585],[-65.013177,-27.483307],[-65.010944,-27.484379],[-65.009848,-27.485377],[-65.007884,-27.480671],[-65.005864,-27.460562],[-64.981572,-27.417047],[-65.088996,-27.349198],[-65.132873,-27.321907],[-65.13579,-27.320032],[-65.138935,-27.318432],[-65.142265,-27.317807],[-65.142252,-27.318815],[-65.142627,-27.319097],[-65.14358,-27.318793],[-65.144257,-27.318958],[-65.14422,-27.32115],[-65.141968,-27.322619],[-65.141337,-27.32329],[-65.140399,-27.325745],[-65.140361,-27.327147],[-65.140604,-27.327993],[-65.140016,-27.329544],[-65.140479,-27.330795],[-65.140265,-27.331882],[-65.138773,-27.331369],[-65.138562,-27.333202],[-65.13829,-27.333627],[-65.136573,-27.334376],[-65.135691,-27.335123],[-65.135574,-27.336175],[-65.134931,-27.337519],[-65.135226,-27.339014],[-65.134926,-27.340834],[-65.135246,-27.341693],[-65.134956,-27.342164],[-65.135435,-27.343607],[-65.134533,-27.344129],[-65.135038,-27.344716],[-65.135024,-27.346537],[-65.134328,-27.346934],[-65.134214,-27.348409],[-65.134617,-27.349012],[-65.134347,-27.349703],[-65.135199,-27.350255],[-65.135744,-27.351023],[-65.136417,-27.351119],[-65.136576,-27.351611],[-65.135691,-27.352663],[-65.134673,-27.352419],[-65.134383,-27.352982],[-65.134573,-27.354769],[-65.133954,-27.358226],[-65.134347,-27.358885],[-65.134194,-27.360123],[-65.135004,-27.360947],[-65.134142,-27.361616],[-65.130308,-27.36141],[-65.129539,-27.363209],[-65.127891,-27.36513],[-65.127205,-27.366802],[-65.1273,-27.367622],[-65.126232,-27.368526],[-65.126758,-27.369167],[-65.126772,-27.369932],[-65.127561,-27.370866],[-65.12826,-27.372729],[-65.127727,-27.373108],[-65.126419,-27.373282],[-65.125925,-27.373898],[-65.124085,-27.374288],[-65.122337,-27.376026],[-65.122278,-27.378321],[-65.122618,-27.379197],[-65.122508,-27.380217],[-65.123744,-27.381318],[-65.12378,-27.381883],[-65.124712,-27.382836],[-65.126628,-27.383121],[-65.127459,-27.383782],[-65.128993,-27.383355],[-65.130171,-27.384145],[-65.129875,-27.385382],[-65.148659,-27.382816]]]}},{"type":"Feature","properties":{"name":"COMISARIA LOS PUESTOS","regional":"URE","color":"#FF9800"},"geometry":{"type":"Polygon","coordinates":[[[-64.968567,-27.28895],[-64.972056,-27.288283],[-64.975393,-27.287527],[-64.983911,-27.285998],[-64.992401,-27.284518],[-65.000266,-27.284782],[-65.002432,-27.284298],[-65.003695,-27.281795],[-65.006153,-27.273166],[-65.012628,-27.26974],[-65.015758,-27.262131],[-65.019582,-27.257518],[-65.019826,-27.25832],[-65.023787,-27.2574],[-65.023128,-27.254997],[-65.024911,-27.253573],[-65.029307,-27.244513],[-65.033105,-27.241479],[-65.033519,-27.236037],[-65.0261,-27.20401],[-65.012712,-27.206235],[-65.011001,-27.188907],[-64.991255,-27.191602],[-64.990893,-27.185661],[-64.989734,-27.171467],[-65.002631,-27.170504],[-65.004138,-27.170515],[-65.009182,-27.171316],[-65.016747,-27.17279],[-65.018437,-27.172802],[-65.018558,-27.173192],[-65.019288,-27.173133],[-65.022675,-27.172491],[-65.046479,-27.167934],[-65.061542,-27.165],[-65.087336,-27.160108],[-65.095869,-27.158412],[-65.096889,-27.158405],[-65.103066,-27.158631],[-65.102471,-27.16287],[-65.102615,-27.16322],[-65.102214,-27.163961],[-65.102153,-27.164708],[-65.100636,-27.168301],[-65.100489,-27.17048],[-65.099897,-27.170994],[-65.09995,-27.172142],[-65.100296,-27.172486],[-65.097789,-27.183852],[-65.100051,-27.183796],[-65.100957,-27.183258],[-65.101096,-27.182768],[-65.10198,-27.182193],[-65.102572,-27.182153],[-65.1037,-27.182939],[-65.103922,-27.183326],[-65.104481,-27.183397],[-65.105158,-27.184228],[-65.106085,-27.184859],[-65.107081,-27.185226],[-65.107382,-27.185731],[-65.10796,-27.185876],[-65.108634,-27.186368],[-65.108993,-27.186391],[-65.109564,-27.185243],[-65.112436,-27.185343],[-65.115565,-27.187613],[-65.115883,-27.188672],[-65.116155,-27.189019],[-65.11616,-27.189721],[-65.115879,-27.19043],[-65.116444,-27.191107],[-65.115449,-27.192057],[-65.115384,-27.192494],[-65.115677,-27.19287],[-65.115356,-27.193514],[-65.115371,-27.194106],[-65.116479,-27.194496],[-65.117706,-27.193821],[-65.118072,-27.193978],[-65.118279,-27.194854],[-65.118128,-27.195937],[-65.11789,-27.196436],[-65.118138,-27.197203],[-65.118021,-27.197903],[-65.118271,-27.198506],[-65.118951,-27.198775],[-65.119432,-27.198523],[-65.119757,-27.198634],[-65.120089,-27.199219],[-65.119719,-27.199572],[-65.120121,-27.20023],[-65.120036,-27.200713],[-65.120274,-27.201525],[-65.12007,-27.201624],[-65.119746,-27.202605],[-65.119735,-27.20399],[-65.120489,-27.20537],[-65.121518,-27.207945],[-65.119827,-27.209183],[-65.11902,-27.209405],[-65.118667,-27.210269],[-65.11958,-27.210812],[-65.119629,-27.211049],[-65.118267,-27.211878],[-65.118016,-27.212769],[-65.117483,-27.213185],[-65.117758,-27.214408],[-65.117444,-27.215499],[-65.117885,-27.216485],[-65.118496,-27.216416],[-65.119523,-27.215475],[-65.11997,-27.215597],[-65.120851,-27.216267],[-65.122354,-27.216878],[-65.122504,-27.217361],[-65.122224,-27.217924],[-65.122476,-27.218281],[-65.122884,-27.219513],[-65.122347,-27.220421],[-65.121804,-27.220791],[-65.122065,-27.221248],[-65.123093,-27.221482],[-65.122708,-27.223721],[-65.12356,-27.224291],[-65.124469,-27.223987],[-65.125278,-27.2235],[-65.126788,-27.223254],[-65.127469,-27.223432],[-65.128035,-27.224046],[-65.12903,-27.224562],[-65.129559,-27.224674],[-65.129449,-27.225667],[-65.128746,-27.225653],[-65.128555,-27.226572],[-65.127924,-27.226541],[-65.127121,-27.227583],[-65.127284,-27.22886],[-65.127802,-27.229054],[-65.128388,-27.229777],[-65.128815,-27.229826],[-65.129696,-27.230614],[-65.129601,-27.23096],[-65.128753,-27.231292],[-65.127816,-27.23186],[-65.127929,-27.233054],[-65.128185,-27.233506],[-65.129157,-27.233772],[-65.129646,-27.23434],[-65.130111,-27.234288],[-65.130486,-27.233849],[-65.131452,-27.233463],[-65.131757,-27.233524],[-65.133005,-27.234297],[-65.133434,-27.235383],[-65.133951,-27.235728],[-65.133955,-27.237259],[-65.133451,-27.237807],[-65.132131,-27.238545],[-65.131123,-27.238475],[-65.13084,-27.238706],[-65.129768,-27.239059],[-65.13055,-27.239961],[-65.131504,-27.240514],[-65.131741,-27.24082],[-65.132757,-27.241218],[-65.133659,-27.241292],[-65.134451,-27.24157],[-65.135144,-27.241638],[-65.116207,-27.245027],[-65.116104,-27.24524],[-65.086437,-27.250812],[-65.087016,-27.253457],[-65.086982,-27.253985],[-65.086289,-27.25644],[-65.088237,-27.267566],[-65.044195,-27.275797],[-65.046774,-27.286609],[-65.048943,-27.286363],[-65.051681,-27.297309],[-65.056741,-27.318563],[-65.059462,-27.329433],[-65.069756,-27.327551],[-65.076716,-27.356713],[-64.981519,-27.416985],[-64.963426,-27.388108],[-64.963279,-27.388121],[-64.95489,-27.377953],[-64.951914,-27.373934],[-64.951568,-27.373535],[-64.939183,-27.357517],[-64.939023,-27.357421],[-64.937149,-27.358057],[-64.936172,-27.3542],[-64.933889,-27.345013],[-64.933919,-27.344892],[-64.92857,-27.343047],[-64.918473,-27.306922],[-64.919507,-27.298295],[-64.968273,-27.289372],[-64.968567,-27.28895]]]}},{"type":"Feature","properties":{"name":"COMISARIA LOS SUELDOS","regional":"URE","color":"#FF9800"},"geometry":{"type":"Polygon","coordinates":[[[-65.293927,-27.092562],[-65.28927,-27.093482],[-65.276163,-27.095911],[-65.270297,-27.096992],[-65.266341,-27.09766],[-65.262619,-27.098391],[-65.246126,-27.101269],[-65.245862,-27.101371],[-65.242561,-27.101993],[-65.242486,-27.102162],[-65.242662,-27.102895],[-65.242683,-27.102933],[-65.242466,-27.102998],[-65.228884,-27.105585],[-65.223978,-27.106433],[-65.221242,-27.106975],[-65.20545,-27.109928],[-65.204849,-27.10771],[-65.183161,-27.11146],[-65.194001,-27.091944],[-65.196826,-27.091456],[-65.220465,-27.086992],[-65.236295,-27.083956],[-65.233676,-27.076218],[-65.272315,-27.06915],[-65.2741,-27.068922],[-65.274112,-27.069042],[-65.274184,-27.069194],[-65.274436,-27.069614],[-65.274612,-27.069844],[-65.27476,-27.06995],[-65.27504,-27.070098],[-65.27574,-27.070407],[-65.275995,-27.070538],[-65.276338,-27.070745],[-65.276612,-27.070925],[-65.276832,-27.071051],[-65.276992,-27.071102],[-65.277136,-27.071132],[-65.277335,-27.071216],[-65.277485,-27.071319],[-65.277688,-27.071424],[-65.277819,-27.071465],[-65.278,-27.071468],[-65.278185,-27.071526],[-65.278401,-27.071629],[-65.278577,-27.071803],[-65.278889,-27.072133],[-65.27897,-27.072287],[-65.279045,-27.072469],[-65.279193,-27.072664],[-65.27924,-27.072866],[-65.279408,-27.073159],[-65.279497,-27.073469],[-65.279538,-27.073691],[-65.279576,-27.073797],[-65.279672,-27.073991],[-65.27971,-27.074103],[-65.279831,-27.074171],[-65.280314,-27.074513],[-65.280812,-27.074581],[-65.281211,-27.074593],[-65.281421,-27.074606],[-65.281749,-27.074733],[-65.281919,-27.074755],[-65.282199,-27.074763],[-65.282279,-27.074838],[-65.282401,-27.074876],[-65.28286,-27.074876],[-65.283215,-27.074892],[-65.283436,-27.074944],[-65.283962,-27.075232],[-65.284168,-27.075418],[-65.284327,-27.075519],[-65.284652,-27.075627],[-65.284778,-27.075753],[-65.285387,-27.076134],[-65.285529,-27.076178],[-65.286123,-27.07679],[-65.286231,-27.076887],[-65.286365,-27.07707],[-65.286499,-27.077252],[-65.286674,-27.077436],[-65.286843,-27.077546],[-65.287148,-27.077811],[-65.287441,-27.078093],[-65.287678,-27.078281],[-65.288091,-27.078819],[-65.288357,-27.079211],[-65.288591,-27.079787],[-65.288715,-27.080312],[-65.288698,-27.080598],[-65.288635,-27.080956],[-65.288509,-27.081153],[-65.288364,-27.081332],[-65.288049,-27.081585],[-65.287938,-27.081719],[-65.287593,-27.081943],[-65.287162,-27.082237],[-65.287012,-27.082364],[-65.286837,-27.082605],[-65.286805,-27.082757],[-65.286778,-27.08313],[-65.286923,-27.083466],[-65.286972,-27.083718],[-65.287082,-27.083839],[-65.287351,-27.084047],[-65.287516,-27.084149],[-65.287698,-27.084218],[-65.288026,-27.084306],[-65.28824,-27.084402],[-65.288513,-27.084463],[-65.288776,-27.084559],[-65.288944,-27.084644],[-65.28962,-27.084896],[-65.289907,-27.084928],[-65.290299,-27.084901],[-65.290804,-27.084888],[-65.291039,-27.084862],[-65.29122,-27.084857],[-65.291579,-27.084784],[-65.291771,-27.084714],[-65.29196,-27.084673],[-65.292373,-27.084521],[-65.292571,-27.084401],[-65.292888,-27.08377],[-65.29306,-27.083443],[-65.293174,-27.083307],[-65.29337,-27.083165],[-65.293573,-27.083002],[-65.293795,-27.082805],[-65.293981,-27.08261],[-65.294007,-27.082492],[-65.294043,-27.082224],[-65.294142,-27.082019],[-65.294232,-27.081923],[-65.294489,-27.081813],[-65.294695,-27.081781],[-65.294803,-27.081795],[-65.294954,-27.081867],[-65.29512,-27.081879],[-65.29535,-27.081856],[-65.295561,-27.081924],[-65.295745,-27.081954],[-65.296099,-27.08198],[-65.296264,-27.082019],[-65.296415,-27.08208],[-65.296467,-27.082123],[-65.296548,-27.082256],[-65.296655,-27.082356],[-65.296722,-27.082482],[-65.296724,-27.082555],[-65.296776,-27.082787],[-65.296883,-27.082965],[-65.296939,-27.083159],[-65.297022,-27.083282],[-65.297158,-27.083563],[-65.297174,-27.083706],[-65.297214,-27.083879],[-65.297222,-27.084063],[-65.297263,-27.08421],[-65.297264,-27.084385],[-65.297197,-27.084502],[-65.297196,-27.084763],[-65.297087,-27.085014],[-65.296849,-27.08537],[-65.296878,-27.085599],[-65.296838,-27.085742],[-65.296818,-27.085899],[-65.296776,-27.086029],[-65.29674,-27.086291],[-65.296652,-27.086593],[-65.296498,-27.086898],[-65.296413,-27.087007],[-65.296306,-27.087107],[-65.296115,-27.087344],[-65.296022,-27.087405],[-65.295769,-27.087691],[-65.295678,-27.08795],[-65.295612,-27.088179],[-65.295474,-27.088452],[-65.2954,-27.088536],[-65.295169,-27.08887],[-65.295124,-27.088951],[-65.295124,-27.08907],[-65.295042,-27.089123],[-65.294909,-27.089275],[-65.294839,-27.089389],[-65.294713,-27.089468],[-65.294641,-27.08971],[-65.29457,-27.089774],[-65.294523,-27.089871],[-65.294374,-27.090037],[-65.294319,-27.090167],[-65.294282,-27.0904],[-65.294327,-27.0906],[-65.294345,-27.09075],[-65.294056,-27.091664],[-65.293817,-27.09241],[-65.29395,-27.092563],[-65.293927,-27.092562]]]}},{"type":"Feature","properties":{"name":"COMISARIA MANCOPA","regional":"URE","color":"#FF9800"},"geometry":{"type":"Polygon","coordinates":[[[-65.176772,-27.012613],[-65.17802,-27.013859],[-65.184608,-27.049725],[-65.122539,-27.060315],[-65.120438,-27.056806],[-65.120425,-27.056114],[-65.119933,-27.055152],[-65.11996,-27.054709],[-65.120512,-27.053798],[-65.120816,-27.052431],[-65.122075,-27.048988],[-65.121123,-27.046522],[-65.118478,-27.044714],[-65.117879,-27.044586],[-65.117857,-27.044041],[-65.117323,-27.043768],[-65.116752,-27.044086],[-65.115105,-27.042178],[-65.114006,-27.039409],[-65.114417,-27.037208],[-65.114245,-27.03641],[-65.114254,-27.035374],[-65.112591,-27.032824],[-65.108778,-27.02849],[-65.108484,-27.027883],[-65.108179,-27.027473],[-65.108105,-27.026877],[-65.107577,-27.026505],[-65.107469,-27.025562],[-65.107264,-27.024417],[-65.107983,-27.023465],[-65.108719,-27.023155],[-65.109809,-27.023357],[-65.111122,-27.02352],[-65.112309,-27.023036],[-65.112077,-27.022333],[-65.112116,-27.021693],[-65.112029,-27.020406],[-65.111766,-27.019307],[-65.112242,-27.018738],[-65.112501,-27.018109],[-65.11298,-27.017491],[-65.119011,-27.016207],[-65.121336,-27.025947],[-65.122728,-27.02572],[-65.122516,-27.024672],[-65.165759,-27.016076],[-65.165562,-27.014782],[-65.176772,-27.012613]]]}},{"type":"Feature","properties":{"name":"COMISARIA QUILMES","regional":"URE","color":"#FF9800"},"geometry":{"type":"Polygon","coordinates":[[[-65.221718,-27.063936],[-65.221698,-27.06394],[-65.224828,-27.068775],[-65.218626,-27.069938],[-65.208451,-27.071805],[-65.196637,-27.073943],[-65.196608,-27.074423],[-65.191925,-27.075241],[-65.174711,-27.078254],[-65.174432,-27.077231],[-65.172383,-27.077594],[-65.173605,-27.083513],[-65.159945,-27.085864],[-65.150489,-27.087465],[-65.138395,-27.089566],[-65.132103,-27.090488],[-65.132374,-27.08978],[-65.132389,-27.089364],[-65.13227,-27.088932],[-65.132094,-27.0886],[-65.131984,-27.088381],[-65.131966,-27.088167],[-65.131947,-27.08813],[-65.131748,-27.087842],[-65.131651,-27.08756],[-65.131564,-27.087296],[-65.131491,-27.086802],[-65.131521,-27.08648],[-65.13154,-27.086175],[-65.131454,-27.08606],[-65.131463,-27.085903],[-65.131519,-27.085674],[-65.131539,-27.085518],[-65.131522,-27.085276],[-65.131602,-27.084984],[-65.13191,-27.084694],[-65.131909,-27.08437],[-65.131928,-27.084056],[-65.13182,-27.083717],[-65.131672,-27.083507],[-65.131567,-27.083367],[-65.131374,-27.083223],[-65.131171,-27.083167],[-65.131064,-27.08306],[-65.130861,-27.082907],[-65.130514,-27.082755],[-65.13036,-27.082651],[-65.130239,-27.082594],[-65.130136,-27.082505],[-65.130123,-27.082213],[-65.129675,-27.081923],[-65.129458,-27.081921],[-65.129304,-27.081914],[-65.129085,-27.081764],[-65.128667,-27.081679],[-65.128387,-27.081508],[-65.128312,-27.081226],[-65.128203,-27.080971],[-65.128134,-27.080922],[-65.128025,-27.080666],[-65.127996,-27.080471],[-65.12786,-27.080334],[-65.127879,-27.080011],[-65.127855,-27.079899],[-65.12786,-27.079649],[-65.127866,-27.079557],[-65.128009,-27.07924],[-65.127988,-27.079091],[-65.127926,-27.078912],[-65.127945,-27.078765],[-65.128067,-27.078632],[-65.128075,-27.078512],[-65.128073,-27.078207],[-65.12814,-27.077951],[-65.128129,-27.077793],[-65.128138,-27.077645],[-65.128221,-27.077473],[-65.128234,-27.076928],[-65.128428,-27.076623],[-65.128491,-27.076441],[-65.128482,-27.076246],[-65.128379,-27.076083],[-65.128247,-27.076031],[-65.128221,-27.075965],[-65.128263,-27.075448],[-65.128363,-27.075324],[-65.12839,-27.075223],[-65.128283,-27.074949],[-65.128334,-27.074452],[-65.128098,-27.074255],[-65.128064,-27.074133],[-65.127971,-27.07405],[-65.127946,-27.073952],[-65.127666,-27.073702],[-65.127503,-27.073495],[-65.127323,-27.073148],[-65.127293,-27.072962],[-65.127234,-27.07232],[-65.127253,-27.072173],[-65.127195,-27.072031],[-65.127116,-27.071967],[-65.127004,-27.071939],[-65.126908,-27.071814],[-65.126875,-27.071692],[-65.12675,-27.071533],[-65.12656,-27.071422],[-65.126471,-27.071278],[-65.12645,-27.071106],[-65.126336,-27.070869],[-65.126218,-27.070762],[-65.126089,-27.070672],[-65.126085,-27.07057],[-65.125955,-27.070323],[-65.125792,-27.07013],[-65.125658,-27.070035],[-65.125548,-27.069891],[-65.1255,-27.069653],[-65.125364,-27.069345],[-65.125213,-27.069106],[-65.125058,-27.068932],[-65.124581,-27.068113],[-65.124389,-27.067872],[-65.124074,-27.067699],[-65.123937,-27.067572],[-65.123826,-27.067108],[-65.123843,-27.065998],[-65.123665,-27.064092],[-65.123639,-27.063929],[-65.123632,-27.063693],[-65.123691,-27.063571],[-65.123655,-27.063319],[-65.12361,-27.063215],[-65.12355,-27.062763],[-65.123582,-27.062663],[-65.123647,-27.062606],[-65.123596,-27.061923],[-65.123431,-27.061753],[-65.123301,-27.061584],[-65.123309,-27.061201],[-65.123117,-27.061052],[-65.122618,-27.060329],[-65.128983,-27.05929],[-65.141686,-27.057155],[-65.154516,-27.05495],[-65.166951,-27.052781],[-65.184018,-27.04991],[-65.189846,-27.048935],[-65.189504,-27.046733],[-65.206811,-27.043649],[-65.206944,-27.043489],[-65.208524,-27.043175],[-65.213103,-27.05073],[-65.212966,-27.05076],[-65.215523,-27.054956],[-65.216696,-27.054235],[-65.217222,-27.055063],[-65.220036,-27.053664],[-65.220403,-27.055244],[-65.221291,-27.059313],[-65.219056,-27.059721],[-65.220721,-27.062297],[-65.221718,-27.063936]]]}},{"type":"Feature","properties":{"name":"COMISARIA RIO COLORADO","regional":"URE","color":"#FF9800"},"geometry":{"type":"Polygon","coordinates":[[[-65.308503,-27.221888],[-65.312002,-27.216361],[-65.313473,-27.214412],[-65.322246,-27.211194],[-65.325731,-27.20795],[-65.325397,-27.202731],[-65.324495,-27.201259],[-65.325232,-27.199958],[-65.327325,-27.20062],[-65.328967,-27.200384],[-65.331671,-27.197992],[-65.333966,-27.195312],[-65.333527,-27.192538],[-65.33253,-27.191515],[-65.32975,-27.191461],[-65.327417,-27.192835],[-65.325538,-27.194579],[-65.324349,-27.195144],[-65.322394,-27.194319],[-65.321125,-27.193131],[-65.320316,-27.191211],[-65.319697,-27.18811],[-65.320075,-27.18583],[-65.325198,-27.182797],[-65.32817,-27.181344],[-65.328999,-27.179921],[-65.328789,-27.176945],[-65.329297,-27.175806],[-65.331678,-27.173983],[-65.329403,-27.173238],[-65.325022,-27.174196],[-65.323433,-27.17321],[-65.323124,-27.171496],[-65.323684,-27.169379],[-65.32483,-27.168244],[-65.326215,-27.165356],[-65.326359,-27.164134],[-65.325413,-27.162336],[-65.322878,-27.159511],[-65.32121,-27.156405],[-65.320305,-27.155341],[-65.317945,-27.153862],[-65.314447,-27.152052],[-65.313999,-27.150867],[-65.314419,-27.149198],[-65.315564,-27.148307],[-65.319402,-27.146451],[-65.320685,-27.145234],[-65.320877,-27.143645],[-65.31664,-27.136206],[-65.315931,-27.13286],[-65.33105,-27.12633],[-65.332696,-27.125318],[-65.340861,-27.117673],[-65.341939,-27.116455],[-65.345144,-27.115563],[-65.345217,-27.11483],[-65.343088,-27.114728],[-65.341989,-27.113704],[-65.342344,-27.111464],[-65.344391,-27.109986],[-65.345173,-27.108685],[-65.347035,-27.107563],[-65.347383,-27.106504],[-65.346691,-27.106022],[-65.344765,-27.108337],[-65.344015,-27.108078],[-65.344751,-27.106757],[-65.343963,-27.105245],[-65.344172,-27.104553],[-65.34863,-27.103575],[-65.352394,-27.10238],[-65.350587,-27.105714],[-65.352377,-27.107343],[-65.351702,-27.107941],[-65.352776,-27.109199],[-65.354564,-27.1072],[-65.355083,-27.10814],[-65.358483,-27.106932],[-65.360131,-27.105432],[-65.361452,-27.105479],[-65.361595,-27.104338],[-65.360502,-27.104333],[-65.360825,-27.10356],[-65.362469,-27.102915],[-65.363788,-27.103125],[-65.372368,-27.100147],[-65.373601,-27.09946],[-65.37486,-27.1024],[-65.376001,-27.101998],[-65.377086,-27.103429],[-65.378181,-27.103149],[-65.379704,-27.107843],[-65.391968,-27.105695],[-65.393385,-27.104723],[-65.395803,-27.104082],[-65.402665,-27.115687],[-65.40522,-27.114924],[-65.407248,-27.118927],[-65.409116,-27.118935],[-65.409485,-27.118121],[-65.411541,-27.116907],[-65.41213,-27.11748],[-65.414008,-27.115572],[-65.414964,-27.115698],[-65.418887,-27.132142],[-65.417657,-27.132137],[-65.415693,-27.133107],[-65.412399,-27.135865],[-65.411349,-27.136146],[-65.409428,-27.137524],[-65.408687,-27.139926],[-65.409229,-27.140702],[-65.411005,-27.140995],[-65.412823,-27.141859],[-65.414281,-27.141865],[-65.415041,-27.144681],[-65.414352,-27.145697],[-65.412759,-27.145405],[-65.411811,-27.143648],[-65.411037,-27.143482],[-65.409985,-27.144415],[-65.406521,-27.144523],[-65.404741,-27.145086],[-65.403678,-27.147935],[-65.401162,-27.149717],[-65.400469,-27.151589],[-65.399184,-27.153214],[-65.397683,-27.152678],[-65.397922,-27.150723],[-65.39647,-27.149453],[-65.393962,-27.149931],[-65.392825,-27.149437],[-65.390364,-27.149467],[-65.386484,-27.150836],[-65.385111,-27.151849],[-65.385924,-27.153279],[-65.387527,-27.151819],[-65.388435,-27.152394],[-65.389579,-27.151543],[-65.390625,-27.151792],[-65.38984,-27.153786],[-65.388377,-27.154676],[-65.385413,-27.155071],[-65.381986,-27.156645],[-65.379614,-27.157083],[-65.3772,-27.15695],[-65.378056,-27.158625],[-65.380242,-27.159043],[-65.379003,-27.160586],[-65.377224,-27.160904],[-65.377757,-27.163312],[-65.376115,-27.16363],[-65.375074,-27.16224],[-65.375584,-27.160815],[-65.37468,-27.159385],[-65.373314,-27.159134],[-65.372442,-27.160312],[-65.374114,-27.162847],[-65.372747,-27.162882],[-65.370109,-27.161973],[-65.36883,-27.162375],[-65.370787,-27.16699],[-65.37055,-27.168558],[-65.370993,-27.170843],[-65.371669,-27.172272],[-65.368677,-27.173421],[-65.3664,-27.173023],[-65.36551,-27.173345],[-65.365343,-27.174649],[-65.366771,-27.175939],[-65.365764,-27.176832],[-65.36258,-27.175717],[-65.362439,-27.176327],[-65.364331,-27.18031],[-65.363826,-27.180981],[-65.357904,-27.180424],[-65.354412,-27.181304],[-65.351757,-27.183289],[-65.347944,-27.188469],[-65.3474,-27.191748],[-65.34595,-27.194309],[-65.345185,-27.196486],[-65.341338,-27.199403],[-65.337406,-27.201463],[-65.335715,-27.202087],[-65.333827,-27.20538],[-65.334514,-27.208603],[-65.335459,-27.210727],[-65.336815,-27.212711],[-65.336761,-27.214137],[-65.336115,-27.215377],[-65.334537,-27.216307],[-65.330727,-27.216758],[-65.328495,-27.216482],[-65.325643,-27.216774],[-65.320763,-27.220827],[-65.318547,-27.221611],[-65.315695,-27.221964],[-65.313736,-27.221771],[-65.308503,-27.221888]]]}},{"type":"Feature","properties":{"name":"COMISARIA SANTA ROSA DE LEALES","regional":"URE","color":"#FF9800"},"geometry":{"type":"Polygon","coordinates":[[[-65.205521,-27.109951],[-65.21442,-27.10826],[-65.220901,-27.10707],[-65.223926,-27.106467],[-65.228851,-27.105629],[-65.232231,-27.104968],[-65.239498,-27.103563],[-65.242465,-27.103005],[-65.242747,-27.102933],[-65.242526,-27.102158],[-65.24259,-27.10202],[-65.245863,-27.101398],[-65.246157,-27.101308],[-65.253894,-27.099878],[-65.254035,-27.099821],[-65.260734,-27.098585],[-65.260896,-27.098733],[-65.266546,-27.097687],[-65.2722,-27.096656],[-65.280463,-27.095121],[-65.284926,-27.094307],[-65.289149,-27.093517],[-65.293967,-27.092573],[-65.294373,-27.092866],[-65.2951,-27.093746],[-65.295283,-27.094208],[-65.295475,-27.094973],[-65.295494,-27.095518],[-65.295734,-27.09583],[-65.295812,-27.096327],[-65.296957,-27.098074],[-65.297423,-27.098489],[-65.298161,-27.098846],[-65.299126,-27.098999],[-65.300745,-27.098655],[-65.30165,-27.098392],[-65.302416,-27.097912],[-65.30307,-27.097315],[-65.303586,-27.097182],[-65.304077,-27.097388],[-65.304789,-27.09752],[-65.305605,-27.097875],[-65.306069,-27.09825],[-65.306606,-27.099186],[-65.306775,-27.099925],[-65.30676,-27.100313],[-65.306517,-27.10053],[-65.306323,-27.101544],[-65.306083,-27.101805],[-65.306004,-27.102217],[-65.305696,-27.102541],[-65.305385,-27.103821],[-65.305381,-27.104451],[-65.305523,-27.105021],[-65.305972,-27.105539],[-65.307025,-27.10632],[-65.307559,-27.106569],[-65.308419,-27.106772],[-65.309109,-27.106801],[-65.309548,-27.106723],[-65.310196,-27.106967],[-65.311474,-27.107348],[-65.312338,-27.107768],[-65.312875,-27.108974],[-65.312844,-27.109636],[-65.313007,-27.109771],[-65.313154,-27.11022],[-65.313507,-27.110487],[-65.313845,-27.111176],[-65.314124,-27.112244],[-65.314298,-27.112427],[-65.314435,-27.113111],[-65.314919,-27.113835],[-65.314865,-27.114298],[-65.315363,-27.115671],[-65.315422,-27.116265],[-65.315791,-27.117103],[-65.31578,-27.117528],[-65.31551,-27.117979],[-65.315233,-27.118188],[-65.314172,-27.118266],[-65.313628,-27.118134],[-65.312852,-27.118223],[-65.311962,-27.118393],[-65.311519,-27.118543],[-65.31109,-27.118986],[-65.310692,-27.119613],[-65.310718,-27.120402],[-65.310831,-27.120764],[-65.311151,-27.121197],[-65.311766,-27.121689],[-65.312165,-27.121801],[-65.312683,-27.121809],[-65.3131,-27.121636],[-65.313439,-27.12162],[-65.314263,-27.121974],[-65.315043,-27.12241],[-65.315221,-27.122765],[-65.315511,-27.123048],[-65.315605,-27.123554],[-65.315452,-27.124143],[-65.314761,-27.124391],[-65.314317,-27.124469],[-65.313876,-27.124667],[-65.313367,-27.124722],[-65.313153,-27.124906],[-65.312444,-27.125242],[-65.312385,-27.125664],[-65.312519,-27.126818],[-65.312907,-27.127502],[-65.313206,-27.127701],[-65.313862,-27.128494],[-65.314325,-27.129416],[-65.314662,-27.129879],[-65.314822,-27.13044],[-65.315048,-27.131664],[-65.315189,-27.131915],[-65.315378,-27.132691],[-65.315418,-27.133365],[-65.315652,-27.133917],[-65.315773,-27.134547],[-65.315967,-27.135094],[-65.315977,-27.135582],[-65.31662,-27.136935],[-65.316829,-27.137209],[-65.317007,-27.137977],[-65.318047,-27.139346],[-65.318167,-27.139613],[-65.318745,-27.140447],[-65.319117,-27.141219],[-65.319581,-27.141856],[-65.319752,-27.142293],[-65.320665,-27.143788],[-65.320747,-27.144239],[-65.320669,-27.144816],[-65.320486,-27.145281],[-65.320229,-27.145585],[-65.319284,-27.146098],[-65.318513,-27.146336],[-65.317843,-27.146447],[-65.316592,-27.146949],[-65.316165,-27.147055],[-65.314619,-27.147921],[-65.313858,-27.148595],[-65.313569,-27.148917],[-65.313302,-27.149463],[-65.313146,-27.150781],[-65.31325,-27.151556],[-65.313493,-27.152042],[-65.313922,-27.152459],[-65.314181,-27.152591],[-65.314793,-27.15267],[-65.315907,-27.153274],[-65.3165,-27.153496],[-65.317809,-27.154298],[-65.318815,-27.154813],[-65.319258,-27.155108],[-65.319933,-27.155786],[-65.320589,-27.15666],[-65.321096,-27.157152],[-65.321164,-27.157565],[-65.321433,-27.158183],[-65.321998,-27.159164],[-65.322266,-27.15952],[-65.322737,-27.159821],[-65.322882,-27.160281],[-65.32319,-27.160775],[-65.324182,-27.161565],[-65.324678,-27.161862],[-65.325063,-27.16225],[-65.325559,-27.163106],[-65.320736,-27.164129],[-65.320736,-27.164194],[-65.316616,-27.16501],[-65.313842,-27.165593],[-65.309676,-27.166412],[-65.304576,-27.167508],[-65.300761,-27.168288],[-65.293547,-27.169624],[-65.293191,-27.169626],[-65.288799,-27.170449],[-65.287557,-27.170702],[-65.28382,-27.1714],[-65.282471,-27.171668],[-65.276402,-27.172833],[-65.267947,-27.174444],[-65.251841,-27.177447],[-65.24641,-27.178405],[-65.24314,-27.179005],[-65.235977,-27.180224],[-65.234495,-27.180141],[-65.230314,-27.1809],[-65.227507,-27.181457],[-65.220092,-27.182879],[-65.218436,-27.183172],[-65.215707,-27.18369],[-65.212599,-27.18431],[-65.204235,-27.145427],[-65.209059,-27.144573],[-65.20557,-27.110137],[-65.205521,-27.109951]]]}},{"type":"Feature","properties":{"name":"COMISARIA VILLA DE LEALES","regional":"URE","color":"#FF9800"},"geometry":{"type":"Polygon","coordinates":[[[-65.220472,-27.182806],[-65.230314,-27.1809],[-65.234495,-27.180141],[-65.235977,-27.180224],[-65.24314,-27.179005],[-65.251841,-27.177447],[-65.267947,-27.174444],[-65.28382,-27.1714],[-65.293191,-27.169626],[-65.293547,-27.169624],[-65.300761,-27.168288],[-65.309676,-27.166412],[-65.320736,-27.164194],[-65.325559,-27.163106],[-65.326133,-27.164728],[-65.324054,-27.168232],[-65.323429,-27.168883],[-65.322363,-27.17081],[-65.322259,-27.172047],[-65.323285,-27.173876],[-65.324283,-27.174539],[-65.325887,-27.174501],[-65.328207,-27.174141],[-65.33011,-27.173606],[-65.330812,-27.174283],[-65.330443,-27.174863],[-65.329505,-27.175084],[-65.328067,-27.176644],[-65.327463,-27.178293],[-65.327714,-27.179754],[-65.328426,-27.180892],[-65.328122,-27.181406],[-65.325935,-27.182133],[-65.324,-27.183391],[-65.320434,-27.185057],[-65.319308,-27.186921],[-65.319228,-27.188198],[-65.319433,-27.189777],[-65.320295,-27.192621],[-65.32135,-27.194153],[-65.323162,-27.195324],[-65.324946,-27.195595],[-65.327156,-27.193609],[-65.330322,-27.191584],[-65.331613,-27.191567],[-65.332554,-27.192149],[-65.333443,-27.19366],[-65.333228,-27.195675],[-65.332658,-27.196598],[-65.331028,-27.197795],[-65.328452,-27.200237],[-65.327491,-27.200418],[-65.325354,-27.199924],[-65.324238,-27.200364],[-65.32399,-27.201719],[-65.32442,-27.202376],[-65.325034,-27.20441],[-65.325122,-27.207765],[-65.323762,-27.208917],[-65.321877,-27.210794],[-65.318843,-27.212129],[-65.318211,-27.212145],[-65.315333,-27.21319],[-65.312934,-27.214285],[-65.312371,-27.21477],[-65.312056,-27.215929],[-65.310719,-27.217932],[-65.309873,-27.219638],[-65.307395,-27.221426],[-65.30282,-27.223059],[-65.301306,-27.224126],[-65.300026,-27.225437],[-65.299479,-27.226524],[-65.299192,-27.228464],[-65.299445,-27.230338],[-65.300358,-27.231648],[-65.301081,-27.233692],[-65.302187,-27.235041],[-65.305133,-27.236826],[-65.304644,-27.237824],[-65.304543,-27.239601],[-65.303193,-27.24137],[-65.303,-27.242252],[-65.303705,-27.243121],[-65.305285,-27.243723],[-65.305878,-27.245598],[-65.304669,-27.2479],[-65.303867,-27.248571],[-65.301274,-27.249744],[-65.299288,-27.251313],[-65.299113,-27.252466],[-65.299789,-27.253504],[-65.297934,-27.256458],[-65.297787,-27.258416],[-65.29832,-27.259567],[-65.298755,-27.261229],[-65.299694,-27.262277],[-65.30075,-27.262816],[-65.301229,-27.266469],[-65.300807,-27.26727],[-65.298375,-27.268415],[-65.295382,-27.26893],[-65.287972,-27.269223],[-65.287102,-27.269538],[-65.284439,-27.27219],[-65.282792,-27.273658],[-65.280099,-27.276518],[-65.273919,-27.282551],[-65.272091,-27.283803],[-65.269101,-27.285468],[-65.268587,-27.285614],[-65.266613,-27.276294],[-65.265012,-27.269722],[-65.262388,-27.257771],[-65.261128,-27.25246],[-65.255516,-27.25353],[-65.245741,-27.255527],[-65.23738,-27.256881],[-65.237248,-27.256327],[-65.224445,-27.264421],[-65.223853,-27.261831],[-65.216966,-27.263066],[-65.210854,-27.264296],[-65.180171,-27.270022],[-65.176966,-27.256763],[-65.142905,-27.263281],[-65.144644,-27.260884],[-65.14366,-27.259033],[-65.142298,-27.258748],[-65.142006,-27.257988],[-65.142122,-27.256226],[-65.141385,-27.255217],[-65.140423,-27.255109],[-65.138731,-27.254412],[-65.137677,-27.252786],[-65.137476,-27.250551],[-65.136426,-27.24993],[-65.136985,-27.248806],[-65.135987,-27.247386],[-65.134518,-27.247623],[-65.133793,-27.246532],[-65.135321,-27.244656],[-65.135534,-27.243735],[-65.136615,-27.243311],[-65.136711,-27.242799],[-65.136097,-27.242037],[-65.135024,-27.241498],[-65.134358,-27.241596],[-65.131705,-27.24078],[-65.130542,-27.239912],[-65.129907,-27.239006],[-65.131149,-27.238491],[-65.132318,-27.238529],[-65.133724,-27.237636],[-65.134003,-27.237126],[-65.133934,-27.23568],[-65.133251,-27.23501],[-65.133097,-27.234261],[-65.13159,-27.23337],[-65.129726,-27.234281],[-65.128356,-27.233555],[-65.127926,-27.232774],[-65.127934,-27.23181],[-65.129682,-27.231022],[-65.129686,-27.23051],[-65.127361,-27.228794],[-65.127188,-27.227461],[-65.127951,-27.226646],[-65.128686,-27.226445],[-65.128668,-27.225789],[-65.129862,-27.225633],[-65.129708,-27.22473],[-65.126877,-27.223196],[-65.125087,-27.223451],[-65.123293,-27.224219],[-65.122792,-27.223724],[-65.123154,-27.22143],[-65.121921,-27.220808],[-65.122804,-27.219338],[-65.122309,-27.218064],[-65.122364,-27.216937],[-65.119786,-27.215425],[-65.117875,-27.216396],[-65.117402,-27.215287],[-65.117777,-27.214326],[-65.11758,-27.213136],[-65.118179,-27.212709],[-65.118601,-27.211605],[-65.119382,-27.211405],[-65.119593,-27.210771],[-65.118885,-27.210438],[-65.119098,-27.209559],[-65.121355,-27.20824],[-65.121841,-27.207629],[-65.143696,-27.203419],[-65.14281,-27.199396],[-65.154656,-27.197009],[-65.188167,-27.190566],[-65.187901,-27.189335],[-65.212506,-27.184392],[-65.220472,-27.182806]]]}},{"type":"Feature","properties":{"name":"COMISARIA AMAICHA DEL VALLE","regional":"URO","color":"#9C27B0"},"geometry":{"type":"Polygon","coordinates":[[[-66.032821,-26.625164],[-66.032961,-26.625904],[-66.0337,-26.628081],[-66.032862,-26.628538],[-66.03263,-26.628572],[-66.032649,-26.628654],[-65.851644,-26.727148],[-65.845153,-26.725333],[-65.797482,-26.711993],[-65.797474,-26.71213],[-65.797477,-26.71227],[-65.796416,-26.714042],[-65.795721,-26.714631],[-65.794954,-26.715088],[-65.794076,-26.715971],[-65.7936,-26.716233],[-65.792833,-26.716395],[-65.792309,-26.716087],[-65.791262,-26.716459],[-65.789254,-26.716456],[-65.788049,-26.715995],[-65.784361,-26.7154],[-65.782829,-26.714612],[-65.782429,-26.713759],[-65.77705,-26.715741],[-65.77184,-26.71552],[-65.767338,-26.715938],[-65.763549,-26.715932],[-65.757863,-26.716135],[-65.75384,-26.714853],[-65.749583,-26.711871],[-65.747223,-26.707618],[-65.746761,-26.702731],[-65.74655,-26.691047],[-65.750455,-26.685464],[-65.749831,-26.683433],[-65.749591,-26.681456],[-65.747964,-26.67889],[-65.746501,-26.675352],[-65.745383,-26.673456],[-65.75854,-26.667913],[-65.758217,-26.665913],[-65.758519,-26.664647],[-65.759461,-26.663767],[-65.759209,-26.661104],[-65.759982,-26.659418],[-65.760711,-26.657923],[-65.761822,-26.657733],[-65.762761,-26.658387],[-65.764386,-26.657852],[-65.765325,-26.658161],[-65.765498,-26.657202],[-65.766185,-26.65563],[-65.766175,-26.655618],[-65.766176,-26.655615],[-65.765164,-26.654322],[-65.765982,-26.652994],[-65.765973,-26.65298],[-65.765974,-26.652979],[-65.76508,-26.651558],[-65.764022,-26.650528],[-65.763982,-26.64904],[-65.763985,-26.647467],[-65.765014,-26.645857],[-65.768272,-26.644501],[-65.773789,-26.641633],[-65.775542,-26.6406],[-65.775672,-26.639948],[-65.775417,-26.638911],[-65.775411,-26.638906],[-65.775409,-26.638896],[-65.770687,-26.634564],[-65.771937,-26.632677],[-65.771795,-26.631576],[-65.77182,-26.630733],[-65.772206,-26.630432],[-65.772207,-26.629892],[-65.773267,-26.628477],[-65.773253,-26.62847],[-65.773259,-26.628462],[-65.771721,-26.627682],[-65.770064,-26.626967],[-65.769569,-26.626245],[-65.769858,-26.625686],[-65.769849,-26.625673],[-65.76985,-26.625671],[-65.768771,-26.624157],[-65.766449,-26.62492],[-65.766508,-26.624218],[-65.767015,-26.623284],[-65.766957,-26.622857],[-65.766988,-26.622824],[-65.766978,-26.622811],[-65.76698,-26.622809],[-65.759974,-26.613993],[-65.760926,-26.611665],[-65.75559,-26.60106],[-65.748276,-26.596014],[-65.742673,-26.599617],[-65.738715,-26.59884],[-65.731653,-26.607798],[-65.730362,-26.602733],[-65.730589,-26.601812],[-65.730821,-26.600865],[-65.731043,-26.599917],[-65.731264,-26.598969],[-65.731378,-26.598018],[-65.731493,-26.597066],[-65.731466,-26.596086],[-65.731439,-26.595107],[-65.731218,-26.594155],[-65.730997,-26.593203],[-65.730489,-26.59238],[-65.729982,-26.591557],[-65.729265,-26.590821],[-65.728548,-26.590085],[-65.727873,-26.589325],[-65.727995,-26.579912],[-65.726443,-26.571198],[-65.72569,-26.557069],[-65.721544,-26.542426],[-65.737452,-26.526708],[-65.739474,-26.520695],[-65.741223,-26.517209],[-65.743501,-26.516611],[-65.747529,-26.511685],[-65.747497,-26.511518],[-65.747193,-26.509957],[-65.746577,-26.506386],[-65.744374,-26.504902],[-65.744013,-26.505042],[-65.742841,-26.507187],[-65.740505,-26.508364],[-65.739119,-26.508523],[-65.738189,-26.508281],[-65.737266,-26.508068],[-65.736091,-26.508269],[-65.735348,-26.508105],[-65.73327,-26.509494],[-65.732655,-26.510767],[-65.731997,-26.511033],[-65.729886,-26.512789],[-65.729178,-26.513843],[-65.728437,-26.51455],[-65.727655,-26.515681],[-65.727293,-26.515937],[-65.727103,-26.516697],[-65.726099,-26.517279],[-65.725697,-26.518236],[-65.725258,-26.518573],[-65.725098,-26.519565],[-65.724706,-26.519952],[-65.722738,-26.520897],[-65.72229,-26.521446],[-65.717361,-26.520806],[-65.715401,-26.519238],[-65.714814,-26.519039],[-65.71325,-26.518549],[-65.710263,-26.517598],[-65.708627,-26.517573],[-65.706435,-26.508131],[-65.701928,-26.503091],[-65.702974,-26.494305],[-65.700854,-26.491666],[-65.699883,-26.486917],[-65.699786,-26.483171],[-65.700622,-26.481131],[-65.704455,-26.47693],[-65.82952,-26.462964],[-65.939536,-26.423781],[-65.94817,-26.445005],[-65.975258,-26.495598],[-65.975803,-26.497204],[-65.976767,-26.498683],[-65.977151,-26.498922],[-65.988252,-26.490733],[-65.988462,-26.491583],[-65.990151,-26.493269],[-65.991812,-26.493951],[-65.991794,-26.494516],[-65.996223,-26.493579],[-66.000848,-26.493944],[-66.128629,-26.439037],[-66.154799,-26.427702],[-66.151389,-26.439449],[-66.1645,-26.461815],[-66.175146,-26.47854],[-66.176641,-26.497869],[-66.16997,-26.524428],[-66.163636,-26.533939],[-66.166814,-26.544267],[-66.165766,-26.556627],[-66.168733,-26.566195],[-66.173108,-26.572213],[-66.173609,-26.581529],[-66.17009,-26.589326],[-66.153676,-26.606764],[-66.151783,-26.622546],[-66.052925,-26.617301],[-66.032821,-26.625164]]]}},{"type":"Feature","properties":{"name":"COMISARIA COLALAO DEL VALLE","regional":"URO","color":"#9C27B0"},"geometry":{"type":"MultiPolygon","coordinates":[[[[-65.704599,-26.476749],[-65.705898,-26.474641],[-65.705898,-26.469884],[-65.711212,-26.461101],[-65.709168,-26.451951],[-65.710804,-26.444631],[-65.717191,-26.432642],[-65.719951,-26.426465],[-65.719031,-26.417953],[-65.715556,-26.413972],[-65.714329,-26.41031],[-65.718009,-26.402987],[-65.724141,-26.391269],[-65.725776,-26.383213],[-65.721688,-26.381382],[-65.720462,-26.378086],[-65.709424,-26.356384],[-65.767474,-26.33651],[-65.787914,-26.334495],[-65.927317,-26.285939],[-65.931609,-26.293453],[-65.95306,-26.292014],[-66.065712,-26.236719],[-66.06786,-26.237158],[-66.069602,-26.23865],[-66.080645,-26.232884],[-66.091345,-26.231213],[-66.091659,-26.230752],[-66.100879,-26.230521],[-66.100929,-26.23609],[-66.093356,-26.242382],[-66.095772,-26.258329],[-66.119496,-26.272826],[-66.118358,-26.320033],[-66.113207,-26.343607],[-66.12181,-26.363085],[-66.12287,-26.381889],[-66.122662,-26.390273],[-66.134654,-26.387698],[-66.148485,-26.399502],[-66.151948,-26.401315],[-66.15525,-26.405388],[-66.157595,-26.414717],[-66.154834,-26.427649],[-66.000883,-26.493891],[-65.996317,-26.493524],[-65.991875,-26.494437],[-65.991906,-26.493942],[-65.990185,-26.4932],[-65.988518,-26.491571],[-65.988272,-26.490683],[-65.977171,-26.498857],[-65.976697,-26.498631],[-65.975844,-26.49724],[-65.975251,-26.495639],[-65.948487,-26.44453],[-65.939668,-26.423583],[-65.829131,-26.462942],[-65.704599,-26.476749]]],[[[-66.032862,-26.628538],[-66.032649,-26.628654],[-66.03263,-26.628572],[-66.032862,-26.628538]]]]}},{"type":"Feature","properties":{"name":"COMISARIA EL MOLLAR","regional":"URO","color":"#9C27B0"},"geometry":{"type":"Polygon","coordinates":[[[-65.630231,-26.876559],[-65.628709,-26.876294],[-65.627303,-26.863709],[-65.629847,-26.849911],[-65.627344,-26.841534],[-65.624379,-26.839077],[-65.623323,-26.828701],[-65.627981,-26.829242],[-65.632814,-26.828094],[-65.63565,-26.82866],[-65.638391,-26.827863],[-65.642295,-26.829368],[-65.647048,-26.833359],[-65.64946,-26.834303],[-65.652432,-26.839473],[-65.651272,-26.842075],[-65.655522,-26.843096],[-65.656916,-26.845225],[-65.659599,-26.845506],[-65.661739,-26.84717],[-65.662645,-26.853855],[-65.665008,-26.854553],[-65.667977,-26.858733],[-65.671787,-26.860624],[-65.673127,-26.863814],[-65.686073,-26.869369],[-65.689492,-26.86972],[-65.694221,-26.872856],[-65.691176,-26.887164],[-65.700441,-26.888473],[-65.700604,-26.886351],[-65.704603,-26.885819],[-65.706169,-26.879854],[-65.707315,-26.879045],[-65.752918,-26.898432],[-65.758609,-26.901039],[-65.760699,-26.900929],[-65.761181,-26.903322],[-65.765897,-26.902464],[-65.769411,-26.900356],[-65.776682,-26.900173],[-65.781577,-26.901941],[-65.785764,-26.904754],[-65.792096,-26.905593],[-65.795609,-26.903607],[-65.801417,-26.903348],[-65.803555,-26.905346],[-65.809506,-26.907733],[-65.817298,-26.910045],[-65.820299,-26.908974],[-65.856862,-26.899882],[-65.857987,-26.923471],[-65.868856,-26.926031],[-65.874792,-26.933088],[-65.876606,-26.941312],[-65.878807,-26.942029],[-65.887246,-26.950715],[-65.894195,-26.967484],[-65.885404,-26.97211],[-65.879623,-26.976982],[-65.876152,-26.97899],[-65.874507,-26.981988],[-65.865876,-26.981583],[-65.861504,-26.98335],[-65.860496,-26.987207],[-65.856983,-26.988835],[-65.854954,-26.993185],[-65.855803,-26.998042],[-65.855054,-27.00367],[-65.855627,-27.005498],[-65.853318,-27.008014],[-65.852484,-27.012927],[-65.854181,-27.01645],[-65.8477,-27.020468],[-65.84584,-27.02482],[-65.842443,-27.025905],[-65.842096,-27.027613],[-65.836458,-27.028647],[-65.835333,-27.032324],[-65.832781,-27.033869],[-65.829556,-27.034149],[-65.828687,-27.036555],[-65.826899,-27.036322],[-65.826088,-27.039099],[-65.823239,-27.039343],[-65.825343,-27.043862],[-65.819693,-27.044581],[-65.817354,-27.050142],[-65.81989,-27.052137],[-65.81697,-27.057866],[-65.818724,-27.062521],[-65.815108,-27.064753],[-65.813291,-27.064671],[-65.808692,-27.062163],[-65.803656,-27.062586],[-65.799685,-27.066324],[-65.798073,-27.070967],[-65.800362,-27.073937],[-65.79495,-27.075192],[-65.796527,-27.079104],[-65.795444,-27.080288],[-65.79741,-27.084811],[-65.79566,-27.088248],[-65.792711,-27.088656],[-65.791087,-27.090388],[-65.791551,-27.0931],[-65.793744,-27.094588],[-65.790562,-27.098121],[-65.787468,-27.097484],[-65.787099,-27.100604],[-65.780986,-27.099694],[-65.778714,-27.095762],[-65.774891,-27.09339],[-65.771673,-27.093922],[-65.771585,-27.090422],[-65.775382,-27.089487],[-65.775939,-27.085438],[-65.774992,-27.08279],[-65.772617,-27.080701],[-65.776116,-27.077877],[-65.777323,-27.074207],[-65.775629,-27.07136],[-65.777643,-27.068375],[-65.777264,-27.066679],[-65.778579,-27.06175],[-65.777885,-27.055721],[-65.780338,-27.05351],[-65.779489,-27.049939],[-65.780106,-27.047239],[-65.752599,-27.038978],[-65.742431,-27.035232],[-65.745388,-27.033456],[-65.742662,-27.028461],[-65.743332,-27.022508],[-65.742519,-27.019842],[-65.74031,-27.017606],[-65.734751,-27.013821],[-65.730104,-27.007629],[-65.731322,-27.005182],[-65.731306,-27.001629],[-65.729717,-26.997471],[-65.726123,-26.993621],[-65.723673,-26.99317],[-65.724831,-26.987122],[-65.721063,-26.982979],[-65.718863,-26.982859],[-65.715679,-26.98068],[-65.715251,-26.976303],[-65.712422,-26.972186],[-65.709208,-26.97166],[-65.693701,-26.966934],[-65.689997,-26.96506],[-65.637701,-26.997761],[-65.620652,-26.971517],[-65.646753,-26.961587],[-65.646449,-26.958021],[-65.647871,-26.956093],[-65.647976,-26.951562],[-65.612565,-26.960115],[-65.578635,-26.968568],[-65.575128,-26.970972],[-65.572659,-26.971482],[-65.568198,-26.969655],[-65.565633,-26.965024],[-65.558182,-26.963141],[-65.555086,-26.963999],[-65.550699,-26.967436],[-65.5488,-26.971259],[-65.545009,-26.969066],[-65.551092,-26.963188],[-65.556185,-26.959175],[-65.562021,-26.957873],[-65.565107,-26.955647],[-65.570567,-26.954546],[-65.573154,-26.952143],[-65.57524,-26.952656],[-65.577436,-26.951267],[-65.579209,-26.942065],[-65.582228,-26.940929],[-65.581084,-26.937304],[-65.58253,-26.935186],[-65.584937,-26.934387],[-65.591713,-26.937199],[-65.594407,-26.935529],[-65.596738,-26.936091],[-65.595267,-26.932918],[-65.588974,-26.928856],[-65.587745,-26.926839],[-65.58436,-26.924895],[-65.585659,-26.906648],[-65.589062,-26.908387],[-65.596909,-26.904528],[-65.607371,-26.902648],[-65.608355,-26.900465],[-65.612494,-26.900635],[-65.616616,-26.897319],[-65.620109,-26.893075],[-65.619651,-26.891022],[-65.625547,-26.882815],[-65.628223,-26.880554],[-65.630231,-26.876559]]]}},{"type":"Feature","properties":{"name":"COMISARIA DE TAFI DEL VALLE","regional":"URO","color":"#9C27B0"},"geometry":{"type":"Polygon","coordinates":[[[-65.851032,-26.726918],[-65.833727,-26.736512],[-65.841365,-26.753712],[-65.8452,-26.755951],[-65.846541,-26.761631],[-65.852211,-26.760399],[-65.858326,-26.769246],[-65.860077,-26.773465],[-65.859869,-26.777303],[-65.860288,-26.78176],[-65.865264,-26.787303],[-65.865237,-26.800026],[-65.87258,-26.822836],[-65.893322,-26.829654],[-65.897909,-26.836363],[-65.898594,-26.842016],[-65.894077,-26.846259],[-65.893021,-26.853611],[-65.895199,-26.865247],[-65.882339,-26.871199],[-65.876054,-26.877584],[-65.869409,-26.890611],[-65.856862,-26.89983],[-65.819973,-26.909015],[-65.817204,-26.909855],[-65.813928,-26.908638],[-65.809643,-26.907784],[-65.807695,-26.90644],[-65.803789,-26.905455],[-65.80164,-26.903252],[-65.799461,-26.903119],[-65.793797,-26.904089],[-65.792154,-26.905459],[-65.785764,-26.904622],[-65.784426,-26.903454],[-65.783066,-26.903431],[-65.781604,-26.901887],[-65.778703,-26.90063],[-65.773163,-26.899719],[-65.76938,-26.900255],[-65.768703,-26.901297],[-65.765823,-26.902464],[-65.763553,-26.902493],[-65.76119,-26.903267],[-65.760684,-26.900941],[-65.758291,-26.900904],[-65.754802,-26.899186],[-65.755046,-26.898083],[-65.752997,-26.898336],[-65.707341,-26.878923],[-65.704385,-26.883378],[-65.703837,-26.885838],[-65.700607,-26.88634],[-65.700425,-26.888474],[-65.69791,-26.888329],[-65.691339,-26.887244],[-65.694305,-26.872843],[-65.692884,-26.872447],[-65.69168,-26.870728],[-65.689456,-26.869575],[-65.686026,-26.869328],[-65.68357,-26.867536],[-65.681981,-26.867557],[-65.678751,-26.865951],[-65.675962,-26.865308],[-65.673182,-26.863778],[-65.671877,-26.860576],[-65.667982,-26.858699],[-65.66578,-26.856418],[-65.66516,-26.854597],[-65.663347,-26.854201],[-65.662411,-26.853253],[-65.662826,-26.850997],[-65.661785,-26.847123],[-65.659549,-26.84545],[-65.657029,-26.845171],[-65.656231,-26.84323],[-65.651845,-26.842774],[-65.651248,-26.842026],[-65.65244,-26.839509],[-65.651642,-26.837199],[-65.650294,-26.83662],[-65.649485,-26.834125],[-65.647064,-26.833202],[-65.644022,-26.830106],[-65.642254,-26.829287],[-65.639064,-26.828847],[-65.638213,-26.827847],[-65.635273,-26.828824],[-65.632757,-26.828119],[-65.627584,-26.829216],[-65.625688,-26.829204],[-65.623501,-26.828514],[-65.623165,-26.827167],[-65.628613,-26.816763],[-65.633838,-26.811402],[-65.637109,-26.810786],[-65.645567,-26.811057],[-65.659946,-26.809227],[-65.670766,-26.811784],[-65.675732,-26.814374],[-65.678318,-26.813824],[-65.677569,-26.813356],[-65.677508,-26.809021],[-65.679253,-26.810549],[-65.68086,-26.809816],[-65.680477,-26.806422],[-65.677833,-26.805384],[-65.676206,-26.802874],[-65.673852,-26.801829],[-65.672578,-26.800604],[-65.6731,-26.799213],[-65.671515,-26.795795],[-65.673581,-26.796729],[-65.67536,-26.796857],[-65.675734,-26.792223],[-65.674328,-26.789925],[-65.67507,-26.788514],[-65.674245,-26.787508],[-65.670175,-26.787626],[-65.669517,-26.786642],[-65.673071,-26.784058],[-65.671637,-26.782838],[-65.67336,-26.779819],[-65.670702,-26.77861],[-65.670997,-26.776863],[-65.672472,-26.776001],[-65.672655,-26.774844],[-65.671605,-26.773902],[-65.670647,-26.771766],[-65.668704,-26.771631],[-65.667099,-26.769725],[-65.668432,-26.768937],[-65.668711,-26.765368],[-65.672144,-26.764463],[-65.677636,-26.766233],[-65.68034,-26.765142],[-65.681084,-26.763382],[-65.684347,-26.763037],[-65.683584,-26.761669],[-65.680682,-26.760978],[-65.679881,-26.759474],[-65.67733,-26.7583],[-65.675429,-26.758199],[-65.675419,-26.756868],[-65.673725,-26.756344],[-65.672165,-26.754544],[-65.674634,-26.752954],[-65.675125,-26.751685],[-65.676679,-26.750877],[-65.675004,-26.747248],[-65.674209,-26.744119],[-65.674656,-26.742454],[-65.677351,-26.741568],[-65.677361,-26.740899],[-65.683548,-26.73921],[-65.686768,-26.740236],[-65.688731,-26.739859],[-65.68983,-26.738572],[-65.694715,-26.737548],[-65.6977,-26.73619],[-65.697062,-26.7381],[-65.707348,-26.738633],[-65.708694,-26.735669],[-65.708544,-26.732407],[-65.707537,-26.729774],[-65.705057,-26.725447],[-65.705496,-26.72347],[-65.703988,-26.722441],[-65.702611,-26.72053],[-65.700729,-26.720299],[-65.698136,-26.718038],[-65.695618,-26.718887],[-65.694706,-26.717515],[-65.701841,-26.707626],[-65.70198,-26.705117],[-65.703869,-26.703722],[-65.704985,-26.701405],[-65.704687,-26.697841],[-65.710639,-26.691449],[-65.717883,-26.688517],[-65.719942,-26.684022],[-65.7457,-26.673772],[-65.748762,-26.681009],[-65.749677,-26.685339],[-65.746084,-26.690802],[-65.747306,-26.707573],[-65.749388,-26.71166],[-65.753663,-26.714807],[-65.757872,-26.716177],[-65.768594,-26.71591],[-65.772727,-26.715649],[-65.777328,-26.715851],[-65.782544,-26.713862],[-65.783466,-26.715086],[-65.791783,-26.716635],[-65.793262,-26.7167],[-65.794846,-26.714846],[-65.796201,-26.714166],[-65.797628,-26.712157],[-65.851032,-26.726918]]]}},{"type":"Feature","properties":{"name":"COMISARIA VILLA NOUGUES","regional":"URO","color":"#9C27B0"},"geometry":{"type":"Polygon","coordinates":[[[-65.659897,-26.809214],[-65.645577,-26.810993],[-65.637051,-26.810725],[-65.633838,-26.811313],[-65.629157,-26.816101],[-65.623067,-26.826842],[-65.624316,-26.835892],[-65.624211,-26.839675],[-65.620343,-26.838067],[-65.616672,-26.837741],[-65.611892,-26.84104],[-65.605001,-26.843747],[-65.595309,-26.844676],[-65.589899,-26.843623],[-65.585589,-26.847536],[-65.578047,-26.846611],[-65.574542,-26.85022],[-65.573555,-26.853096],[-65.570009,-26.854204],[-65.563909,-26.849555],[-65.560374,-26.850492],[-65.555458,-26.849484],[-65.551619,-26.853299],[-65.547373,-26.853402],[-65.54639,-26.855168],[-65.540265,-26.854345],[-65.534131,-26.860931],[-65.531132,-26.860858],[-65.526364,-26.862954],[-65.52139,-26.863623],[-65.519149,-26.86533],[-65.515657,-26.865454],[-65.512616,-26.863638],[-65.493541,-26.860413],[-65.487211,-26.86502],[-65.479317,-26.86157],[-65.471967,-26.862572],[-65.46848,-26.859355],[-65.463963,-26.85719],[-65.459334,-26.857109],[-65.457156,-26.858202],[-65.449323,-26.859083],[-65.441658,-26.858656],[-65.435688,-26.8593],[-65.432784,-26.856346],[-65.429257,-26.855511],[-65.425072,-26.859303],[-65.422679,-26.858878],[-65.422143,-26.861475],[-65.417266,-26.86677],[-65.416545,-26.863997],[-65.410433,-26.868646],[-65.409819,-26.870737],[-65.413906,-26.870339],[-65.411475,-26.875293],[-65.408719,-26.877032],[-65.400076,-26.876788],[-65.39709,-26.879943],[-65.394499,-26.878957],[-65.393774,-26.880768],[-65.39025,-26.88106],[-65.390724,-26.87914],[-65.387484,-26.87714],[-65.383652,-26.878549],[-65.381664,-26.874055],[-65.378526,-26.871894],[-65.376272,-26.871848],[-65.370798,-26.877175],[-65.366404,-26.883662],[-65.362293,-26.886225],[-65.3594,-26.890607],[-65.355427,-26.890543],[-65.354446,-26.886866],[-65.350421,-26.887939],[-65.347621,-26.881568],[-65.349505,-26.879761],[-65.346677,-26.878716],[-65.345917,-26.875665],[-65.343983,-26.875595],[-65.342944,-26.871321],[-65.343721,-26.862272],[-65.345538,-26.859488],[-65.344722,-26.85442],[-65.347519,-26.85341],[-65.347202,-26.850792],[-65.349654,-26.847965],[-65.345511,-26.84855],[-65.342464,-26.846611],[-65.379667,-26.839698],[-65.379295,-26.837882],[-65.37412,-26.836695],[-65.374113,-26.834295],[-65.375976,-26.832119],[-65.370437,-26.827889],[-65.372015,-26.826317],[-65.377576,-26.826513],[-65.424903,-26.817011],[-65.432375,-26.815299],[-65.431363,-26.80859],[-65.436626,-26.805921],[-65.439597,-26.803063],[-65.442095,-26.802369],[-65.444481,-26.799689],[-65.447827,-26.798312],[-65.451115,-26.794156],[-65.451006,-26.78763],[-65.453212,-26.784778],[-65.455115,-26.780047],[-65.458212,-26.77579],[-65.465576,-26.772876],[-65.468737,-26.769774],[-65.473899,-26.769026],[-65.478319,-26.763158],[-65.482275,-26.759851],[-65.489981,-26.756612],[-65.492279,-26.757478],[-65.502073,-26.754751],[-65.507427,-26.755591],[-65.509992,-26.753037],[-65.512793,-26.753841],[-65.515823,-26.748111],[-65.522575,-26.751455],[-65.524122,-26.754087],[-65.527406,-26.754964],[-65.529252,-26.758382],[-65.531901,-26.759464],[-65.534261,-26.757812],[-65.540268,-26.758968],[-65.540863,-26.760983],[-65.545032,-26.764299],[-65.54802,-26.763722],[-65.550287,-26.759921],[-65.551615,-26.76238],[-65.556766,-26.758804],[-65.561263,-26.75806],[-65.564255,-26.756544],[-65.566016,-26.750819],[-65.572211,-26.747525],[-65.573882,-26.744064],[-65.580589,-26.743624],[-65.583713,-26.741476],[-65.586379,-26.737892],[-65.591741,-26.736716],[-65.597543,-26.733159],[-65.601898,-26.73254],[-65.605829,-26.729139],[-65.611299,-26.72854],[-65.614844,-26.729507],[-65.619514,-26.733689],[-65.628114,-26.737917],[-65.632637,-26.737956],[-65.635735,-26.740672],[-65.636881,-26.743698],[-65.639815,-26.74404],[-65.641559,-26.745768],[-65.639217,-26.748641],[-65.641185,-26.749476],[-65.639969,-26.752623],[-65.646242,-26.752569],[-65.64845,-26.755907],[-65.651427,-26.756872],[-65.656854,-26.753352],[-65.663179,-26.753808],[-65.666534,-26.751442],[-65.670398,-26.750934],[-65.672315,-26.746626],[-65.670905,-26.745256],[-65.674735,-26.741567],[-65.674177,-26.744148],[-65.676658,-26.750878],[-65.672144,-26.754534],[-65.675419,-26.758201],[-65.679873,-26.759483],[-65.684337,-26.763037],[-65.681072,-26.763376],[-65.677644,-26.766222],[-65.672139,-26.764451],[-65.668707,-26.765362],[-65.668424,-26.768926],[-65.667076,-26.769736],[-65.670642,-26.771776],[-65.672645,-26.77485],[-65.670697,-26.778624],[-65.673345,-26.779828],[-65.671626,-26.782846],[-65.673046,-26.784061],[-65.669497,-26.786648],[-65.67423,-26.787517],[-65.675708,-26.792234],[-65.675344,-26.796845],[-65.67151,-26.795793],[-65.672556,-26.800618],[-65.676189,-26.802879],[-65.677823,-26.805384],[-65.68047,-26.806436],[-65.680843,-26.809803],[-65.677472,-26.809031],[-65.677553,-26.813423],[-65.675756,-26.81435],[-65.670729,-26.811781],[-65.659897,-26.809214]]]}},{"type":"Feature","properties":{"name":"COMISARIA DE FAMAILLA","regional":"URO","color":"#9C27B0"},"geometry":{"type":"Polygon","coordinates":[[[-65.495189,-27.017622],[-65.493019,-27.024392],[-65.489156,-27.024353],[-65.488739,-27.027073],[-65.483162,-27.033719],[-65.484347,-27.037559],[-65.478792,-27.043341],[-65.478538,-27.052127],[-65.476683,-27.060632],[-65.479665,-27.065154],[-65.48059,-27.070288],[-65.484081,-27.072053],[-65.484682,-27.075682],[-65.487857,-27.080261],[-65.488654,-27.083788],[-65.487262,-27.088905],[-65.482473,-27.092463],[-65.484877,-27.095922],[-65.482096,-27.097745],[-65.479113,-27.095189],[-65.475156,-27.0963],[-65.475567,-27.100912],[-65.473046,-27.10253],[-65.469779,-27.100385],[-65.466375,-27.104044],[-65.471209,-27.109334],[-65.465163,-27.107935],[-65.464738,-27.111029],[-65.456859,-27.113178],[-65.46193,-27.115845],[-65.456161,-27.116759],[-65.451438,-27.116039],[-65.448018,-27.118339],[-65.447474,-27.121185],[-65.443305,-27.118031],[-65.444137,-27.122808],[-65.437525,-27.123946],[-65.437349,-27.12635],[-65.433976,-27.124618],[-65.433074,-27.127126],[-65.430043,-27.12327],[-65.428829,-27.125134],[-65.430801,-27.130407],[-65.428667,-27.131517],[-65.425579,-27.126426],[-65.424707,-27.130757],[-65.419101,-27.132113],[-65.414906,-27.115567],[-65.407351,-27.118895],[-65.405194,-27.114842],[-65.402701,-27.115632],[-65.395861,-27.104028],[-65.391772,-27.105687],[-65.379695,-27.107945],[-65.378377,-27.103127],[-65.374914,-27.102415],[-65.373587,-27.099492],[-65.360454,-27.104164],[-65.361871,-27.104661],[-65.352802,-27.109188],[-65.350621,-27.105691],[-65.352437,-27.10237],[-65.344101,-27.104531],[-65.34544,-27.095316],[-65.349954,-27.094048],[-65.348578,-27.087999],[-65.350255,-27.086041],[-65.348242,-27.083139],[-65.342938,-27.079503],[-65.345969,-27.077682],[-65.345236,-27.075616],[-65.340155,-27.073123],[-65.338218,-27.070626],[-65.336106,-27.060139],[-65.331654,-27.0594],[-65.32781,-27.054202],[-65.330304,-27.054839],[-65.328616,-27.050416],[-65.323454,-27.049905],[-65.325255,-27.045247],[-65.321932,-27.04308],[-65.32355,-27.040058],[-65.327231,-27.03863],[-65.324213,-27.032807],[-65.328432,-27.028396],[-65.331701,-27.021282],[-65.335538,-27.023031],[-65.340259,-27.02064],[-65.346225,-27.021135],[-65.350446,-27.017188],[-65.350726,-27.012634],[-65.353937,-27.011985],[-65.353904,-27.008242],[-65.35748,-27.004092],[-65.35774,-27.001307],[-65.364955,-26.998143],[-65.36331,-26.986115],[-65.366585,-26.987009],[-65.366186,-26.984134],[-65.370238,-26.983974],[-65.372935,-26.980727],[-65.373749,-26.974127],[-65.372829,-26.971183],[-65.376305,-26.968789],[-65.375544,-26.965874],[-65.381899,-26.964341],[-65.385274,-26.962359],[-65.391196,-26.955561],[-65.394488,-26.955487],[-65.39771,-26.952407],[-65.400732,-26.954703],[-65.404152,-26.95307],[-65.408199,-26.956036],[-65.40893,-26.947643],[-65.414406,-26.943557],[-65.418237,-26.94408],[-65.421984,-26.941144],[-65.423489,-26.936305],[-65.427848,-26.937449],[-65.427476,-26.93405],[-65.430805,-26.928011],[-65.434662,-26.926262],[-65.441794,-26.928926],[-65.444986,-26.923874],[-65.447458,-26.922357],[-65.447106,-26.918762],[-65.449679,-26.913963],[-65.448575,-26.90668],[-65.448929,-26.901185],[-65.458064,-26.894791],[-65.461833,-26.891163],[-65.461922,-26.887493],[-65.46597,-26.882677],[-65.470039,-26.883448],[-65.475394,-26.881701],[-65.480931,-26.883597],[-65.485511,-26.876529],[-65.486128,-26.873747],[-65.497949,-26.866041],[-65.503821,-26.865998],[-65.512613,-26.863633],[-65.515657,-26.865447],[-65.534127,-26.860931],[-65.540263,-26.854342],[-65.546381,-26.855161],[-65.547367,-26.853394],[-65.551612,-26.853295],[-65.55545,-26.84948],[-65.560365,-26.850485],[-65.563903,-26.849548],[-65.570007,-26.854201],[-65.573547,-26.853089],[-65.578038,-26.846609],[-65.585587,-26.847531],[-65.58989,-26.843616],[-65.595308,-26.844675],[-65.604992,-26.843745],[-65.61189,-26.841034],[-65.616663,-26.837733],[-65.620343,-26.838064],[-65.627016,-26.8415],[-65.629846,-26.849911],[-65.627303,-26.863708],[-65.628709,-26.876294],[-65.630164,-26.876515],[-65.619586,-26.890989],[-65.620081,-26.893058],[-65.612466,-26.900593],[-65.608355,-26.900432],[-65.607381,-26.902598],[-65.596993,-26.904486],[-65.589019,-26.908111],[-65.585165,-26.905895],[-65.581657,-26.908887],[-65.575656,-26.911604],[-65.571003,-26.921998],[-65.566287,-26.929022],[-65.56654,-26.930924],[-65.563424,-26.938053],[-65.560544,-26.94158],[-65.561209,-26.95259],[-65.555767,-26.954408],[-65.552653,-26.951329],[-65.552857,-26.956],[-65.549624,-26.954788],[-65.547478,-26.960819],[-65.545131,-26.961179],[-65.541472,-26.954662],[-65.534877,-26.956342],[-65.526951,-26.964455],[-65.526008,-26.967454],[-65.522947,-26.969345],[-65.521025,-26.974909],[-65.515303,-26.981094],[-65.513158,-26.986257],[-65.497122,-26.992038],[-65.49151,-26.997889],[-65.489928,-27.001819],[-65.496609,-27.006847],[-65.493657,-27.017377],[-65.495189,-27.017622]]]}},{"type":"Feature","properties":{"name":"COMISARIA DE LULES","regional":"URO","color":"#9C27B0"},"geometry":{"type":"Polygon","coordinates":[[[-65.283156,-26.937119],[-65.282332,-26.936347],[-65.282753,-26.935359],[-65.284387,-26.934698],[-65.284446,-26.933603],[-65.285554,-26.931983],[-65.284397,-26.931438],[-65.285689,-26.930405],[-65.286809,-26.931084],[-65.287404,-26.930149],[-65.286583,-26.928334],[-65.289186,-26.925983],[-65.291291,-26.927434],[-65.293352,-26.925624],[-65.295145,-26.925245],[-65.294594,-26.924336],[-65.293656,-26.918139],[-65.294121,-26.917466],[-65.292377,-26.909506],[-65.295647,-26.907387],[-65.297458,-26.906978],[-65.29604,-26.899446],[-65.301411,-26.898404],[-65.313979,-26.895493],[-65.320742,-26.89889],[-65.322307,-26.90117],[-65.347087,-26.896531],[-65.351923,-26.892393],[-65.356349,-26.890481],[-65.359146,-26.890238],[-65.360862,-26.889446],[-65.362308,-26.886146],[-65.366909,-26.883618],[-65.369786,-26.879636],[-65.3711,-26.876204],[-65.376489,-26.872091],[-65.379235,-26.87272],[-65.381901,-26.874717],[-65.383471,-26.878783],[-65.387604,-26.877106],[-65.38889,-26.878913],[-65.390409,-26.879109],[-65.390315,-26.880727],[-65.391389,-26.881401],[-65.393506,-26.880877],[-65.394448,-26.879049],[-65.395156,-26.878833],[-65.396741,-26.88028],[-65.398011,-26.877595],[-65.399734,-26.876677],[-65.400327,-26.878452],[-65.401298,-26.878497],[-65.40267,-26.876441],[-65.40611,-26.877101],[-65.407307,-26.87566],[-65.408553,-26.876966],[-65.409455,-26.877008],[-65.41168,-26.875241],[-65.411958,-26.874037],[-65.413817,-26.870786],[-65.410478,-26.871379],[-65.409821,-26.870724],[-65.410475,-26.868446],[-65.41301,-26.866725],[-65.416476,-26.863954],[-65.417341,-26.864026],[-65.417393,-26.866711],[-65.419359,-26.865805],[-65.419019,-26.864479],[-65.421037,-26.863263],[-65.422183,-26.861507],[-65.423656,-26.861888],[-65.424432,-26.861113],[-65.422467,-26.860803],[-65.422085,-26.8596],[-65.422794,-26.85876],[-65.425206,-26.859153],[-65.424975,-26.857739],[-65.427138,-26.857621],[-65.428351,-26.8559],[-65.430586,-26.856347],[-65.432099,-26.856044],[-65.433437,-26.858165],[-65.434742,-26.857851],[-65.43574,-26.859239],[-65.438967,-26.859358],[-65.439428,-26.858007],[-65.440722,-26.857881],[-65.441645,-26.858766],[-65.449309,-26.859154],[-65.452451,-26.858957],[-65.455183,-26.858023],[-65.456835,-26.858318],[-65.459476,-26.857162],[-65.461857,-26.857491],[-65.464065,-26.857188],[-65.464216,-26.858193],[-65.465424,-26.858967],[-65.468351,-26.859477],[-65.468333,-26.860381],[-65.470463,-26.860854],[-65.471857,-26.862603],[-65.474441,-26.862442],[-65.476798,-26.861366],[-65.479254,-26.861605],[-65.480687,-26.862701],[-65.485044,-26.863745],[-65.487333,-26.865067],[-65.488184,-26.864795],[-65.492189,-26.86108],[-65.493441,-26.860483],[-65.512077,-26.863652],[-65.510136,-26.864748],[-65.507392,-26.865276],[-65.505796,-26.86461],[-65.505216,-26.865613],[-65.503774,-26.865889],[-65.501992,-26.865433],[-65.4995,-26.86641],[-65.498019,-26.866154],[-65.495754,-26.868046],[-65.492005,-26.869121],[-65.490155,-26.870439],[-65.489317,-26.87171],[-65.48614,-26.873716],[-65.484882,-26.875623],[-65.485599,-26.876467],[-65.484547,-26.877823],[-65.48187,-26.882628],[-65.479369,-26.88376],[-65.478826,-26.882923],[-65.476647,-26.882698],[-65.475063,-26.881813],[-65.472965,-26.881996],[-65.47272,-26.883233],[-65.46993,-26.883353],[-65.468903,-26.882463],[-65.465779,-26.882942],[-65.465877,-26.884257],[-65.464041,-26.884109],[-65.463339,-26.886634],[-65.461956,-26.887693],[-65.462215,-26.889234],[-65.461178,-26.892118],[-65.460014,-26.893],[-65.45864,-26.892686],[-65.45797,-26.894652],[-65.454468,-26.896236],[-65.453889,-26.897831],[-65.452184,-26.898438],[-65.451309,-26.900331],[-65.448788,-26.900588],[-65.449135,-26.905408],[-65.448501,-26.906751],[-65.449481,-26.909043],[-65.448811,-26.911008],[-65.449449,-26.914407],[-65.448894,-26.915567],[-65.44743,-26.916809],[-65.447508,-26.917873],[-65.446654,-26.919393],[-65.447295,-26.921544],[-65.446657,-26.922949],[-65.444717,-26.923982],[-65.444532,-26.92597],[-65.442787,-26.927261],[-65.441422,-26.929194],[-65.440245,-26.927891],[-65.438059,-26.927165],[-65.434954,-26.926708],[-65.434806,-26.924455],[-65.433301,-26.924011],[-65.432772,-26.92592],[-65.430844,-26.927951],[-65.429027,-26.931672],[-65.427683,-26.933231],[-65.427184,-26.934643],[-65.427941,-26.937174],[-65.426878,-26.937498],[-65.424393,-26.935947],[-65.424473,-26.934578],[-65.42152,-26.932693],[-65.419911,-26.929249],[-65.419706,-26.927991],[-65.368533,-26.937751],[-65.356871,-26.93957],[-65.349432,-26.942961],[-65.306222,-26.963833],[-65.306611,-26.966119],[-65.300551,-26.962956],[-65.295811,-26.959944],[-65.291994,-26.955971],[-65.279498,-26.942197],[-65.280699,-26.94167],[-65.283387,-26.94149],[-65.285156,-26.939747],[-65.283553,-26.938614],[-65.28481,-26.937734],[-65.285176,-26.936552],[-65.284314,-26.935887],[-65.283156,-26.937119]]]}},{"type":"Feature","properties":{"name":"COMISARIA LA REDUCCION","regional":"URO","color":"#9C27B0"},"geometry":{"type":"Polygon","coordinates":[[[-65.424345,-26.935908],[-65.423507,-26.936186],[-65.423222,-26.93689],[-65.42327,-26.93786],[-65.422148,-26.938291],[-65.4218,-26.938602],[-65.421592,-26.939185],[-65.421945,-26.940886],[-65.421929,-26.94115],[-65.421446,-26.941377],[-65.420504,-26.941427],[-65.419931,-26.941696],[-65.419486,-26.942174],[-65.419411,-26.942561],[-65.418229,-26.944034],[-65.417939,-26.944223],[-65.414554,-26.943487],[-65.413431,-26.943934],[-65.412461,-26.944746],[-65.411387,-26.944961],[-65.410827,-26.945621],[-65.409696,-26.946207],[-65.409549,-26.94723],[-65.408916,-26.947637],[-65.408864,-26.94882],[-65.409133,-26.950782],[-65.408727,-26.952058],[-65.409122,-26.952747],[-65.40866,-26.953801],[-65.408884,-26.954139],[-65.40864,-26.955048],[-65.408214,-26.956073],[-65.407202,-26.956416],[-65.405545,-26.955885],[-65.405278,-26.955686],[-65.405994,-26.955049],[-65.40641,-26.954491],[-65.40635,-26.95402],[-65.405484,-26.953356],[-65.40475,-26.953399],[-65.404037,-26.953101],[-65.403114,-26.953401],[-65.402371,-26.953911],[-65.401598,-26.954624],[-65.400693,-26.954628],[-65.400777,-26.954086],[-65.400449,-26.952261],[-65.399816,-26.952076],[-65.399322,-26.952474],[-65.398446,-26.952277],[-65.3978,-26.952324],[-65.397143,-26.952839],[-65.397034,-26.953208],[-65.396492,-26.953853],[-65.395971,-26.954125],[-65.393978,-26.955763],[-65.393287,-26.955964],[-65.392104,-26.955971],[-65.391169,-26.955584],[-65.390224,-26.955961],[-65.389602,-26.956493],[-65.389761,-26.957327],[-65.389346,-26.958181],[-65.388841,-26.958781],[-65.388501,-26.958936],[-65.388116,-26.959573],[-65.387228,-26.960171],[-65.386384,-26.960911],[-65.385257,-26.962308],[-65.383728,-26.963453],[-65.382777,-26.963938],[-65.380515,-26.964814],[-65.379031,-26.965196],[-65.376474,-26.965762],[-65.37565,-26.965848],[-65.374853,-26.966387],[-65.375149,-26.967267],[-65.375567,-26.967412],[-65.376128,-26.968233],[-65.376277,-26.968669],[-65.375248,-26.97018],[-65.374699,-26.97049],[-65.373611,-26.970789],[-65.372851,-26.971128],[-65.37272,-26.972026],[-65.373137,-26.973075],[-65.373759,-26.974033],[-65.373464,-26.974611],[-65.373454,-26.975375],[-65.373227,-26.975684],[-65.373076,-26.976776],[-65.372709,-26.97842],[-65.372476,-26.979134],[-65.373,-26.979994],[-65.372929,-26.980747],[-65.371971,-26.981653],[-65.371354,-26.982669],[-65.371372,-26.982958],[-65.370833,-26.983681],[-65.37018,-26.983986],[-65.369936,-26.983834],[-65.369049,-26.983971],[-65.368176,-26.983563],[-65.366556,-26.98344],[-65.366248,-26.983636],[-65.366153,-26.984216],[-65.366602,-26.985321],[-65.366675,-26.986744],[-65.366563,-26.987012],[-65.365628,-26.987217],[-65.364568,-26.986902],[-65.363682,-26.986267],[-65.362917,-26.986106],[-65.362695,-26.986478],[-65.363067,-26.986963],[-65.363089,-26.987471],[-65.363355,-26.987983],[-65.36304,-26.988888],[-65.363657,-26.989206],[-65.364478,-26.989011],[-65.364876,-26.989201],[-65.364716,-26.989701],[-65.364308,-26.989978],[-65.363864,-26.990865],[-65.363844,-26.99201],[-65.364221,-26.993155],[-65.364228,-26.993838],[-65.363758,-26.99451],[-65.363455,-26.995217],[-65.363632,-26.995755],[-65.363328,-26.996786],[-65.364879,-26.998013],[-65.365188,-27.000227],[-65.364826,-27.00097],[-65.364305,-27.001246],[-65.364126,-27.000972],[-65.364272,-27.000336],[-65.364108,-26.999642],[-65.363723,-26.999085],[-65.363063,-26.998847],[-65.362073,-26.998801],[-65.361466,-26.998912],[-65.361121,-26.999508],[-65.361599,-27.000412],[-65.362608,-27.000807],[-65.363065,-27.001318],[-65.363133,-27.001793],[-65.36255,-27.002225],[-65.362213,-27.00219],[-65.36135,-27.001389],[-65.361162,-27.00067],[-65.360672,-26.999972],[-65.360227,-26.999986],[-65.359605,-27.000429],[-65.358836,-27.00054],[-65.358471,-27.000765],[-65.358004,-27.000708],[-65.357692,-27.000981],[-65.357913,-27.001429],[-65.358732,-27.001569],[-65.359887,-27.001327],[-65.360374,-27.001619],[-65.359585,-27.002381],[-65.359323,-27.002993],[-65.358674,-27.002775],[-65.357896,-27.001506],[-65.356991,-27.001494],[-65.356926,-27.002302],[-65.357598,-27.002708],[-65.357638,-27.003802],[-65.35738,-27.004055],[-65.357511,-27.004482],[-65.358198,-27.004936],[-65.358955,-27.005096],[-65.358806,-27.005557],[-65.357869,-27.005793],[-65.357155,-27.005791],[-65.356456,-27.005243],[-65.356385,-27.004382],[-65.355838,-27.004512],[-65.355681,-27.005097],[-65.354979,-27.006078],[-65.351672,-27.003114],[-65.337978,-26.990923],[-65.32468,-26.979124],[-65.320228,-26.975544],[-65.311703,-26.969025],[-65.306838,-26.966243],[-65.306242,-26.963969],[-65.357022,-26.939712],[-65.368829,-26.937774],[-65.371288,-26.937391],[-65.41967,-26.928046],[-65.419881,-26.929195],[-65.420737,-26.93003],[-65.420527,-26.93066],[-65.421513,-26.931954],[-65.421436,-26.932668],[-65.424456,-26.934603],[-65.424241,-26.935606],[-65.424345,-26.935908]]]}},{"type":"Feature","properties":{"name":"COMISARIA LOS AGUIRRE","regional":"URO","color":"#9C27B0"},"geometry":{"type":"MultiPolygon","coordinates":[[[[-65.285156,-26.939747],[-65.283387,-26.94149],[-65.279188,-26.942437],[-65.277847,-26.945146],[-65.275838,-26.944934],[-65.275647,-26.943139],[-65.274233,-26.942651],[-65.273131,-26.944659],[-65.274769,-26.945972],[-65.272232,-26.946407],[-65.267373,-26.949758],[-65.266949,-26.952619],[-65.263317,-26.952704],[-65.262726,-26.954373],[-65.265288,-26.954365],[-65.262455,-26.956709],[-65.260705,-26.956325],[-65.260086,-26.959361],[-65.258847,-26.960441],[-65.257791,-26.959284],[-65.258177,-26.963614],[-65.260834,-26.966198],[-65.259739,-26.967342],[-65.256655,-26.967349],[-65.259989,-26.970714],[-65.257206,-26.970591],[-65.254574,-26.969207],[-65.254128,-26.970439],[-65.255931,-26.972578],[-65.254556,-26.973616],[-65.25188,-26.97264],[-65.252002,-26.978676],[-65.25353,-26.977045],[-65.256108,-26.976041],[-65.25826,-26.976666],[-65.259905,-26.979474],[-65.260094,-26.9815],[-65.261927,-26.981751],[-65.2601,-26.984054],[-65.260999,-26.986081],[-65.264643,-26.986267],[-65.264998,-26.9876],[-65.262199,-26.989127],[-65.261491,-26.990508],[-65.264619,-26.989967],[-65.263361,-26.991224],[-65.263816,-26.994186],[-65.262403,-26.994458],[-65.263579,-26.996019],[-65.262835,-26.999684],[-65.260021,-26.998325],[-65.259083,-26.99945],[-65.259441,-27.001852],[-65.261918,-27.003482],[-65.261987,-27.004866],[-65.260262,-27.005451],[-65.259121,-27.003802],[-65.257523,-27.005131],[-65.25782,-27.006161],[-65.260482,-27.006674],[-65.2644,-27.012504],[-65.263423,-27.013992],[-65.266823,-27.013352],[-65.267263,-27.011892],[-65.268782,-27.011924],[-65.269067,-27.013574],[-65.266836,-27.014621],[-65.266029,-27.017524],[-65.267432,-27.01904],[-65.269358,-27.017462],[-65.270996,-27.017563],[-65.271092,-27.018827],[-65.269706,-27.021365],[-65.266256,-27.020208],[-65.261383,-27.019977],[-65.261367,-27.017664],[-65.25931,-27.015849],[-65.259868,-27.012667],[-65.256468,-27.012426],[-65.253985,-27.010035],[-65.253644,-27.008162],[-65.248494,-27.007423],[-65.247255,-27.004631],[-65.244309,-27.004336],[-65.244317,-27.000036],[-65.246188,-26.999415],[-65.247777,-27.001634],[-65.249066,-27.001975],[-65.250931,-27.000968],[-65.250949,-26.997109],[-65.247802,-26.996695],[-65.247241,-26.994581],[-65.250518,-26.992962],[-65.2498,-26.990903],[-65.247108,-26.988848],[-65.243721,-26.988433],[-65.241774,-26.986176],[-65.243468,-26.984397],[-65.245559,-26.985607],[-65.245984,-26.983736],[-65.24324,-26.981957],[-65.242229,-26.97991],[-65.242373,-26.97728],[-65.240393,-26.975702],[-65.237943,-26.975821],[-65.237523,-26.97818],[-65.23515,-26.977318],[-65.232523,-26.977395],[-65.231791,-26.975001],[-65.229123,-26.974039],[-65.226301,-26.97192],[-65.226449,-26.970342],[-65.229133,-26.970368],[-65.229058,-26.968828],[-65.226888,-26.965908],[-65.226507,-26.964328],[-65.224338,-26.960979],[-65.22096,-26.957754],[-65.221087,-26.955549],[-65.219718,-26.953466],[-65.217535,-26.953279],[-65.214886,-26.951906],[-65.214644,-26.950144],[-65.218023,-26.95047],[-65.219404,-26.949954],[-65.219934,-26.948304],[-65.219402,-26.945719],[-65.219505,-26.941354],[-65.217591,-26.938636],[-65.216003,-26.938214],[-65.212589,-26.940868],[-65.211668,-26.940584],[-65.210546,-26.9365],[-65.214497,-26.935828],[-65.215757,-26.932274],[-65.217578,-26.930756],[-65.216311,-26.929764],[-65.214836,-26.930543],[-65.21249,-26.929362],[-65.207713,-26.928877],[-65.207756,-26.927634],[-65.210977,-26.926354],[-65.213084,-26.927285],[-65.215016,-26.926608],[-65.21638,-26.924275],[-65.213825,-26.924329],[-65.211313,-26.922787],[-65.212065,-26.921855],[-65.21608,-26.921107],[-65.216838,-26.91942],[-65.215263,-26.917888],[-65.212018,-26.917504],[-65.209712,-26.918322],[-65.207797,-26.918072],[-65.207246,-26.916824],[-65.208936,-26.914401],[-65.213104,-26.912856],[-65.214362,-26.911867],[-65.214138,-26.906385],[-65.222095,-26.899327],[-65.225838,-26.893693],[-65.230265,-26.886506],[-65.230555,-26.883809],[-65.229969,-26.876785],[-65.237166,-26.875046],[-65.241496,-26.874672],[-65.239798,-26.872795],[-65.271355,-26.866707],[-65.270663,-26.867787],[-65.272734,-26.872959],[-65.274558,-26.874088],[-65.276626,-26.876481],[-65.276739,-26.879261],[-65.274435,-26.883834],[-65.275256,-26.890823],[-65.273097,-26.893222],[-65.272912,-26.895414],[-65.271114,-26.899547],[-65.269016,-26.901774],[-65.268808,-26.905969],[-65.270607,-26.90643],[-65.271499,-26.91018],[-65.270122,-26.912988],[-65.269414,-26.916513],[-65.270232,-26.91779],[-65.268929,-26.918397],[-65.267641,-26.92188],[-65.272374,-26.92384],[-65.277931,-26.924671],[-65.28752,-26.92664],[-65.289186,-26.925983],[-65.286583,-26.928334],[-65.287105,-26.930906],[-65.28544,-26.930413],[-65.285554,-26.931983],[-65.284387,-26.934698],[-65.282753,-26.935359],[-65.283156,-26.937119],[-65.285176,-26.936552],[-65.283553,-26.938614],[-65.285156,-26.939747]]],[[[-65.211507,-26.917663],[-65.211287,-26.917772],[-65.211185,-26.917823],[-65.211121,-26.917836],[-65.211248,-26.917737],[-65.211507,-26.917663]]],[[[-65.253307,-26.977547],[-65.2533,-26.977359],[-65.253322,-26.977319],[-65.253307,-26.977547]]],[[[-65.25169,-26.978274],[-65.251688,-26.978283],[-65.251688,-26.978275],[-65.25169,-26.978274]]]]}},{"type":"Feature","properties":{"name":"COMISARIA EL MANANTIAL","regional":"URO","color":"#9C27B0"},"geometry":{"type":"Polygon","coordinates":[[[-65.341677,-26.825073],[-65.369634,-26.820187],[-65.369964,-26.820595],[-65.369963,-26.82073],[-65.370222,-26.821282],[-65.37026,-26.821562],[-65.370631,-26.821771],[-65.370843,-26.821736],[-65.370982,-26.822025],[-65.370749,-26.822394],[-65.370252,-26.823006],[-65.37011,-26.823267],[-65.370158,-26.823682],[-65.370408,-26.823927],[-65.371031,-26.824092],[-65.371211,-26.824282],[-65.371067,-26.824868],[-65.371176,-26.82523],[-65.371516,-26.825475],[-65.372259,-26.825722],[-65.372318,-26.826002],[-65.372015,-26.826317],[-65.371913,-26.826551],[-65.371869,-26.8272],[-65.371666,-26.827452],[-65.371113,-26.827513],[-65.370609,-26.827628],[-65.370437,-26.827889],[-65.370475,-26.828169],[-65.371093,-26.829309],[-65.371515,-26.829392],[-65.371939,-26.829006],[-65.372302,-26.828971],[-65.372472,-26.829071],[-65.372779,-26.829921],[-65.372929,-26.830165],[-65.373259,-26.830419],[-65.373731,-26.830683],[-65.374495,-26.830732],[-65.375602,-26.830755],[-65.376448,-26.830551],[-65.376537,-26.830741],[-65.37558,-26.831007],[-65.375388,-26.831097],[-65.375256,-26.831376],[-65.375355,-26.831638],[-65.375696,-26.831838],[-65.37633,-26.831904],[-65.377264,-26.83208],[-65.377173,-26.832224],[-65.376882,-26.832114],[-65.376288,-26.832066],[-65.375976,-26.832119],[-65.375431,-26.832405],[-65.375098,-26.832693],[-65.374994,-26.833306],[-65.37474,-26.833711],[-65.374144,-26.834178],[-65.374113,-26.834439],[-65.374221,-26.834882],[-65.374072,-26.836298],[-65.37412,-26.836695],[-65.37438,-26.836967],[-65.374854,-26.836834],[-65.375074,-26.837115],[-65.375375,-26.837279],[-65.375361,-26.837973],[-65.376499,-26.837672],[-65.378047,-26.837922],[-65.379295,-26.837882],[-65.379544,-26.838245],[-65.379769,-26.839419],[-65.379667,-26.839698],[-65.352757,-26.844668],[-65.34469,-26.846183],[-65.344458,-26.846236],[-65.333016,-26.848393],[-65.322714,-26.850032],[-65.313487,-26.851802],[-65.313164,-26.851881],[-65.310173,-26.852426],[-65.299848,-26.85428],[-65.298882,-26.854428],[-65.295497,-26.855034],[-65.289876,-26.856071],[-65.289323,-26.856077],[-65.285565,-26.856771],[-65.282836,-26.857245],[-65.281496,-26.8575],[-65.279954,-26.857826],[-65.27659,-26.858431],[-65.274716,-26.858783],[-65.271351,-26.859433],[-65.271084,-26.858719],[-65.270998,-26.857933],[-65.270823,-26.857084],[-65.271321,-26.856184],[-65.271609,-26.855211],[-65.272216,-26.85479],[-65.272447,-26.854854],[-65.27268,-26.85454],[-65.273133,-26.854524],[-65.27353,-26.853804],[-65.273818,-26.852831],[-65.273789,-26.852686],[-65.274183,-26.852336],[-65.274465,-26.852392],[-65.274566,-26.852266],[-65.274783,-26.851419],[-65.274998,-26.850842],[-65.27485,-26.850318],[-65.274611,-26.849983],[-65.274313,-26.849386],[-65.273783,-26.848932],[-65.273452,-26.848777],[-65.272773,-26.847871],[-65.272313,-26.847444],[-65.271211,-26.846798],[-65.270037,-26.846304],[-65.269527,-26.845805],[-65.268047,-26.842765],[-65.267968,-26.842512],[-65.268403,-26.842163],[-65.269153,-26.84139],[-65.269366,-26.84104],[-65.270447,-26.83878],[-65.271018,-26.836623],[-65.27093,-26.835106],[-65.271383,-26.833064],[-65.271518,-26.832354],[-65.270441,-26.831686],[-65.269842,-26.83121],[-65.269657,-26.830432],[-65.26928,-26.829884],[-65.26967,-26.829839],[-65.271618,-26.829401],[-65.273612,-26.829104],[-65.275779,-26.828749],[-65.278323,-26.828274],[-65.278959,-26.828232],[-65.279594,-26.828381],[-65.288696,-26.831391],[-65.292791,-26.832777],[-65.292909,-26.832757],[-65.295498,-26.8337],[-65.298151,-26.834254],[-65.298885,-26.834303],[-65.300766,-26.834276],[-65.305343,-26.83352],[-65.3067,-26.833283],[-65.30688,-26.836189],[-65.307414,-26.838332],[-65.307995,-26.838987],[-65.314794,-26.837863],[-65.314178,-26.836071],[-65.313831,-26.831978],[-65.31492,-26.831097],[-65.316653,-26.828961],[-65.316656,-26.828839],[-65.318684,-26.826117],[-65.320092,-26.824082],[-65.320815,-26.822387],[-65.321057,-26.820979],[-65.321122,-26.820111],[-65.321103,-26.818529],[-65.321176,-26.817702],[-65.321319,-26.817141],[-65.321595,-26.816634],[-65.322066,-26.816085],[-65.322239,-26.815715],[-65.323091,-26.814914],[-65.323125,-26.814654],[-65.323868,-26.813862],[-65.324712,-26.813852],[-65.327172,-26.813149],[-65.332445,-26.812394],[-65.333047,-26.812449],[-65.333732,-26.812706],[-65.334668,-26.812898],[-65.33565,-26.813325],[-65.336334,-26.813676],[-65.337318,-26.814752],[-65.339272,-26.815434],[-65.339946,-26.818096],[-65.339746,-26.818133],[-65.33989,-26.818674],[-65.339948,-26.818667],[-65.340535,-26.819387],[-65.341017,-26.819854],[-65.340986,-26.820572],[-65.340477,-26.820976],[-65.340396,-26.821376],[-65.340541,-26.821727],[-65.340578,-26.822338],[-65.340435,-26.823154],[-65.340208,-26.823376],[-65.340557,-26.824042],[-65.340768,-26.824274],[-65.341281,-26.824424],[-65.341539,-26.824425],[-65.341677,-26.825073]]]}},{"type":"Feature","properties":{"name":"COMISARIA SAN PABLO","regional":"URO","color":"#9C27B0"},"geometry":{"type":"Polygon","coordinates":[[[-65.267704,-26.921806],[-65.268583,-26.920507],[-65.269024,-26.919255],[-65.269061,-26.918271],[-65.270191,-26.917871],[-65.270203,-26.917519],[-65.269415,-26.916396],[-65.26982,-26.915965],[-65.269739,-26.914485],[-65.270224,-26.914261],[-65.270018,-26.913466],[-65.270243,-26.912854],[-65.270839,-26.91264],[-65.271154,-26.912046],[-65.270827,-26.911322],[-65.271319,-26.909935],[-65.270725,-26.909995],[-65.270871,-26.909211],[-65.271257,-26.908653],[-65.270847,-26.908155],[-65.270901,-26.90756],[-65.270567,-26.906385],[-65.269633,-26.906001],[-65.268908,-26.906051],[-65.269095,-26.905195],[-65.268579,-26.904037],[-65.268963,-26.903795],[-65.268797,-26.902901],[-65.269031,-26.902523],[-65.269016,-26.901774],[-65.269797,-26.900912],[-65.270042,-26.900344],[-65.271114,-26.899547],[-65.271644,-26.898485],[-65.272095,-26.897196],[-65.272974,-26.895089],[-65.273097,-26.893222],[-65.274259,-26.892479],[-65.274597,-26.89165],[-65.275277,-26.89076],[-65.2752,-26.888648],[-65.274954,-26.887744],[-65.274434,-26.884059],[-65.27453,-26.883257],[-65.274948,-26.882338],[-65.274729,-26.882003],[-65.275526,-26.881655],[-65.276266,-26.88082],[-65.276121,-26.879863],[-65.276729,-26.879171],[-65.276249,-26.878825],[-65.276288,-26.877337],[-65.276666,-26.876553],[-65.275565,-26.875609],[-65.275132,-26.875607],[-65.274916,-26.874694],[-65.274558,-26.874088],[-65.273737,-26.873434],[-65.272734,-26.872959],[-65.271926,-26.871827],[-65.271559,-26.870932],[-65.271861,-26.870861],[-65.271826,-26.870094],[-65.270998,-26.868998],[-65.270741,-26.868274],[-65.270776,-26.867489],[-65.271355,-26.866707],[-65.271213,-26.865217],[-65.270682,-26.864863],[-65.271583,-26.864046],[-65.271861,-26.862992],[-65.272185,-26.862722],[-65.272458,-26.861018],[-65.27237,-26.860639],[-65.271648,-26.860184],[-65.271351,-26.859433],[-65.27659,-26.858431],[-65.279954,-26.857826],[-65.282836,-26.857245],[-65.289323,-26.856077],[-65.289876,-26.856071],[-65.295497,-26.855034],[-65.300554,-26.854157],[-65.310173,-26.852426],[-65.322714,-26.850032],[-65.333016,-26.848393],[-65.342396,-26.846624],[-65.342632,-26.847609],[-65.344687,-26.847624],[-65.345049,-26.84776],[-65.345428,-26.848614],[-65.348699,-26.84797],[-65.349611,-26.84796],[-65.348024,-26.849207],[-65.347127,-26.85083],[-65.347464,-26.852002],[-65.347485,-26.853379],[-65.344767,-26.854275],[-65.344699,-26.854411],[-65.344917,-26.856699],[-65.345499,-26.858749],[-65.34531,-26.859925],[-65.34404,-26.861614],[-65.343594,-26.862823],[-65.343842,-26.862942],[-65.344013,-26.864118],[-65.343715,-26.865239],[-65.342819,-26.865843],[-65.341855,-26.866831],[-65.34255,-26.866586],[-65.343491,-26.866833],[-65.342711,-26.868224],[-65.342887,-26.869039],[-65.343315,-26.868965],[-65.342942,-26.870062],[-65.342936,-26.871319],[-65.343541,-26.871872],[-65.343133,-26.872292],[-65.343085,-26.872773],[-65.343466,-26.872806],[-65.343974,-26.875602],[-65.345915,-26.875663],[-65.345659,-26.876403],[-65.346056,-26.877789],[-65.347208,-26.878372],[-65.348659,-26.878095],[-65.34896,-26.878328],[-65.346659,-26.878716],[-65.348753,-26.879359],[-65.349464,-26.879186],[-65.349503,-26.879751],[-65.348268,-26.880836],[-65.347623,-26.88157],[-65.347808,-26.882682],[-65.34836,-26.883954],[-65.348628,-26.885574],[-65.349065,-26.885672],[-65.349041,-26.883637],[-65.349628,-26.88443],[-65.350012,-26.885432],[-65.350693,-26.886657],[-65.350396,-26.887977],[-65.351842,-26.887352],[-65.353409,-26.886905],[-65.353419,-26.887849],[-65.352418,-26.888222],[-65.351469,-26.888835],[-65.350549,-26.889965],[-65.351039,-26.890178],[-65.351766,-26.889952],[-65.352263,-26.889169],[-65.353331,-26.888337],[-65.354456,-26.886872],[-65.354348,-26.888682],[-65.354546,-26.889468],[-65.355073,-26.889725],[-65.355424,-26.890544],[-65.354528,-26.89082],[-65.353709,-26.891466],[-65.352275,-26.892244],[-65.351772,-26.892251],[-65.351304,-26.893016],[-65.350941,-26.893204],[-65.35011,-26.894202],[-65.348229,-26.895673],[-65.346453,-26.896594],[-65.342342,-26.897297],[-65.333776,-26.898999],[-65.327851,-26.90009],[-65.322318,-26.901155],[-65.321713,-26.899772],[-65.320682,-26.898792],[-65.3173,-26.897124],[-65.314049,-26.895466],[-65.301439,-26.898364],[-65.295977,-26.899411],[-65.2974,-26.906945],[-65.295646,-26.907351],[-65.292311,-26.909419],[-65.294113,-26.91746],[-65.294071,-26.917776],[-65.293394,-26.918188],[-65.293915,-26.921872],[-65.294162,-26.922641],[-65.293313,-26.92316],[-65.292915,-26.923898],[-65.293707,-26.924497],[-65.293353,-26.924775],[-65.292854,-26.925694],[-65.293061,-26.92638],[-65.291719,-26.926879],[-65.291018,-26.926298],[-65.289936,-26.926178],[-65.289837,-26.925755],[-65.287488,-26.926617],[-65.27843,-26.924728],[-65.274894,-26.924138],[-65.272429,-26.923807],[-65.270418,-26.923246],[-65.268518,-26.92212],[-65.267704,-26.921806]]]}},{"type":"Feature","properties":{"name":"COMISARIA ACHERAL","regional":"URO","color":"#9C27B0"},"geometry":{"type":"Polygon","coordinates":[[[-65.487857,-27.080261],[-65.497154,-27.096313],[-65.504787,-27.108646],[-65.516374,-27.126992],[-65.514579,-27.128357],[-65.51245,-27.131338],[-65.509788,-27.132835],[-65.506386,-27.13637],[-65.506846,-27.138164],[-65.508752,-27.140422],[-65.508743,-27.142544],[-65.50771,-27.144573],[-65.505581,-27.147295],[-65.503217,-27.147685],[-65.499719,-27.147672],[-65.496464,-27.151957],[-65.49019,-27.154604],[-65.487586,-27.158858],[-65.482643,-27.160762],[-65.479229,-27.161547],[-65.476527,-27.162792],[-65.473918,-27.163161],[-65.471936,-27.162755],[-65.470694,-27.161555],[-65.470968,-27.160221],[-65.474056,-27.157563],[-65.474218,-27.156129],[-65.47338,-27.154372],[-65.471488,-27.153768],[-65.469675,-27.155454],[-65.467961,-27.158297],[-65.463221,-27.161546],[-65.46223,-27.163654],[-65.461824,-27.168281],[-65.460344,-27.170008],[-65.456291,-27.171737],[-65.452962,-27.175081],[-65.450634,-27.176927],[-65.441719,-27.178137],[-65.435079,-27.173886],[-65.428171,-27.169815],[-65.420868,-27.170809],[-65.41459,-27.17469],[-65.414929,-27.183208],[-65.411832,-27.185958],[-65.408472,-27.185432],[-65.407868,-27.183121],[-65.402623,-27.178829],[-65.401221,-27.175519],[-65.400064,-27.174594],[-65.394821,-27.174421],[-65.392548,-27.175687],[-65.391546,-27.176949],[-65.385622,-27.181272],[-65.384446,-27.1819],[-65.379314,-27.183193],[-65.373315,-27.182375],[-65.369436,-27.180751],[-65.364372,-27.180043],[-65.362262,-27.176549],[-65.362826,-27.175542],[-65.366093,-27.176783],[-65.366717,-27.175991],[-65.364996,-27.174312],[-65.365544,-27.173129],[-65.369217,-27.173211],[-65.371728,-27.17166],[-65.370871,-27.170823],[-65.370598,-27.166497],[-65.369646,-27.165102],[-65.368822,-27.162133],[-65.370287,-27.161735],[-65.373641,-27.162853],[-65.37251,-27.161131],[-65.373084,-27.159317],[-65.374548,-27.159011],[-65.375634,-27.160458],[-65.375421,-27.162761],[-65.376959,-27.163749],[-65.377615,-27.163049],[-65.377164,-27.160735],[-65.379542,-27.160284],[-65.380301,-27.159297],[-65.377564,-27.15842],[-65.377229,-27.157151],[-65.378195,-27.156503],[-65.3797,-27.156991],[-65.383166,-27.156173],[-65.386284,-27.154713],[-65.38952,-27.15432],[-65.390667,-27.152714],[-65.390449,-27.151565],[-65.388403,-27.152482],[-65.387739,-27.151857],[-65.385718,-27.153473],[-65.384987,-27.152612],[-65.385499,-27.151144],[-65.391214,-27.149152],[-65.393917,-27.149837],[-65.396979,-27.149552],[-65.398268,-27.151299],[-65.398004,-27.153072],[-65.399644,-27.153087],[-65.400652,-27.151202],[-65.400575,-27.1499],[-65.403971,-27.147991],[-65.404564,-27.145403],[-65.406498,-27.144343],[-65.409903,-27.144468],[-65.411346,-27.143205],[-65.412481,-27.143848],[-65.413224,-27.145562],[-65.414287,-27.145794],[-65.415011,-27.143339],[-65.413804,-27.141756],[-65.41225,-27.141972],[-65.41085,-27.141091],[-65.409694,-27.141223],[-65.408531,-27.139523],[-65.409379,-27.137507],[-65.410623,-27.136433],[-65.413334,-27.135298],[-65.415255,-27.133446],[-65.417421,-27.132203],[-65.419738,-27.131923],[-65.419899,-27.130703],[-65.421264,-27.130396],[-65.424111,-27.131144],[-65.424643,-27.130615],[-65.423482,-27.128113],[-65.423858,-27.126655],[-65.425595,-27.126222],[-65.427587,-27.130174],[-65.427718,-27.131177],[-65.429177,-27.131439],[-65.430994,-27.12971],[-65.430574,-27.128226],[-65.428829,-27.125134],[-65.429855,-27.12342],[-65.430975,-27.123669],[-65.431383,-27.125914],[-65.432163,-27.127152],[-65.433436,-27.126471],[-65.433695,-27.12481],[-65.435544,-27.124635],[-65.437349,-27.12635],[-65.437157,-27.124635],[-65.438032,-27.123779],[-65.440497,-27.123998],[-65.444137,-27.122808],[-65.442989,-27.120741],[-65.44267,-27.118711],[-65.443502,-27.117962],[-65.445343,-27.118035],[-65.445812,-27.120491],[-65.447686,-27.121089],[-65.447205,-27.119447],[-65.448018,-27.118339],[-65.449735,-27.117636],[-65.451438,-27.116039],[-65.45385,-27.115677],[-65.456367,-27.116811],[-65.458357,-27.116746],[-65.460338,-27.115547],[-65.462222,-27.115829],[-65.461957,-27.114452],[-65.459507,-27.115115],[-65.457591,-27.114933],[-65.457108,-27.112947],[-65.458806,-27.112551],[-65.461151,-27.112723],[-65.464738,-27.111029],[-65.464263,-27.108898],[-65.464972,-27.108024],[-65.466605,-27.108116],[-65.469673,-27.109459],[-65.471209,-27.109334],[-65.472165,-27.107822],[-65.470562,-27.107886],[-65.468809,-27.106811],[-65.468123,-27.104547],[-65.466375,-27.104044],[-65.467396,-27.101281],[-65.469779,-27.100385],[-65.471987,-27.102254],[-65.473046,-27.10253],[-65.475567,-27.100912],[-65.476133,-27.098733],[-65.474907,-27.097197],[-65.475156,-27.0963],[-65.479113,-27.095189],[-65.482096,-27.097745],[-65.485117,-27.095593],[-65.482441,-27.093215],[-65.483673,-27.09118],[-65.486026,-27.090195],[-65.487262,-27.088905],[-65.487865,-27.086475],[-65.488491,-27.084459],[-65.48854,-27.082491],[-65.487857,-27.080261]]]}},{"type":"Feature","properties":{"name":"COMISARIA AMBERES","regional":"URO","color":"#9C27B0"},"geometry":{"type":"Polygon","coordinates":[[[-65.525937,-27.264762],[-65.526078,-27.264733],[-65.529856,-27.279298],[-65.529504,-27.280386],[-65.529325,-27.280637],[-65.529147,-27.281226],[-65.529012,-27.281524],[-65.528938,-27.281962],[-65.528825,-27.282309],[-65.528728,-27.282822],[-65.528718,-27.284047],[-65.528857,-27.284771],[-65.529069,-27.285183],[-65.529145,-27.285691],[-65.529297,-27.285893],[-65.529316,-27.286407],[-65.528105,-27.287853],[-65.525299,-27.2891],[-65.524587,-27.289384],[-65.524141,-27.289496],[-65.523627,-27.289407],[-65.523424,-27.289138],[-65.523124,-27.28892],[-65.522747,-27.28872],[-65.521797,-27.288434],[-65.521453,-27.288144],[-65.52096,-27.287894],[-65.52027,-27.287689],[-65.519178,-27.287656],[-65.518558,-27.287809],[-65.51806,-27.288038],[-65.517376,-27.288595],[-65.51701,-27.289048],[-65.516731,-27.289609],[-65.516544,-27.290256],[-65.516489,-27.290561],[-65.51664,-27.291483],[-65.516912,-27.291683],[-65.516921,-27.291807],[-65.517315,-27.292437],[-65.517219,-27.292366],[-65.515934,-27.29167],[-65.515736,-27.291473],[-65.515611,-27.291464],[-65.514451,-27.291048],[-65.513698,-27.290891],[-65.513422,-27.290306],[-65.513061,-27.289849],[-65.512512,-27.289406],[-65.51193,-27.289056],[-65.511574,-27.288894],[-65.510883,-27.288661],[-65.510086,-27.288578],[-65.509401,-27.288656],[-65.509707,-27.289834],[-65.510244,-27.291677],[-65.509766,-27.291843],[-65.508455,-27.292648],[-65.506877,-27.295133],[-65.505997,-27.294978],[-65.50562,-27.295319],[-65.504975,-27.2956],[-65.504377,-27.296246],[-65.504018,-27.296339],[-65.503805,-27.296513],[-65.503167,-27.296693],[-65.502881,-27.296809],[-65.502129,-27.296849],[-65.501804,-27.296637],[-65.501447,-27.296287],[-65.501113,-27.296125],[-65.500764,-27.295789],[-65.500624,-27.295431],[-65.500584,-27.295126],[-65.500325,-27.294724],[-65.499765,-27.294162],[-65.499291,-27.293563],[-65.49903,-27.293344],[-65.498036,-27.292806],[-65.497367,-27.292564],[-65.496374,-27.29235],[-65.495776,-27.29233],[-65.495185,-27.292389],[-65.494439,-27.29257],[-65.494024,-27.29275],[-65.493692,-27.293017],[-65.493181,-27.293691],[-65.492982,-27.294213],[-65.492952,-27.294446],[-65.492759,-27.295081],[-65.492669,-27.295763],[-65.492725,-27.296274],[-65.492732,-27.296998],[-65.49269,-27.297768],[-65.492793,-27.29819],[-65.492463,-27.298318],[-65.49142,-27.298482],[-65.491222,-27.298647],[-65.490841,-27.298734],[-65.490332,-27.29875],[-65.489175,-27.298316],[-65.488799,-27.298292],[-65.488547,-27.298341],[-65.488345,-27.298243],[-65.488091,-27.298002],[-65.487436,-27.297772],[-65.48713,-27.297744],[-65.486373,-27.297527],[-65.486154,-27.297523],[-65.48594,-27.297637],[-65.485063,-27.297765],[-65.484757,-27.297936],[-65.484242,-27.297987],[-65.484177,-27.298053],[-65.483823,-27.298068],[-65.483221,-27.298343],[-65.483067,-27.298459],[-65.482667,-27.298933],[-65.48238,-27.299499],[-65.482394,-27.299736],[-65.482313,-27.299877],[-65.482286,-27.300492],[-65.482444,-27.301136],[-65.482104,-27.301292],[-65.481871,-27.301315],[-65.48147,-27.301153],[-65.481043,-27.300507],[-65.480983,-27.300041],[-65.480758,-27.299686],[-65.480252,-27.299122],[-65.479905,-27.298904],[-65.479235,-27.298608],[-65.478583,-27.298528],[-65.478147,-27.29839],[-65.477776,-27.29836],[-65.47735,-27.298383],[-65.476833,-27.298302],[-65.476679,-27.298351],[-65.47588,-27.298446],[-65.474799,-27.298254],[-65.473778,-27.298285],[-65.472985,-27.298445],[-65.472769,-27.298405],[-65.472332,-27.298767],[-65.471889,-27.298971],[-65.471344,-27.299279],[-65.471173,-27.299446],[-65.470425,-27.299775],[-65.470275,-27.299938],[-65.470074,-27.299982],[-65.469611,-27.297688],[-65.468978,-27.297736],[-65.467907,-27.297689],[-65.467945,-27.297835],[-65.467673,-27.297759],[-65.467148,-27.29705],[-65.466197,-27.295429],[-65.465746,-27.294866],[-65.465487,-27.294325],[-65.46553,-27.293803],[-65.46591,-27.293437],[-65.46555,-27.29299],[-65.465109,-27.292209],[-65.464644,-27.289871],[-65.464203,-27.287793],[-65.463894,-27.286395],[-65.463409,-27.28401],[-65.463018,-27.281937],[-65.462639,-27.280333],[-65.461897,-27.276751],[-65.46159,-27.275406],[-65.461226,-27.273615],[-65.461044,-27.272901],[-65.459767,-27.273058],[-65.459601,-27.272311],[-65.459151,-27.270443],[-65.458815,-27.269149],[-65.458457,-27.267449],[-65.45925,-27.267365],[-65.460926,-27.267081],[-65.461063,-27.266975],[-65.460426,-27.263857],[-65.459962,-27.261734],[-65.460073,-27.261728],[-65.462681,-27.261179],[-65.464313,-27.260865],[-65.465983,-27.260578],[-65.46952,-27.259804],[-65.475217,-27.258618],[-65.481498,-27.257234],[-65.484653,-27.256623],[-65.490909,-27.255477],[-65.493359,-27.255064],[-65.49995,-27.253817],[-65.504079,-27.253103],[-65.513409,-27.251472],[-65.515854,-27.251021],[-65.516108,-27.252019],[-65.530202,-27.263631],[-65.526085,-27.264574],[-65.525937,-27.264762]]]}},{"type":"Feature","properties":{"name":"COMISARIA CAPITAN CACERES","regional":"URO","color":"#9C27B0"},"geometry":{"type":"Polygon","coordinates":[[[-65.628559,-27.215726],[-65.623304,-27.212308],[-65.622481,-27.210075],[-65.613154,-27.213098],[-65.606566,-27.216135],[-65.604385,-27.215564],[-65.594138,-27.218594],[-65.591434,-27.215871],[-65.588364,-27.215838],[-65.584125,-27.210757],[-65.57781,-27.20982],[-65.575402,-27.211904],[-65.572439,-27.212642],[-65.569436,-27.210148],[-65.565188,-27.209401],[-65.564658,-27.206576],[-65.561789,-27.206471],[-65.557801,-27.20273],[-65.554731,-27.202063],[-65.552564,-27.199453],[-65.546404,-27.203543],[-65.543935,-27.201975],[-65.542438,-27.197471],[-65.535028,-27.197801],[-65.533142,-27.193985],[-65.531024,-27.19495],[-65.531524,-27.19255],[-65.530339,-27.190211],[-65.528301,-27.181418],[-65.524932,-27.181501],[-65.524462,-27.17878],[-65.527149,-27.178767],[-65.53227,-27.177047],[-65.532266,-27.163908],[-65.535904,-27.163761],[-65.53529,-27.155875],[-65.538976,-27.158718],[-65.538594,-27.161039],[-65.540648,-27.161424],[-65.54426,-27.154856],[-65.548701,-27.157532],[-65.550315,-27.16194],[-65.554301,-27.164853],[-65.564381,-27.167458],[-65.579223,-27.173794],[-65.584486,-27.178212],[-65.587155,-27.179069],[-65.590409,-27.178548],[-65.592093,-27.179354],[-65.594789,-27.17785],[-65.598099,-27.177655],[-65.599886,-27.175156],[-65.601954,-27.176586],[-65.604901,-27.176481],[-65.606296,-27.175315],[-65.609776,-27.17503],[-65.612487,-27.172567],[-65.612659,-27.168981],[-65.61701,-27.162924],[-65.624972,-27.159473],[-65.629746,-27.158404],[-65.630029,-27.157137],[-65.633728,-27.155582],[-65.633674,-27.152577],[-65.63581,-27.151264],[-65.638877,-27.152265],[-65.641204,-27.151997],[-65.642566,-27.149383],[-65.648983,-27.147027],[-65.650612,-27.143389],[-65.652688,-27.142527],[-65.658024,-27.142384],[-65.660171,-27.138325],[-65.664583,-27.136737],[-65.664677,-27.135213],[-65.672515,-27.133909],[-65.675485,-27.131373],[-65.676245,-27.129271],[-65.683252,-27.125034],[-65.682492,-27.121616],[-65.68306,-27.117101],[-65.681454,-27.11513],[-65.682817,-27.113326],[-65.681294,-27.109598],[-65.684164,-27.106459],[-65.686651,-27.10634],[-65.685347,-27.104768],[-65.693935,-27.096406],[-65.69364,-27.091408],[-65.695558,-27.088211],[-65.698824,-27.086866],[-65.697547,-27.085421],[-65.701361,-27.084836],[-65.701279,-27.083549],[-65.705553,-27.080085],[-65.70964,-27.080408],[-65.710177,-27.076771],[-65.710903,-27.077795],[-65.714186,-27.077527],[-65.713004,-27.075988],[-65.713146,-27.073067],[-65.718705,-27.073954],[-65.721311,-27.070381],[-65.722844,-27.066979],[-65.726037,-27.066706],[-65.727882,-27.065261],[-65.738845,-27.063648],[-65.77808,-27.063509],[-65.777605,-27.068294],[-65.775505,-27.07129],[-65.77731,-27.074257],[-65.776118,-27.077824],[-65.772241,-27.08119],[-65.774897,-27.08256],[-65.775838,-27.085707],[-65.775283,-27.089428],[-65.771178,-27.090525],[-65.770169,-27.091924],[-65.771094,-27.094058],[-65.775051,-27.093524],[-65.778877,-27.096148],[-65.781118,-27.099902],[-65.786373,-27.100959],[-65.786934,-27.098025],[-65.791203,-27.09801],[-65.794116,-27.094404],[-65.791565,-27.092883],[-65.791168,-27.089797],[-65.79589,-27.088224],[-65.797438,-27.084717],[-65.795544,-27.08027],[-65.796614,-27.079247],[-65.795037,-27.075537],[-65.800249,-27.074269],[-65.798302,-27.070719],[-65.799752,-27.066584],[-65.803371,-27.062821],[-65.808328,-27.06226],[-65.813453,-27.065027],[-65.818377,-27.063261],[-65.818769,-27.061963],[-65.816868,-27.057539],[-65.819942,-27.052079],[-65.817716,-27.050554],[-65.81854,-27.046199],[-65.819889,-27.044553],[-65.825429,-27.043661],[-65.823121,-27.039395],[-65.826554,-27.039036],[-65.826825,-27.036486],[-65.828665,-27.036616],[-65.829395,-27.034368],[-65.832652,-27.033914],[-65.835433,-27.032287],[-65.836396,-27.028708],[-65.84252,-27.027213],[-65.847323,-27.023118],[-65.847327,-27.020963],[-65.854484,-27.015873],[-65.852723,-27.012227],[-65.853368,-27.008045],[-65.85585,-27.005071],[-65.855146,-27.003073],[-65.856327,-26.996484],[-65.854671,-26.993218],[-65.856518,-26.989038],[-65.858889,-26.988377],[-65.860909,-26.986447],[-65.861374,-26.983786],[-65.865729,-26.981606],[-65.872624,-26.982361],[-65.874835,-26.981937],[-65.875547,-26.979355],[-65.879742,-26.977143],[-65.885533,-26.972018],[-65.894152,-26.967609],[-65.904164,-26.976352],[-65.913989,-26.980895],[-65.912476,-26.986521],[-65.916699,-26.990119],[-65.915103,-26.993032],[-65.914961,-26.996199],[-65.915949,-26.998313],[-65.915564,-27.003425],[-65.911928,-27.006209],[-65.919129,-27.016991],[-65.922901,-27.018305],[-65.933137,-27.018358],[-65.938608,-27.019293],[-65.946529,-27.022554],[-65.948222,-27.027203],[-65.954463,-27.030546],[-65.826115,-27.126214],[-65.794102,-27.153677],[-65.7887,-27.18363],[-65.741303,-27.184379],[-65.697476,-27.188966],[-65.668216,-27.222555],[-65.648612,-27.226425],[-65.642555,-27.228656],[-65.628559,-27.215726]]]}},{"type":"Feature","properties":{"name":"COMISARIA LEON ROUGES","regional":"URO","color":"#9C27B0"},"geometry":{"type":"Polygon","coordinates":[[[-65.508975,-27.191749],[-65.510779,-27.191764],[-65.511843,-27.191869],[-65.513518,-27.190533],[-65.514875,-27.188779],[-65.517063,-27.188229],[-65.519488,-27.189451],[-65.51988,-27.192049],[-65.519007,-27.194795],[-65.517734,-27.196164],[-65.517616,-27.197176],[-65.5176,-27.197261],[-65.518786,-27.199343],[-65.5209,-27.199882],[-65.523681,-27.198578],[-65.523589,-27.196718],[-65.524202,-27.195234],[-65.528398,-27.195905],[-65.531034,-27.194973],[-65.533139,-27.193981],[-65.535031,-27.197789],[-65.537796,-27.198043],[-65.542417,-27.197472],[-65.543943,-27.201982],[-65.546403,-27.203554],[-65.552571,-27.199462],[-65.554747,-27.202055],[-65.55781,-27.202733],[-65.560452,-27.204897],[-65.561833,-27.206483],[-65.56467,-27.206582],[-65.565159,-27.209404],[-65.569416,-27.210173],[-65.572447,-27.21265],[-65.575426,-27.211903],[-65.577812,-27.209824],[-65.584117,-27.210783],[-65.588387,-27.215867],[-65.591442,-27.215876],[-65.594146,-27.218614],[-65.599596,-27.217188],[-65.600092,-27.21842],[-65.601318,-27.220732],[-65.59538,-27.223391],[-65.595227,-27.222852],[-65.589671,-27.223631],[-65.583613,-27.224481],[-65.571541,-27.226257],[-65.572474,-27.2304],[-65.572384,-27.230416],[-65.567678,-27.231079],[-65.56718,-27.231163],[-65.565263,-27.231377],[-65.566066,-27.238499],[-65.562821,-27.238707],[-65.560811,-27.228378],[-65.556075,-27.228024],[-65.555907,-27.227825],[-65.553803,-27.227898],[-65.554105,-27.229381],[-65.554039,-27.22967],[-65.554628,-27.232206],[-65.551882,-27.232654],[-65.552007,-27.233262],[-65.549794,-27.233692],[-65.549092,-27.230319],[-65.547063,-27.230691],[-65.546989,-27.230468],[-65.544887,-27.230964],[-65.544565,-27.229159],[-65.542989,-27.229571],[-65.543096,-27.230205],[-65.539443,-27.230938],[-65.535786,-27.231663],[-65.535188,-27.23177],[-65.532189,-27.232292],[-65.532861,-27.235364],[-65.534182,-27.237992],[-65.536571,-27.242335],[-65.539135,-27.246904],[-65.533584,-27.247872],[-65.515854,-27.251021],[-65.513409,-27.251472],[-65.509063,-27.252233],[-65.504079,-27.253103],[-65.49995,-27.253817],[-65.49517,-27.25472],[-65.493359,-27.255064],[-65.490909,-27.255477],[-65.484653,-27.256623],[-65.481498,-27.257234],[-65.475217,-27.258618],[-65.46952,-27.259804],[-65.465983,-27.260578],[-65.464313,-27.260865],[-65.464134,-27.260085],[-65.463929,-27.259343],[-65.463718,-27.258411],[-65.463394,-27.25713],[-65.463207,-27.256284],[-65.463061,-27.25567],[-65.462681,-27.254135],[-65.462465,-27.25328],[-65.462199,-27.25215],[-65.46199,-27.251316],[-65.461714,-27.250161],[-65.461464,-27.249169],[-65.461317,-27.248547],[-65.460902,-27.246823],[-65.460681,-27.245959],[-65.459266,-27.246269],[-65.459142,-27.246265],[-65.459004,-27.246297],[-65.458791,-27.245513],[-65.458607,-27.244774],[-65.458454,-27.244114],[-65.458177,-27.242893],[-65.457993,-27.242148],[-65.457717,-27.24113],[-65.457411,-27.239851],[-65.457217,-27.239019],[-65.457176,-27.238873],[-65.457088,-27.23842],[-65.456888,-27.237613],[-65.456788,-27.237279],[-65.456764,-27.237144],[-65.45668,-27.237083],[-65.45662,-27.236971],[-65.456686,-27.236855],[-65.456542,-27.236227],[-65.456262,-27.235089],[-65.456099,-27.234319],[-65.455953,-27.234375],[-65.455913,-27.234596],[-65.455868,-27.234648],[-65.455755,-27.23462],[-65.45561,-27.234683],[-65.455415,-27.234611],[-65.455208,-27.23461],[-65.455046,-27.234678],[-65.455062,-27.234791],[-65.455207,-27.234852],[-65.455244,-27.235053],[-65.455137,-27.235077],[-65.455106,-27.234965],[-65.454938,-27.234997],[-65.454814,-27.234967],[-65.454622,-27.234981],[-65.454579,-27.235078],[-65.454478,-27.235184],[-65.454255,-27.23503],[-65.454166,-27.234994],[-65.454131,-27.234875],[-65.454051,-27.234839],[-65.453924,-27.234838],[-65.453848,-27.234888],[-65.453801,-27.234863],[-65.453666,-27.234865],[-65.453554,-27.234956],[-65.453542,-27.235002],[-65.453615,-27.2352],[-65.453601,-27.235256],[-65.453508,-27.235358],[-65.453435,-27.235395],[-65.453196,-27.235416],[-65.453165,-27.23539],[-65.45297,-27.23537],[-65.452861,-27.235492],[-65.452865,-27.235565],[-65.452739,-27.235658],[-65.45256,-27.235579],[-65.452278,-27.235483],[-65.452074,-27.23529],[-65.451864,-27.235048],[-65.451855,-27.234834],[-65.451768,-27.234619],[-65.45188,-27.234505],[-65.451374,-27.234393],[-65.451159,-27.234367],[-65.450979,-27.234371],[-65.4508,-27.2344],[-65.450578,-27.234478],[-65.450444,-27.233395],[-65.450341,-27.232503],[-65.450256,-27.23201],[-65.450154,-27.231361],[-65.449932,-27.230056],[-65.449936,-27.230007],[-65.449822,-27.229931],[-65.449365,-27.228949],[-65.449335,-27.228908],[-65.449154,-27.228436],[-65.449023,-27.228256],[-65.448704,-27.227705],[-65.448478,-27.227183],[-65.448322,-27.227204],[-65.448021,-27.225832],[-65.447984,-27.225691],[-65.470568,-27.219881],[-65.521607,-27.213417],[-65.508975,-27.191749]]]}},{"type":"Feature","properties":{"name":"COMISARIA LOS SOSA Y SOLDADO MALDONADO","regional":"URO","color":"#9C27B0"},"geometry":{"type":"MultiPolygon","coordinates":[[[[-65.663799,-26.981592],[-65.662247,-26.983102],[-65.664136,-26.98448],[-65.661517,-26.988046],[-65.662639,-26.990696],[-65.661545,-26.995693],[-65.663601,-27.001388],[-65.66413,-27.004653],[-65.661271,-27.008403],[-65.662458,-27.010534],[-65.660398,-27.01219],[-65.659377,-27.015326],[-65.656882,-27.016157],[-65.656175,-27.020479],[-65.657354,-27.022182],[-65.660516,-27.022026],[-65.662751,-27.023681],[-65.661818,-27.027047],[-65.663157,-27.027744],[-65.665226,-27.026096],[-65.666993,-27.026657],[-65.666405,-27.028215],[-65.668154,-27.028788],[-65.666696,-27.030141],[-65.665581,-27.02894],[-65.663349,-27.029636],[-65.66418,-27.031393],[-65.660304,-27.03143],[-65.659787,-27.033102],[-65.662338,-27.033482],[-65.663908,-27.035458],[-65.665856,-27.035349],[-65.669948,-27.039097],[-65.672168,-27.039609],[-65.671868,-27.041043],[-65.669825,-27.042328],[-65.671973,-27.04362],[-65.670221,-27.044021],[-65.672715,-27.049826],[-65.673981,-27.04887],[-65.674521,-27.051748],[-65.671398,-27.054484],[-65.673082,-27.057618],[-65.672258,-27.059311],[-65.670532,-27.059245],[-65.669354,-27.057221],[-65.667412,-27.060288],[-65.670672,-27.065793],[-65.668758,-27.06837],[-65.665108,-27.068405],[-65.663862,-27.069511],[-65.664484,-27.072417],[-65.663755,-27.075757],[-65.666408,-27.079592],[-65.666333,-27.081384],[-65.664774,-27.081618],[-65.66613,-27.083449],[-65.664301,-27.087362],[-65.661388,-27.088255],[-65.662448,-27.08997],[-65.660357,-27.091322],[-65.659213,-27.094435],[-65.652666,-27.095911],[-65.646907,-27.098948],[-65.641671,-27.099113],[-65.638427,-27.10132],[-65.635793,-27.101172],[-65.633048,-27.099971],[-65.630759,-27.099841],[-65.626436,-27.098345],[-65.620326,-27.099026],[-65.616178,-27.097055],[-65.613012,-27.096658],[-65.610245,-27.097761],[-65.605395,-27.098439],[-65.593909,-27.100619],[-65.591882,-27.102788],[-65.589142,-27.10372],[-65.586138,-27.106149],[-65.57869,-27.107977],[-65.577085,-27.110659],[-65.575044,-27.112316],[-65.569733,-27.119868],[-65.564872,-27.129333],[-65.562893,-27.129758],[-65.557131,-27.132493],[-65.553874,-27.132867],[-65.552258,-27.134106],[-65.553021,-27.135984],[-65.550641,-27.136504],[-65.550147,-27.138582],[-65.547094,-27.13982],[-65.54642,-27.142018],[-65.543816,-27.141419],[-65.540672,-27.139461],[-65.538113,-27.142737],[-65.536092,-27.144176],[-65.533757,-27.142857],[-65.530254,-27.143776],[-65.527515,-27.142897],[-65.52536,-27.139301],[-65.52289,-27.14034],[-65.52518,-27.143057],[-65.521992,-27.143537],[-65.520914,-27.141699],[-65.517726,-27.14006],[-65.516424,-27.141818],[-65.513326,-27.141179],[-65.508745,-27.142087],[-65.508752,-27.140422],[-65.506386,-27.13637],[-65.509788,-27.132835],[-65.51245,-27.131338],[-65.514579,-27.128357],[-65.517395,-27.126215],[-65.518427,-27.124545],[-65.517723,-27.12249],[-65.515592,-27.120889],[-65.519681,-27.116086],[-65.521007,-27.113261],[-65.523127,-27.112411],[-65.530105,-27.11104],[-65.535659,-27.109226],[-65.540475,-27.104727],[-65.544647,-27.103206],[-65.551683,-27.095761],[-65.554621,-27.091228],[-65.560595,-27.08462],[-65.564014,-27.074966],[-65.564174,-27.068942],[-65.565118,-27.064651],[-65.566291,-27.063639],[-65.566281,-27.060876],[-65.568028,-27.056569],[-65.567734,-27.05384],[-65.568784,-27.052395],[-65.568126,-27.050786],[-65.568596,-27.047595],[-65.571358,-27.045354],[-65.570193,-27.042795],[-65.571698,-27.042155],[-65.570181,-27.040717],[-65.570792,-27.037965],[-65.569962,-27.034987],[-65.570528,-27.033681],[-65.569858,-27.030919],[-65.571153,-27.028169],[-65.570599,-27.026536],[-65.572325,-27.025466],[-65.573463,-27.026169],[-65.573832,-27.023965],[-65.572839,-27.021902],[-65.570358,-27.021464],[-65.572366,-27.019785],[-65.573546,-27.020201],[-65.573238,-27.016999],[-65.569646,-27.014157],[-65.569633,-27.01215],[-65.572676,-27.012284],[-65.574984,-27.010625],[-65.573032,-27.008707],[-65.575116,-27.008158],[-65.5736,-27.00663],[-65.574427,-27.005109],[-65.577857,-27.003274],[-65.57711,-26.999454],[-65.575567,-27.000281],[-65.575876,-26.997934],[-65.573869,-26.999344],[-65.572414,-26.997619],[-65.574163,-26.995617],[-65.575563,-26.995873],[-65.575693,-26.993436],[-65.577492,-26.993907],[-65.578848,-26.990076],[-65.576604,-26.990571],[-65.577651,-26.988997],[-65.577836,-26.982263],[-65.582986,-26.980648],[-65.585132,-26.981888],[-65.587116,-26.981141],[-65.590116,-26.976347],[-65.59164,-26.975384],[-65.592489,-26.978702],[-65.595787,-26.979643],[-65.596518,-26.976724],[-65.595463,-26.975198],[-65.60441,-26.970924],[-65.605755,-26.96962],[-65.602698,-26.968285],[-65.605247,-26.966267],[-65.608011,-26.965397],[-65.60884,-26.963069],[-65.612654,-26.960262],[-65.647727,-26.951821],[-65.647603,-26.956031],[-65.646235,-26.957582],[-65.646484,-26.96146],[-65.620132,-26.971431],[-65.637659,-26.998015],[-65.663799,-26.981592]]],[[[-65.663573,-26.982152],[-65.690531,-26.965427],[-65.693701,-26.966934],[-65.709208,-26.97166],[-65.712422,-26.972186],[-65.712767,-26.97377],[-65.715251,-26.976303],[-65.716408,-26.97964],[-65.715679,-26.98068],[-65.718863,-26.982859],[-65.721063,-26.982979],[-65.722019,-26.98492],[-65.724831,-26.987122],[-65.723673,-26.99317],[-65.726123,-26.993621],[-65.729717,-26.997471],[-65.731306,-27.001629],[-65.731322,-27.005182],[-65.730104,-27.007629],[-65.733025,-27.010742],[-65.734751,-27.013821],[-65.74031,-27.017606],[-65.742519,-27.019842],[-65.743332,-27.022508],[-65.742662,-27.028461],[-65.745388,-27.033456],[-65.742431,-27.035232],[-65.752599,-27.038978],[-65.763613,-27.042231],[-65.77987,-27.047392],[-65.77935,-27.049866],[-65.780198,-27.05343],[-65.777696,-27.055815],[-65.778475,-27.061873],[-65.778076,-27.063416],[-65.772052,-27.063304],[-65.738845,-27.063648],[-65.727882,-27.065261],[-65.726037,-27.066706],[-65.722844,-27.066979],[-65.721311,-27.070381],[-65.718705,-27.073954],[-65.713146,-27.073067],[-65.713004,-27.075988],[-65.714186,-27.077527],[-65.710903,-27.077795],[-65.710177,-27.076771],[-65.70964,-27.080408],[-65.705553,-27.080085],[-65.701279,-27.083549],[-65.701361,-27.084836],[-65.697547,-27.085421],[-65.698824,-27.086866],[-65.695558,-27.088211],[-65.69364,-27.091408],[-65.694291,-27.093498],[-65.693184,-27.09552],[-65.693935,-27.096406],[-65.69219,-27.098427],[-65.685347,-27.104768],[-65.686651,-27.10634],[-65.684164,-27.106459],[-65.681294,-27.109598],[-65.682817,-27.113326],[-65.681454,-27.11513],[-65.68306,-27.117101],[-65.682492,-27.121616],[-65.683877,-27.123814],[-65.683252,-27.125034],[-65.676245,-27.129271],[-65.675485,-27.131373],[-65.673388,-27.13217],[-65.672515,-27.133909],[-65.664677,-27.135213],[-65.664583,-27.136737],[-65.660171,-27.138325],[-65.658024,-27.142384],[-65.654831,-27.142953],[-65.652688,-27.142527],[-65.650612,-27.143389],[-65.648983,-27.147027],[-65.642566,-27.149383],[-65.641204,-27.151997],[-65.638877,-27.152265],[-65.63581,-27.151264],[-65.633674,-27.152577],[-65.633728,-27.155582],[-65.630029,-27.157137],[-65.629746,-27.158404],[-65.624972,-27.159473],[-65.61701,-27.162924],[-65.612659,-27.168981],[-65.612487,-27.172567],[-65.609776,-27.17503],[-65.606296,-27.175315],[-65.604901,-27.176481],[-65.601954,-27.176586],[-65.599886,-27.175156],[-65.598099,-27.177655],[-65.594789,-27.17785],[-65.592093,-27.179354],[-65.590416,-27.178526],[-65.587146,-27.179031],[-65.584525,-27.17818],[-65.57923,-27.173769],[-65.564452,-27.167399],[-65.554326,-27.164843],[-65.550329,-27.161926],[-65.548713,-27.157531],[-65.544222,-27.154834],[-65.54063,-27.161407],[-65.538609,-27.161007],[-65.538991,-27.15871],[-65.536005,-27.155993],[-65.531537,-27.155114],[-65.525138,-27.15846],[-65.522175,-27.156173],[-65.522556,-27.153156],[-65.520446,-27.151978],[-65.51856,-27.154375],[-65.51371,-27.157591],[-65.511061,-27.158111],[-65.509242,-27.156572],[-65.505695,-27.155214],[-65.50437,-27.153336],[-65.504168,-27.149061],[-65.50336,-27.147742],[-65.505605,-27.147363],[-65.507844,-27.144531],[-65.508934,-27.141594],[-65.512178,-27.141245],[-65.516378,-27.141937],[-65.518133,-27.140297],[-65.522839,-27.143569],[-65.524969,-27.142563],[-65.525265,-27.139987],[-65.529219,-27.142707],[-65.530275,-27.139246],[-65.534905,-27.138588],[-65.532911,-27.14082],[-65.5334,-27.143605],[-65.540127,-27.143921],[-65.542806,-27.145463],[-65.546913,-27.145817],[-65.549049,-27.143554],[-65.550451,-27.140354],[-65.549359,-27.137926],[-65.551627,-27.137427],[-65.553817,-27.133718],[-65.564179,-27.129109],[-65.569658,-27.118398],[-65.578959,-27.107743],[-65.584723,-27.106834],[-65.59386,-27.100697],[-65.59651,-27.099397],[-65.610111,-27.097838],[-65.613327,-27.096412],[-65.627809,-27.098783],[-65.638986,-27.101522],[-65.641591,-27.099333],[-65.646028,-27.099432],[-65.648726,-27.097581],[-65.652579,-27.095924],[-65.659407,-27.094149],[-65.662303,-27.089743],[-65.661413,-27.087966],[-65.664155,-27.086643],[-65.665772,-27.083416],[-65.665885,-27.078368],[-65.663651,-27.07608],[-65.664788,-27.068563],[-65.66873,-27.068321],[-65.67039,-27.065981],[-65.667344,-27.060015],[-65.669455,-27.057127],[-65.671428,-27.059562],[-65.672777,-27.058278],[-65.671609,-27.055127],[-65.67122,-27.051894],[-65.667747,-27.04656],[-65.666956,-27.043685],[-65.668984,-27.043775],[-65.670177,-27.040103],[-65.657795,-27.032969],[-65.658134,-27.030562],[-65.656536,-27.029121],[-65.660595,-27.028584],[-65.662029,-27.023603],[-65.659582,-27.02199],[-65.657315,-27.02249],[-65.655955,-27.020458],[-65.655591,-27.01695],[-65.66137,-27.010292],[-65.661709,-27.007885],[-65.663373,-27.004468],[-65.662269,-26.996818],[-65.66318,-26.992849],[-65.662068,-26.987354],[-65.664479,-26.985924],[-65.662886,-26.983047],[-65.663573,-26.982152]]]]}},{"type":"Feature","properties":{"name":"COMISARIA MONTEROS","regional":"URO","color":"#9C27B0"},"geometry":{"type":"MultiPolygon","coordinates":[[[[-65.50901,-27.191691],[-65.514772,-27.203552],[-65.521977,-27.213485],[-65.469375,-27.219572],[-65.447218,-27.225499],[-65.446497,-27.21749],[-65.442534,-27.218131],[-65.442354,-27.219252],[-65.439111,-27.219733],[-65.436728,-27.209235],[-65.422711,-27.21738],[-65.422695,-27.217306],[-65.422571,-27.217269],[-65.422358,-27.216071],[-65.42234,-27.215967],[-65.421869,-27.213312],[-65.421594,-27.211767],[-65.42147,-27.211064],[-65.420979,-27.211048],[-65.42039,-27.210175],[-65.419547,-27.210274],[-65.418783,-27.210365],[-65.41786,-27.210668],[-65.417151,-27.210886],[-65.416953,-27.210982],[-65.416691,-27.211053],[-65.416425,-27.209645],[-65.416407,-27.209551],[-65.416088,-27.207864],[-65.415768,-27.206172],[-65.415593,-27.205243],[-65.41555,-27.205018],[-65.415658,-27.204999],[-65.416313,-27.204885],[-65.415898,-27.203594],[-65.415311,-27.203699],[-65.415362,-27.204024],[-65.412447,-27.204455],[-65.412017,-27.202241],[-65.411754,-27.200942],[-65.411752,-27.20084],[-65.411687,-27.200247],[-65.410608,-27.194163],[-65.410596,-27.194064],[-65.410239,-27.192379],[-65.41006,-27.19165],[-65.409978,-27.191307],[-65.409928,-27.191093],[-65.409842,-27.190743],[-65.409747,-27.190364],[-65.40965,-27.189981],[-65.409171,-27.188117],[-65.408946,-27.187246],[-65.408472,-27.185432],[-65.411832,-27.185958],[-65.414929,-27.183208],[-65.41459,-27.17469],[-65.420868,-27.170809],[-65.42816,-27.169816],[-65.428171,-27.169815],[-65.435079,-27.173886],[-65.441719,-27.178137],[-65.447805,-27.177311],[-65.450634,-27.176927],[-65.452962,-27.175081],[-65.456291,-27.171737],[-65.460344,-27.170008],[-65.461824,-27.168281],[-65.46223,-27.163654],[-65.463221,-27.161546],[-65.467961,-27.158297],[-65.469675,-27.155454],[-65.471488,-27.153768],[-65.47338,-27.154372],[-65.474218,-27.156129],[-65.474056,-27.157563],[-65.472668,-27.158773],[-65.470968,-27.160221],[-65.470694,-27.161555],[-65.471936,-27.162755],[-65.473918,-27.163161],[-65.476527,-27.162792],[-65.479229,-27.161547],[-65.482643,-27.160762],[-65.487586,-27.158858],[-65.49019,-27.154604],[-65.496464,-27.151957],[-65.499719,-27.147672],[-65.503217,-27.147685],[-65.504078,-27.148961],[-65.504329,-27.153271],[-65.505673,-27.155308],[-65.50925,-27.156658],[-65.511238,-27.158225],[-65.513847,-27.157686],[-65.518551,-27.154393],[-65.520472,-27.152078],[-65.522431,-27.153171],[-65.522127,-27.156178],[-65.524261,-27.158588],[-65.525165,-27.15847],[-65.531663,-27.155192],[-65.535275,-27.155933],[-65.535297,-27.156163],[-65.535361,-27.156859],[-65.535437,-27.1578],[-65.535508,-27.158706],[-65.535657,-27.160357],[-65.535705,-27.160841],[-65.535796,-27.161694],[-65.535847,-27.1623],[-65.535856,-27.162539],[-65.535879,-27.163112],[-65.535887,-27.163749],[-65.535444,-27.163757],[-65.535162,-27.163765],[-65.534345,-27.163794],[-65.532898,-27.163841],[-65.532781,-27.163885],[-65.532266,-27.163903],[-65.532244,-27.164465],[-65.53223,-27.164827],[-65.532218,-27.165136],[-65.5323,-27.165298],[-65.532297,-27.166059],[-65.532284,-27.167157],[-65.532291,-27.168372],[-65.532291,-27.168475],[-65.532284,-27.169219],[-65.532281,-27.169757],[-65.532282,-27.170094],[-65.532283,-27.170518],[-65.532287,-27.171083],[-65.53229,-27.171488],[-65.532291,-27.172308],[-65.532276,-27.173139],[-65.532267,-27.174495],[-65.532264,-27.174652],[-65.532267,-27.175699],[-65.53226,-27.177049],[-65.53219,-27.177356],[-65.530849,-27.177451],[-65.529206,-27.178209],[-65.527176,-27.17876],[-65.524457,-27.178773],[-65.524929,-27.1815],[-65.528298,-27.181426],[-65.528366,-27.181748],[-65.528843,-27.183683],[-65.529003,-27.184399],[-65.529338,-27.185926],[-65.529818,-27.187995],[-65.530342,-27.190222],[-65.530947,-27.190088],[-65.531503,-27.19224],[-65.531508,-27.192459],[-65.531525,-27.19254],[-65.530425,-27.192706],[-65.53097,-27.194787],[-65.531034,-27.194973],[-65.528398,-27.195905],[-65.524202,-27.195234],[-65.523589,-27.196718],[-65.523681,-27.198578],[-65.5209,-27.199882],[-65.519537,-27.199534],[-65.519038,-27.199407],[-65.518724,-27.199234],[-65.5176,-27.197261],[-65.516917,-27.197344],[-65.517134,-27.19652],[-65.519221,-27.194768],[-65.519887,-27.191841],[-65.519533,-27.189384],[-65.517123,-27.188163],[-65.514858,-27.188723],[-65.513431,-27.190506],[-65.511783,-27.191834],[-65.51088,-27.191718],[-65.50901,-27.191691]]],[[[-65.519038,-27.199407],[-65.518786,-27.199343],[-65.518724,-27.199234],[-65.519038,-27.199407]]]]}},{"type":"Feature","properties":{"name":"COMISARIA RIO SECO","regional":"URO","color":"#9C27B0"},"geometry":{"type":"Polygon","coordinates":[[[-65.637527,-27.230554],[-65.62686,-27.235193],[-65.626029,-27.237146],[-65.62594,-27.238431],[-65.625353,-27.238984],[-65.624307,-27.238415],[-65.623648,-27.238784],[-65.623003,-27.238564],[-65.622721,-27.238955],[-65.623518,-27.240435],[-65.624324,-27.240023],[-65.624762,-27.240166],[-65.624761,-27.240482],[-65.623834,-27.240816],[-65.623503,-27.241403],[-65.62226,-27.241324],[-65.621967,-27.241541],[-65.621965,-27.242031],[-65.621391,-27.242671],[-65.62034,-27.243365],[-65.619023,-27.243677],[-65.618655,-27.244525],[-65.61834,-27.245794],[-65.616547,-27.24642],[-65.616204,-27.246942],[-65.615288,-27.247462],[-65.614897,-27.247918],[-65.61419,-27.248003],[-65.614017,-27.24859],[-65.613309,-27.248904],[-65.612482,-27.248564],[-65.612285,-27.249064],[-65.611334,-27.249214],[-65.610955,-27.249746],[-65.610288,-27.251155],[-65.609417,-27.252742],[-65.607489,-27.253509],[-65.605731,-27.254277],[-65.604656,-27.255156],[-65.603931,-27.255877],[-65.604232,-27.256978],[-65.60406,-27.257228],[-65.60306,-27.257464],[-65.602911,-27.258291],[-65.602628,-27.259041],[-65.602089,-27.259282],[-65.601103,-27.259072],[-65.600385,-27.2587],[-65.599871,-27.259395],[-65.599635,-27.260549],[-65.598977,-27.260612],[-65.597649,-27.260434],[-65.594725,-27.262369],[-65.593808,-27.263117],[-65.593049,-27.264051],[-65.592294,-27.265091],[-65.591163,-27.265561],[-65.590186,-27.266169],[-65.589738,-27.266675],[-65.589676,-27.267294],[-65.5889,-27.268398],[-65.588556,-27.269207],[-65.588149,-27.270558],[-65.588006,-27.271299],[-65.587312,-27.271597],[-65.586572,-27.272028],[-65.586235,-27.272324],[-65.585357,-27.272653],[-65.584492,-27.273228],[-65.583575,-27.274192],[-65.583108,-27.274923],[-65.583037,-27.275354],[-65.583187,-27.275996],[-65.582845,-27.276407],[-65.582507,-27.277035],[-65.582088,-27.277351],[-65.580991,-27.277697],[-65.580777,-27.277869],[-65.58024,-27.277957],[-65.580059,-27.278119],[-65.579001,-27.278163],[-65.578441,-27.277926],[-65.578172,-27.277623],[-65.577679,-27.277497],[-65.576891,-27.278016],[-65.575833,-27.278116],[-65.575637,-27.278513],[-65.574968,-27.278736],[-65.574932,-27.278577],[-65.574034,-27.278868],[-65.573241,-27.279315],[-65.572227,-27.279506],[-65.571207,-27.280159],[-65.570619,-27.280705],[-65.569779,-27.280997],[-65.569109,-27.281061],[-65.568614,-27.280967],[-65.568041,-27.281023],[-65.567371,-27.28092],[-65.566666,-27.280949],[-65.56575,-27.280783],[-65.565146,-27.281099],[-65.564276,-27.281253],[-65.563734,-27.281603],[-65.562988,-27.281755],[-65.5622,-27.28181],[-65.560291,-27.282416],[-65.558685,-27.282872],[-65.557336,-27.283339],[-65.556168,-27.283797],[-65.554802,-27.283976],[-65.552156,-27.28417],[-65.548148,-27.284661],[-65.545593,-27.285103],[-65.544245,-27.285199],[-65.543252,-27.285465],[-65.54272,-27.285402],[-65.54092,-27.285036],[-65.5393,-27.284466],[-65.538309,-27.283948],[-65.537811,-27.283155],[-65.537904,-27.282705],[-65.537428,-27.281777],[-65.537343,-27.281236],[-65.537372,-27.280487],[-65.537112,-27.279606],[-65.537157,-27.27936],[-65.536368,-27.277352],[-65.53541,-27.276526],[-65.534672,-27.276009],[-65.53369,-27.27575],[-65.533069,-27.27577],[-65.532464,-27.275937],[-65.532107,-27.276157],[-65.531709,-27.276667],[-65.531278,-27.276983],[-65.530579,-27.277695],[-65.530195,-27.278309],[-65.529856,-27.279298],[-65.526078,-27.264733],[-65.532265,-27.263354],[-65.538596,-27.261811],[-65.546505,-27.260136],[-65.548967,-27.26443],[-65.549794,-27.264314],[-65.549961,-27.26488],[-65.552583,-27.264307],[-65.552093,-27.262986],[-65.554932,-27.261768],[-65.554512,-27.260775],[-65.555614,-27.260227],[-65.55596,-27.260369],[-65.563835,-27.258148],[-65.565077,-27.257765],[-65.572207,-27.255651],[-65.582149,-27.252889],[-65.58967,-27.249868],[-65.592646,-27.24673],[-65.593942,-27.245784],[-65.594471,-27.245725],[-65.595,-27.245487],[-65.595419,-27.245129],[-65.59635,-27.244953],[-65.596866,-27.244355],[-65.597492,-27.244277],[-65.597967,-27.243984],[-65.599062,-27.243675],[-65.599488,-27.243357],[-65.600977,-27.243428],[-65.60199,-27.243218],[-65.603629,-27.241817],[-65.604023,-27.241851],[-65.604576,-27.241533],[-65.605924,-27.241477],[-65.60655,-27.241332],[-65.607609,-27.240837],[-65.60863,-27.240217],[-65.609343,-27.239594],[-65.609412,-27.239301],[-65.60999,-27.23911],[-65.610797,-27.238565],[-65.611073,-27.238565],[-65.612951,-27.237422],[-65.61294,-27.237121],[-65.613795,-27.236737],[-65.615215,-27.235979],[-65.616716,-27.23471],[-65.618437,-27.23405],[-65.619735,-27.233946],[-65.620706,-27.234453],[-65.622127,-27.233673],[-65.622454,-27.232837],[-65.623213,-27.232259],[-65.624739,-27.232156],[-65.625445,-27.231393],[-65.626201,-27.231546],[-65.627585,-27.231109],[-65.627815,-27.230498],[-65.629476,-27.229579],[-65.632383,-27.229866],[-65.637527,-27.230554]]]}},{"type":"Feature","properties":{"name":"COMISARIA SANTA LUCIA","regional":"URO","color":"#9C27B0"},"geometry":{"type":"Polygon","coordinates":[[[-65.561628,-26.966413],[-65.563385,-26.965051],[-65.565787,-26.965153],[-65.56635,-26.967618],[-65.568317,-26.969691],[-65.569541,-26.96988],[-65.57066,-26.971209],[-65.572649,-26.971763],[-65.573394,-26.970544],[-65.575632,-26.970988],[-65.576129,-26.970212],[-65.578615,-26.96844],[-65.612068,-26.960619],[-65.60884,-26.963069],[-65.608011,-26.965397],[-65.605247,-26.966267],[-65.602698,-26.968285],[-65.603415,-26.969219],[-65.605755,-26.96962],[-65.60441,-26.970924],[-65.600602,-26.972598],[-65.597788,-26.974255],[-65.595463,-26.975198],[-65.596518,-26.976724],[-65.595853,-26.97821],[-65.59645,-26.979143],[-65.595787,-26.979643],[-65.59435,-26.978743],[-65.592489,-26.978702],[-65.59164,-26.975384],[-65.590116,-26.976347],[-65.588967,-26.97862],[-65.587301,-26.979816],[-65.587116,-26.981141],[-65.585132,-26.981888],[-65.582986,-26.980648],[-65.581043,-26.981],[-65.577836,-26.982263],[-65.577313,-26.98305],[-65.577942,-26.986278],[-65.577215,-26.987817],[-65.577651,-26.988997],[-65.576588,-26.98955],[-65.576604,-26.990571],[-65.578848,-26.990076],[-65.578238,-26.992404],[-65.577537,-26.992599],[-65.577492,-26.993907],[-65.575693,-26.993436],[-65.575563,-26.995873],[-65.574163,-26.995617],[-65.573637,-26.997175],[-65.572414,-26.997619],[-65.57263,-26.998892],[-65.573869,-26.999344],[-65.575876,-26.997934],[-65.576294,-26.998653],[-65.575567,-27.000281],[-65.576665,-27.000743],[-65.57711,-26.999454],[-65.578004,-27.001374],[-65.576818,-27.002715],[-65.577857,-27.003274],[-65.575909,-27.004737],[-65.575886,-27.005544],[-65.574427,-27.005109],[-65.5736,-27.00663],[-65.575279,-27.007388],[-65.575116,-27.008158],[-65.573156,-27.007704],[-65.573032,-27.008707],[-65.574984,-27.010625],[-65.57298,-27.011102],[-65.572676,-27.012284],[-65.570732,-27.012816],[-65.569633,-27.01215],[-65.569646,-27.014157],[-65.570746,-27.014286],[-65.571421,-27.0159],[-65.573238,-27.016999],[-65.572936,-27.017697],[-65.573546,-27.020201],[-65.572366,-27.019785],[-65.570481,-27.020694],[-65.570358,-27.021464],[-65.572839,-27.021902],[-65.573832,-27.023965],[-65.573463,-27.026169],[-65.572325,-27.025466],[-65.570599,-27.026536],[-65.571153,-27.028169],[-65.569858,-27.030919],[-65.570528,-27.033681],[-65.569962,-27.034987],[-65.570792,-27.037965],[-65.570181,-27.040717],[-65.571464,-27.040416],[-65.571698,-27.042155],[-65.570193,-27.042795],[-65.571358,-27.045354],[-65.568596,-27.047595],[-65.568126,-27.050786],[-65.568784,-27.052395],[-65.567734,-27.05384],[-65.568028,-27.056569],[-65.566281,-27.060876],[-65.566291,-27.063639],[-65.565118,-27.064651],[-65.564174,-27.068942],[-65.564254,-27.072118],[-65.564014,-27.074966],[-65.560595,-27.08462],[-65.554621,-27.091228],[-65.551683,-27.095761],[-65.547196,-27.100704],[-65.544647,-27.103206],[-65.540475,-27.104727],[-65.535659,-27.109226],[-65.530105,-27.11104],[-65.523127,-27.112411],[-65.521007,-27.113261],[-65.519681,-27.116086],[-65.517004,-27.118881],[-65.51553,-27.119633],[-65.515592,-27.120889],[-65.517723,-27.12249],[-65.518427,-27.124545],[-65.517395,-27.126215],[-65.516374,-27.126992],[-65.515639,-27.125333],[-65.514471,-27.123982],[-65.504787,-27.108646],[-65.497154,-27.096313],[-65.487857,-27.080261],[-65.487041,-27.079742],[-65.486742,-27.078173],[-65.484682,-27.075682],[-65.48498,-27.073766],[-65.48388,-27.071789],[-65.480515,-27.070103],[-65.480017,-27.067645],[-65.481872,-27.066838],[-65.499775,-27.057622],[-65.501265,-27.056649],[-65.514828,-27.043991],[-65.520919,-27.03889],[-65.521336,-27.038317],[-65.532493,-27.026273],[-65.533763,-27.024994],[-65.539383,-27.022102],[-65.54093,-27.020654],[-65.542782,-27.019887],[-65.542819,-27.016814],[-65.543677,-27.015216],[-65.544792,-27.015011],[-65.545339,-27.012661],[-65.546279,-27.012299],[-65.549275,-27.012062],[-65.548901,-27.010739],[-65.546925,-27.010467],[-65.546359,-27.009089],[-65.54478,-27.008693],[-65.547294,-27.005576],[-65.546121,-27.004337],[-65.547563,-27.002587],[-65.545812,-27.001467],[-65.546338,-26.999839],[-65.548195,-26.997571],[-65.548375,-26.995031],[-65.54946,-26.995118],[-65.550575,-26.993177],[-65.550607,-26.991373],[-65.549907,-26.989729],[-65.55121,-26.989133],[-65.550074,-26.987516],[-65.550817,-26.986877],[-65.549596,-26.986291],[-65.550311,-26.984584],[-65.55011,-26.98275],[-65.5511,-26.983632],[-65.552445,-26.982871],[-65.551834,-26.982165],[-65.553672,-26.981367],[-65.552921,-26.980848],[-65.554255,-26.980626],[-65.553928,-26.978702],[-65.554881,-26.978683],[-65.554936,-26.977315],[-65.556095,-26.976676],[-65.556256,-26.975405],[-65.558354,-26.974727],[-65.559077,-26.975293],[-65.559455,-26.973752],[-65.558302,-26.973451],[-65.558783,-26.972811],[-65.557862,-26.971439],[-65.558555,-26.971013],[-65.557777,-26.969904],[-65.55905,-26.968544],[-65.559595,-26.966902],[-65.561628,-26.966413]]]}},{"type":"Feature","properties":{"name":"COMISARIA SARGENTO MOYA","regional":"URO","color":"#9C27B0"},"geometry":{"type":"Polygon","coordinates":[[[-65.96542,-27.045172],[-65.967383,-27.047339],[-65.966315,-27.050451],[-65.966543,-27.052311],[-65.968497,-27.053828],[-65.973137,-27.053779],[-65.931322,-27.087541],[-65.92666,-27.092204],[-65.922899,-27.095658],[-65.918298,-27.097688],[-65.901666,-27.100221],[-65.897752,-27.101834],[-65.893915,-27.10481],[-65.890688,-27.108254],[-65.888422,-27.111203],[-65.88405,-27.110984],[-65.880655,-27.112281],[-65.87198,-27.117146],[-65.868608,-27.116954],[-65.861139,-27.118201],[-65.828553,-27.136965],[-65.827639,-27.136165],[-65.824953,-27.136059],[-65.823074,-27.136891],[-65.82208,-27.138576],[-65.820976,-27.138966],[-65.820086,-27.141432],[-65.818207,-27.144313],[-65.818422,-27.147266],[-65.817303,-27.149943],[-65.816343,-27.150067],[-65.815488,-27.151298],[-65.814715,-27.15097],[-65.812821,-27.153255],[-65.812396,-27.155205],[-65.808403,-27.15588],[-65.805899,-27.156731],[-65.804733,-27.156417],[-65.802323,-27.157588],[-65.800182,-27.159131],[-65.799153,-27.161594],[-65.800443,-27.162095],[-65.799932,-27.163564],[-65.798357,-27.16325],[-65.797563,-27.164087],[-65.797954,-27.166406],[-65.797145,-27.168648],[-65.798972,-27.169531],[-65.798967,-27.170815],[-65.799947,-27.172601],[-65.798556,-27.174401],[-65.798219,-27.176932],[-65.797078,-27.178386],[-65.797745,-27.179278],[-65.798591,-27.178688],[-65.798744,-27.179918],[-65.800063,-27.180868],[-65.798382,-27.181985],[-65.798452,-27.183657],[-65.79769,-27.184863],[-65.797756,-27.186384],[-65.7968,-27.188434],[-65.797622,-27.190546],[-65.795144,-27.191921],[-65.797264,-27.194152],[-65.795947,-27.195068],[-65.794269,-27.194456],[-65.792306,-27.195179],[-65.789909,-27.193972],[-65.78817,-27.194868],[-65.78573,-27.194533],[-65.783472,-27.196172],[-65.78256,-27.195352],[-65.780258,-27.194601],[-65.778919,-27.193653],[-65.778366,-27.195263],[-65.77673,-27.194783],[-65.775064,-27.195393],[-65.773327,-27.196689],[-65.771173,-27.198967],[-65.769027,-27.199846],[-65.766814,-27.199709],[-65.764961,-27.201453],[-65.761714,-27.20188],[-65.759399,-27.200822],[-65.757427,-27.200449],[-65.754605,-27.200677],[-65.751264,-27.19851],[-65.748697,-27.197431],[-65.747727,-27.197607],[-65.74584,-27.196482],[-65.743791,-27.196059],[-65.742738,-27.196393],[-65.741337,-27.197908],[-65.738998,-27.197346],[-65.736934,-27.197287],[-65.736012,-27.198177],[-65.731368,-27.197991],[-65.728988,-27.198821],[-65.724169,-27.197988],[-65.722192,-27.196723],[-65.719011,-27.199535],[-65.716453,-27.198924],[-65.714555,-27.199165],[-65.712845,-27.199917],[-65.709434,-27.198979],[-65.70583,-27.199615],[-65.704181,-27.201068],[-65.701613,-27.200826],[-65.696916,-27.201564],[-65.694769,-27.204022],[-65.695017,-27.204866],[-65.69421,-27.207669],[-65.693004,-27.209428],[-65.691122,-27.211271],[-65.689576,-27.214011],[-65.689991,-27.218879],[-65.689794,-27.220421],[-65.688978,-27.221709],[-65.686554,-27.224171],[-65.683599,-27.226456],[-65.680019,-27.227385],[-65.677804,-27.229234],[-65.675586,-27.230461],[-65.67212,-27.231676],[-65.668238,-27.235196],[-65.663007,-27.23776],[-65.658984,-27.238904],[-65.655844,-27.239333],[-65.652797,-27.238549],[-65.649949,-27.240019],[-65.646759,-27.241207],[-65.642734,-27.241561],[-65.638804,-27.24325],[-65.635456,-27.246277],[-65.634032,-27.248853],[-65.633006,-27.249843],[-65.631182,-27.2502],[-65.626962,-27.252178],[-65.626044,-27.253422],[-65.624653,-27.253795],[-65.625232,-27.254941],[-65.622782,-27.253862],[-65.621058,-27.254432],[-65.61928,-27.256651],[-65.61712,-27.258243],[-65.614723,-27.257931],[-65.612425,-27.258422],[-65.610742,-27.260069],[-65.607786,-27.259719],[-65.604676,-27.263313],[-65.603607,-27.263382],[-65.601751,-27.264635],[-65.598936,-27.265161],[-65.595285,-27.264612],[-65.59287,-27.266532],[-65.590107,-27.266827],[-65.590186,-27.266169],[-65.592294,-27.265091],[-65.593808,-27.263117],[-65.597649,-27.260434],[-65.599635,-27.260549],[-65.600385,-27.2587],[-65.602628,-27.259041],[-65.60306,-27.257464],[-65.604232,-27.256978],[-65.603931,-27.255877],[-65.605731,-27.254277],[-65.609417,-27.252742],[-65.611334,-27.249214],[-65.613309,-27.248904],[-65.616547,-27.24642],[-65.61834,-27.245794],[-65.619023,-27.243677],[-65.621391,-27.242671],[-65.62226,-27.241324],[-65.623503,-27.241403],[-65.624761,-27.240482],[-65.623518,-27.240435],[-65.622721,-27.238955],[-65.624307,-27.238415],[-65.625353,-27.238984],[-65.62686,-27.235193],[-65.641946,-27.228632],[-65.642717,-27.228754],[-65.64863,-27.226502],[-65.655204,-27.225135],[-65.668349,-27.222702],[-65.697526,-27.18913],[-65.741353,-27.184508],[-65.788847,-27.183799],[-65.794502,-27.153723],[-65.826597,-27.126494],[-65.82803,-27.125641],[-65.955037,-27.030621],[-65.956696,-27.032105],[-65.960371,-27.033303],[-65.964082,-27.032958],[-65.965318,-27.033949],[-65.964488,-27.040237],[-65.96542,-27.045172]]]}},{"type":"Feature","properties":{"name":"COMISARIA TENIENTE BERDINA","regional":"URO","color":"#9C27B0"},"geometry":{"type":"MultiPolygon","coordinates":[[[[-65.54881,-26.97129],[-65.549859,-26.968697],[-65.55075,-26.96745],[-65.55256,-26.966009],[-65.553785,-26.965412],[-65.555135,-26.964039],[-65.556059,-26.963541],[-65.558028,-26.963469],[-65.558206,-26.963194],[-65.560207,-26.963956],[-65.562661,-26.964282],[-65.562738,-26.965106],[-65.561661,-26.966077],[-65.559449,-26.966822],[-65.55883,-26.968396],[-65.557665,-26.969498],[-65.558555,-26.971013],[-65.557862,-26.971439],[-65.558783,-26.972811],[-65.558302,-26.973451],[-65.559455,-26.973752],[-65.559495,-26.974882],[-65.559077,-26.975293],[-65.558354,-26.974727],[-65.557045,-26.974937],[-65.556256,-26.975405],[-65.556095,-26.976676],[-65.554936,-26.977315],[-65.554881,-26.978683],[-65.553928,-26.978702],[-65.554255,-26.980626],[-65.552921,-26.980848],[-65.553672,-26.981367],[-65.553071,-26.982091],[-65.551834,-26.982165],[-65.552445,-26.982871],[-65.5511,-26.983632],[-65.55072,-26.982546],[-65.55011,-26.98275],[-65.550311,-26.984584],[-65.549596,-26.986291],[-65.5505,-26.986319],[-65.550817,-26.986877],[-65.550074,-26.987516],[-65.550685,-26.987852],[-65.550646,-26.988744],[-65.55121,-26.989133],[-65.550224,-26.98925],[-65.549907,-26.989729],[-65.550607,-26.991373],[-65.550575,-26.993177],[-65.550001,-26.993859],[-65.549114,-26.993888],[-65.550011,-26.994394],[-65.54946,-26.995118],[-65.548375,-26.995031],[-65.548195,-26.997571],[-65.546338,-26.999839],[-65.545812,-27.001467],[-65.546954,-27.001862],[-65.547563,-27.002587],[-65.546121,-27.004337],[-65.547082,-27.004805],[-65.547294,-27.005576],[-65.54478,-27.008693],[-65.545261,-27.0093],[-65.546359,-27.009089],[-65.546925,-27.010467],[-65.548901,-27.010739],[-65.549275,-27.012062],[-65.546279,-27.012299],[-65.545339,-27.012661],[-65.544792,-27.015011],[-65.543677,-27.015216],[-65.542819,-27.016814],[-65.542782,-27.019887],[-65.54093,-27.020654],[-65.539383,-27.022102],[-65.533763,-27.024994],[-65.532493,-27.026273],[-65.521336,-27.038317],[-65.520919,-27.03889],[-65.514828,-27.043991],[-65.505116,-27.05311],[-65.501265,-27.056649],[-65.499775,-27.057622],[-65.490957,-27.062186],[-65.481872,-27.066838],[-65.480017,-27.067645],[-65.479665,-27.065154],[-65.478236,-27.062332],[-65.477475,-27.061887],[-65.476683,-27.060632],[-65.477076,-27.05945],[-65.476786,-27.058163],[-65.47749,-27.056837],[-65.477445,-27.054914],[-65.478129,-27.053826],[-65.478538,-27.052127],[-65.478197,-27.049661],[-65.477879,-27.049273],[-65.477945,-27.046867],[-65.4786,-27.043638],[-65.480408,-27.042369],[-65.48116,-27.040673],[-65.48348,-27.038846],[-65.484347,-27.037559],[-65.48374,-27.036548],[-65.483713,-27.035349],[-65.483162,-27.033719],[-65.483982,-27.032662],[-65.485516,-27.031748],[-65.485668,-27.030589],[-65.487395,-27.029025],[-65.48671,-27.027887],[-65.488739,-27.027073],[-65.489002,-27.026434],[-65.489207,-27.024353],[-65.493019,-27.024392],[-65.493385,-27.023028],[-65.494853,-27.020427],[-65.495206,-27.017539],[-65.493841,-27.017295],[-65.496937,-27.006643],[-65.490237,-27.001596],[-65.491785,-26.998013],[-65.497488,-26.992386],[-65.513326,-26.986357],[-65.515717,-26.981092],[-65.518967,-26.978576],[-65.521279,-26.97537],[-65.523358,-26.969449],[-65.526431,-26.967494],[-65.527279,-26.964501],[-65.535076,-26.956602],[-65.541385,-26.955],[-65.544364,-26.958848],[-65.545398,-26.961378],[-65.547942,-26.960918],[-65.549811,-26.955027],[-65.55287,-26.956191],[-65.553745,-26.95504],[-65.552113,-26.953943],[-65.552854,-26.951511],[-65.55456,-26.951641],[-65.555662,-26.954547],[-65.561554,-26.952724],[-65.561436,-26.947014],[-65.560261,-26.94492],[-65.560796,-26.941676],[-65.563768,-26.938129],[-65.56693,-26.930712],[-65.566693,-26.929058],[-65.571279,-26.922083],[-65.572723,-26.917594],[-65.576081,-26.913329],[-65.576052,-26.911707],[-65.582153,-26.908886],[-65.585086,-26.906336],[-65.585537,-26.906711],[-65.584147,-26.925054],[-65.585712,-26.925527],[-65.587552,-26.926967],[-65.588901,-26.929249],[-65.594979,-26.933042],[-65.596361,-26.935885],[-65.593996,-26.935255],[-65.593192,-26.936344],[-65.591692,-26.937026],[-65.589779,-26.936709],[-65.587589,-26.935829],[-65.58634,-26.934671],[-65.585019,-26.93423],[-65.582335,-26.935127],[-65.580865,-26.937276],[-65.582036,-26.940742],[-65.581129,-26.94127],[-65.579037,-26.941982],[-65.578926,-26.943729],[-65.578046,-26.946347],[-65.577867,-26.947594],[-65.577376,-26.948591],[-65.577614,-26.950183],[-65.577366,-26.951212],[-65.576739,-26.951335],[-65.576214,-26.952114],[-65.575238,-26.952454],[-65.573116,-26.952042],[-65.571892,-26.953224],[-65.570951,-26.953564],[-65.570391,-26.954436],[-65.568682,-26.955117],[-65.566695,-26.955735],[-65.56499,-26.955543],[-65.564709,-26.955979],[-65.561952,-26.957686],[-65.560856,-26.957558],[-65.556149,-26.959088],[-65.550962,-26.963221],[-65.544898,-26.969005],[-65.54881,-26.97129]]],[[[-65.494487,-27.02495],[-65.494536,-27.024959],[-65.494535,-27.02496],[-65.494487,-27.02495]]],[[[-65.492766,-27.024563],[-65.492852,-27.024547],[-65.492768,-27.024563],[-65.492766,-27.024563]]]]}},{"type":"Feature","properties":{"name":"COMISARIA VILLA QUINTEROS","regional":"URO","color":"#9C27B0"},"geometry":{"type":"MultiPolygon","coordinates":[[[[-65.641956,-27.228634],[-65.641946,-27.228632],[-65.637527,-27.230554],[-65.632383,-27.229866],[-65.629476,-27.229579],[-65.627815,-27.230498],[-65.627585,-27.231109],[-65.626201,-27.231546],[-65.625445,-27.231393],[-65.624739,-27.232156],[-65.623213,-27.232259],[-65.622454,-27.232837],[-65.622127,-27.233673],[-65.620706,-27.234453],[-65.619735,-27.233946],[-65.618437,-27.23405],[-65.616716,-27.23471],[-65.615215,-27.235979],[-65.613795,-27.236737],[-65.61294,-27.237121],[-65.612951,-27.237422],[-65.611073,-27.238565],[-65.610797,-27.238565],[-65.60999,-27.23911],[-65.609412,-27.239301],[-65.609343,-27.239594],[-65.60863,-27.240217],[-65.607609,-27.240837],[-65.60655,-27.241332],[-65.605924,-27.241477],[-65.605037,-27.241534],[-65.604576,-27.241533],[-65.604023,-27.241851],[-65.603629,-27.241817],[-65.602561,-27.242712],[-65.60199,-27.243218],[-65.600977,-27.243428],[-65.599488,-27.243357],[-65.599062,-27.243675],[-65.597967,-27.243984],[-65.597492,-27.244277],[-65.596866,-27.244355],[-65.59635,-27.244953],[-65.595739,-27.24513],[-65.595419,-27.245129],[-65.595,-27.245487],[-65.594471,-27.245725],[-65.593942,-27.245784],[-65.592646,-27.24673],[-65.58967,-27.249868],[-65.582149,-27.252889],[-65.577371,-27.254216],[-65.575732,-27.254671],[-65.572207,-27.255651],[-65.566514,-27.257339],[-65.565077,-27.257765],[-65.563835,-27.258148],[-65.55596,-27.260369],[-65.555614,-27.260227],[-65.554512,-27.260775],[-65.554932,-27.261768],[-65.552093,-27.262986],[-65.552583,-27.264307],[-65.549961,-27.26488],[-65.549794,-27.264314],[-65.548967,-27.26443],[-65.546505,-27.260136],[-65.538596,-27.261811],[-65.537885,-27.261989],[-65.537463,-27.262083],[-65.533675,-27.263001],[-65.533188,-27.263126],[-65.532265,-27.263354],[-65.530424,-27.263765],[-65.516095,-27.251968],[-65.515863,-27.251068],[-65.515854,-27.251021],[-65.533584,-27.247872],[-65.539135,-27.246904],[-65.536571,-27.242335],[-65.534182,-27.237992],[-65.532861,-27.235364],[-65.532189,-27.232292],[-65.535188,-27.23177],[-65.535786,-27.231663],[-65.539443,-27.230938],[-65.541027,-27.23062],[-65.543096,-27.230205],[-65.542989,-27.229571],[-65.544565,-27.229159],[-65.544887,-27.230964],[-65.546989,-27.230468],[-65.547063,-27.230691],[-65.549092,-27.230319],[-65.549794,-27.233692],[-65.552007,-27.233262],[-65.551882,-27.232654],[-65.554628,-27.232206],[-65.554039,-27.22967],[-65.554105,-27.229381],[-65.553803,-27.227898],[-65.555907,-27.227825],[-65.556075,-27.228024],[-65.560811,-27.228378],[-65.562821,-27.238707],[-65.566066,-27.238499],[-65.565263,-27.231377],[-65.56718,-27.231163],[-65.567678,-27.231079],[-65.572384,-27.230416],[-65.572474,-27.2304],[-65.571541,-27.226257],[-65.583613,-27.224481],[-65.589671,-27.223631],[-65.595227,-27.222852],[-65.59538,-27.223391],[-65.601318,-27.220732],[-65.600092,-27.21842],[-65.599596,-27.217188],[-65.601244,-27.216757],[-65.604379,-27.21559],[-65.606594,-27.216157],[-65.613112,-27.213111],[-65.615253,-27.213117],[-65.617261,-27.21189],[-65.622219,-27.210144],[-65.622415,-27.210114],[-65.623038,-27.211723],[-65.624299,-27.213244],[-65.628803,-27.215888],[-65.641956,-27.228634]]],[[[-65.77731,-27.066164],[-65.77718,-27.065694],[-65.777392,-27.065715],[-65.777383,-27.065745],[-65.777375,-27.065778],[-65.777367,-27.065811],[-65.777361,-27.065843],[-65.777355,-27.065875],[-65.777351,-27.065906],[-65.777346,-27.065937],[-65.777342,-27.065969],[-65.777337,-27.066],[-65.777333,-27.066031],[-65.777328,-27.066062],[-65.777323,-27.066094],[-65.777317,-27.066126],[-65.777311,-27.066159],[-65.77731,-27.066164]]]]}},{"type":"Feature","properties":{"name":"COMISARIA DE AGUILARES","regional":"URS","color":"#F44336"},"geometry":{"type":"Polygon","coordinates":[[[-65.599363,-27.416281],[-65.599232,-27.410987],[-65.601776,-27.411038],[-65.603059,-27.410008],[-65.613759,-27.409106],[-65.612896,-27.405751],[-65.612934,-27.403637],[-65.621268,-27.401447],[-65.629768,-27.399524],[-65.628814,-27.395274],[-65.635436,-27.394982],[-65.635982,-27.397522],[-65.638464,-27.396284],[-65.638853,-27.397694],[-65.641418,-27.397878],[-65.644447,-27.397046],[-65.660914,-27.390748],[-65.663399,-27.390645],[-65.665048,-27.397559],[-65.662769,-27.39795],[-65.667998,-27.409294],[-65.669444,-27.416852],[-65.668009,-27.417063],[-65.668855,-27.421656],[-65.667217,-27.422368],[-65.669045,-27.422798],[-65.668524,-27.424809],[-65.665989,-27.424664],[-65.661766,-27.422897],[-65.661904,-27.424186],[-65.660639,-27.425044],[-65.65591,-27.425382],[-65.657109,-27.431458],[-65.653748,-27.432213],[-65.650356,-27.433684],[-65.653236,-27.447656],[-65.654377,-27.447392],[-65.655517,-27.453262],[-65.65375,-27.454337],[-65.653535,-27.456582],[-65.651885,-27.45679],[-65.649932,-27.455585],[-65.648482,-27.455948],[-65.646187,-27.457576],[-65.642422,-27.461609],[-65.639415,-27.463181],[-65.635038,-27.46284],[-65.633161,-27.465101],[-65.634612,-27.468174],[-65.63352,-27.4699],[-65.630267,-27.472725],[-65.62917,-27.472319],[-65.628423,-27.470237],[-65.627284,-27.469221],[-65.624702,-27.47017],[-65.622311,-27.470045],[-65.62133,-27.471252],[-65.622782,-27.473512],[-65.622774,-27.475357],[-65.618645,-27.475132],[-65.615393,-27.47656],[-65.613573,-27.476816],[-65.612558,-27.478221],[-65.613467,-27.479269],[-65.615471,-27.479222],[-65.617065,-27.478029],[-65.617809,-27.478816],[-65.614911,-27.480102],[-65.61553,-27.483273],[-65.613608,-27.485066],[-65.611944,-27.485466],[-65.610057,-27.483953],[-65.608964,-27.483933],[-65.607025,-27.486134],[-65.603008,-27.487576],[-65.600649,-27.491727],[-65.598975,-27.492188],[-65.596185,-27.488058],[-65.592194,-27.489109],[-65.58938,-27.488166],[-65.586062,-27.487693],[-65.585315,-27.486698],[-65.584927,-27.481569],[-65.58376,-27.4808],[-65.582329,-27.481137],[-65.580475,-27.482674],[-65.578268,-27.482428],[-65.579196,-27.479913],[-65.577866,-27.476912],[-65.576316,-27.476281],[-65.574683,-27.477078],[-65.575347,-27.478105],[-65.574452,-27.48076],[-65.572691,-27.48208],[-65.571386,-27.481873],[-65.56975,-27.480284],[-65.567351,-27.480074],[-65.565399,-27.481809],[-65.565169,-27.485116],[-65.564107,-27.486389],[-65.561887,-27.485642],[-65.56388,-27.483315],[-65.563343,-27.480608],[-65.562284,-27.479391],[-65.559656,-27.478275],[-65.559149,-27.479757],[-65.556587,-27.481446],[-65.555943,-27.482999],[-65.556639,-27.484084],[-65.556547,-27.486117],[-65.554576,-27.487544],[-65.552093,-27.487844],[-65.548718,-27.486446],[-65.545915,-27.485833],[-65.544331,-27.486188],[-65.541936,-27.490515],[-65.539102,-27.49064],[-65.538376,-27.48937],[-65.538419,-27.48745],[-65.539746,-27.484779],[-65.538999,-27.481162],[-65.536466,-27.480334],[-65.534683,-27.483893],[-65.532809,-27.485405],[-65.530578,-27.483744],[-65.532074,-27.478336],[-65.530884,-27.475608],[-65.528303,-27.475113],[-65.526972,-27.477232],[-65.5222,-27.479588],[-65.518888,-27.478159],[-65.516725,-27.47515],[-65.514033,-27.474326],[-65.512935,-27.471989],[-65.513093,-27.47056],[-65.512141,-27.469832],[-65.510505,-27.472901],[-65.508808,-27.474464],[-65.50805,-27.476254],[-65.505,-27.477545],[-65.499569,-27.477383],[-65.495917,-27.475613],[-65.494731,-27.473609],[-65.496282,-27.472666],[-65.498482,-27.47432],[-65.499605,-27.472515],[-65.499531,-27.471304],[-65.501939,-27.471599],[-65.502872,-27.469913],[-65.505204,-27.469444],[-65.504736,-27.468489],[-65.506617,-27.467635],[-65.508427,-27.467912],[-65.512819,-27.463671],[-65.514032,-27.460905],[-65.513751,-27.459618],[-65.514877,-27.45845],[-65.517038,-27.458495],[-65.520385,-27.457166],[-65.522063,-27.455501],[-65.522319,-27.453655],[-65.523551,-27.453159],[-65.523312,-27.454715],[-65.524972,-27.455446],[-65.525005,-27.454133],[-65.526667,-27.454507],[-65.527412,-27.453295],[-65.529418,-27.453958],[-65.528292,-27.448949],[-65.527644,-27.448614],[-65.526628,-27.443416],[-65.543012,-27.441592],[-65.547328,-27.440527],[-65.549842,-27.43949],[-65.548753,-27.43031],[-65.550256,-27.427942],[-65.551965,-27.426689],[-65.554654,-27.422973],[-65.557531,-27.421645],[-65.56445,-27.421858],[-65.569833,-27.421096],[-65.574866,-27.420965],[-65.577359,-27.421524],[-65.5767,-27.419785],[-65.577138,-27.418577],[-65.579603,-27.417931],[-65.583199,-27.419118],[-65.585227,-27.418695],[-65.585372,-27.413848],[-65.584939,-27.409234],[-65.583674,-27.404526],[-65.582017,-27.400652],[-65.579978,-27.397416],[-65.583506,-27.396143],[-65.586608,-27.395463],[-65.587966,-27.400843],[-65.590232,-27.400844],[-65.591246,-27.404527],[-65.593543,-27.404078],[-65.596508,-27.416307],[-65.599363,-27.416281]]]}},{"type":"Feature","properties":{"name":"COMISARIA ARCADIA","regional":"URS","color":"#F44336"},"geometry":{"type":"Polygon","coordinates":[[[-65.622272,-27.330084],[-65.618649,-27.330007],[-65.613863,-27.327346],[-65.606691,-27.326979],[-65.590786,-27.332046],[-65.584457,-27.331012],[-65.578047,-27.333658],[-65.560564,-27.33636],[-65.55568,-27.342387],[-65.561086,-27.347262],[-65.560935,-27.350754],[-65.558732,-27.352694],[-65.546286,-27.351545],[-65.541143,-27.353271],[-65.540932,-27.360544],[-65.538683,-27.363395],[-65.528933,-27.360842],[-65.522948,-27.363465],[-65.525254,-27.369685],[-65.523617,-27.372702],[-65.518249,-27.372862],[-65.511466,-27.368233],[-65.504354,-27.36887],[-65.495376,-27.374341],[-65.485454,-27.37622],[-65.479452,-27.38278],[-65.474247,-27.375112],[-65.469473,-27.355554],[-65.464549,-27.336915],[-65.461127,-27.327141],[-65.462482,-27.325073],[-65.469837,-27.323631],[-65.468018,-27.319709],[-65.464209,-27.303319],[-65.465916,-27.300952],[-65.472786,-27.298425],[-65.477533,-27.298328],[-65.481891,-27.301334],[-65.48265,-27.298935],[-65.486151,-27.297516],[-65.492799,-27.298196],[-65.494014,-27.292699],[-65.499132,-27.293391],[-65.502052,-27.296803],[-65.506883,-27.295117],[-65.510223,-27.291611],[-65.509386,-27.288699],[-65.5122,-27.289169],[-65.517315,-27.292437],[-65.518291,-27.287917],[-65.524141,-27.289496],[-65.528105,-27.287853],[-65.530195,-27.278309],[-65.532107,-27.276157],[-65.536368,-27.277352],[-65.538309,-27.283948],[-65.543132,-27.285467],[-65.556168,-27.283797],[-65.565634,-27.2808],[-65.569779,-27.280997],[-65.578172,-27.277623],[-65.582088,-27.277351],[-65.583533,-27.274088],[-65.588006,-27.271299],[-65.590283,-27.266732],[-65.595523,-27.264559],[-65.598936,-27.265161],[-65.604676,-27.263313],[-65.607786,-27.259719],[-65.61712,-27.258243],[-65.621058,-27.254432],[-65.633006,-27.249843],[-65.638804,-27.24325],[-65.646759,-27.241207],[-65.652797,-27.238549],[-65.655844,-27.239333],[-65.663007,-27.23776],[-65.668238,-27.235196],[-65.67212,-27.231676],[-65.680019,-27.227385],[-65.683599,-27.226456],[-65.688978,-27.221709],[-65.689576,-27.214011],[-65.694448,-27.20724],[-65.696916,-27.201564],[-65.704181,-27.201068],[-65.709434,-27.198979],[-65.712845,-27.199917],[-65.719011,-27.199535],[-65.722192,-27.196723],[-65.728988,-27.198821],[-65.741337,-27.197908],[-65.743791,-27.196059],[-65.751264,-27.19851],[-65.754605,-27.200677],[-65.761714,-27.20188],[-65.771173,-27.198967],[-65.773327,-27.196689],[-65.778919,-27.193653],[-65.783472,-27.196172],[-65.789909,-27.193972],[-65.792306,-27.195179],[-65.797264,-27.194152],[-65.795144,-27.191921],[-65.797622,-27.190546],[-65.7968,-27.188434],[-65.799882,-27.181137],[-65.797078,-27.178386],[-65.799947,-27.172601],[-65.797145,-27.168648],[-65.797563,-27.164087],[-65.799932,-27.163564],[-65.800182,-27.159131],[-65.804733,-27.156417],[-65.812396,-27.155205],[-65.814715,-27.15097],[-65.817303,-27.149943],[-65.818138,-27.14439],[-65.820976,-27.138966],[-65.824953,-27.136059],[-65.828553,-27.136965],[-65.861139,-27.118201],[-65.87198,-27.117146],[-65.88405,-27.110984],[-65.888422,-27.111203],[-65.893915,-27.10481],[-65.901666,-27.100221],[-65.918298,-27.097688],[-65.922899,-27.095658],[-65.931322,-27.087541],[-65.973193,-27.053779],[-65.975504,-27.056645],[-65.971194,-27.06777],[-65.970983,-27.070658],[-65.975343,-27.076634],[-65.974546,-27.079934],[-65.97757,-27.086847],[-65.985594,-27.096687],[-65.994762,-27.098353],[-66.000078,-27.103373],[-65.995876,-27.105534],[-65.991338,-27.105612],[-65.978548,-27.113541],[-65.971824,-27.109955],[-65.965406,-27.112871],[-65.963899,-27.116528],[-65.95771,-27.121194],[-65.951776,-27.128748],[-65.941307,-27.146337],[-65.93555,-27.151196],[-65.930334,-27.15231],[-65.928833,-27.154949],[-65.923909,-27.157618],[-65.91885,-27.158945],[-65.917209,-27.163879],[-65.90968,-27.164423],[-65.906755,-27.163376],[-65.901773,-27.170339],[-65.898343,-27.172455],[-65.893969,-27.173343],[-65.892119,-27.171987],[-65.880786,-27.172262],[-65.877299,-27.170348],[-65.862187,-27.168325],[-65.853444,-27.170711],[-65.843348,-27.171153],[-65.840704,-27.173059],[-65.838305,-27.178344],[-65.834867,-27.177767],[-65.828365,-27.182949],[-65.829645,-27.193856],[-65.829416,-27.199062],[-65.827704,-27.19979],[-65.825131,-27.205349],[-65.826422,-27.211179],[-65.830437,-27.21818],[-65.828264,-27.223653],[-65.82057,-27.23762],[-65.819703,-27.244206],[-65.814996,-27.250809],[-65.814246,-27.256222],[-65.80773,-27.259405],[-65.803532,-27.26025],[-65.791758,-27.258271],[-65.775662,-27.261346],[-65.74178,-27.264532],[-65.712993,-27.266325],[-65.705053,-27.273962],[-65.702666,-27.285802],[-65.699798,-27.292186],[-65.696982,-27.306837],[-65.694164,-27.313044],[-65.688189,-27.314716],[-65.673114,-27.317007],[-65.669436,-27.321797],[-65.658837,-27.327463],[-65.653223,-27.325852],[-65.649626,-27.327274],[-65.637962,-27.327046],[-65.628518,-27.328063],[-65.622272,-27.330084]]]}},{"type":"Feature","properties":{"name":"COMISARIA SECCIONAL PRIMERA DE CONCEPCION","regional":"URS","color":"#F44336"},"geometry":{"type":"Polygon","coordinates":[[[-65.582108,-27.331982],[-65.584457,-27.331012],[-65.587817,-27.331855],[-65.590786,-27.332046],[-65.603423,-27.327821],[-65.606691,-27.326979],[-65.609986,-27.327716],[-65.609993,-27.327718],[-65.610569,-27.327662],[-65.613863,-27.327346],[-65.615437,-27.328221],[-65.618387,-27.329862],[-65.618649,-27.330007],[-65.622272,-27.330084],[-65.628518,-27.328063],[-65.633905,-27.327863],[-65.637962,-27.327046],[-65.649626,-27.327274],[-65.649915,-27.32716],[-65.650067,-27.3271],[-65.653223,-27.325852],[-65.658837,-27.327463],[-65.664408,-27.324829],[-65.669436,-27.321797],[-65.674942,-27.342272],[-65.674937,-27.342273],[-65.675509,-27.344505],[-65.674958,-27.344911],[-65.674482,-27.345045],[-65.674161,-27.345009],[-65.674045,-27.34484],[-65.673924,-27.344748],[-65.673622,-27.344774],[-65.673101,-27.344989],[-65.672945,-27.345467],[-65.67273,-27.345726],[-65.669451,-27.348154],[-65.664287,-27.348927],[-65.658113,-27.34906],[-65.651623,-27.351014],[-65.646815,-27.352573],[-65.643414,-27.352061],[-65.641835,-27.350886],[-65.640802,-27.351273],[-65.640187,-27.351996],[-65.638532,-27.352214],[-65.637998,-27.35216],[-65.637599,-27.352281],[-65.637219,-27.352418],[-65.63682,-27.352687],[-65.636448,-27.353493],[-65.635794,-27.354307],[-65.634567,-27.354868],[-65.633933,-27.355327],[-65.633243,-27.355498],[-65.632446,-27.355288],[-65.63093,-27.355119],[-65.630366,-27.355118],[-65.629677,-27.354708],[-65.629338,-27.354394],[-65.628784,-27.354254],[-65.627669,-27.353366],[-65.6273,-27.353278],[-65.627232,-27.353165],[-65.626542,-27.353085],[-65.626329,-27.352911],[-65.626125,-27.352927],[-65.625814,-27.352805],[-65.625775,-27.352935],[-65.625289,-27.352882],[-65.624831,-27.353098],[-65.624025,-27.352991],[-65.623743,-27.353008],[-65.6235,-27.352886],[-65.622936,-27.352988],[-65.622226,-27.352934],[-65.621625,-27.352464],[-65.621353,-27.352541],[-65.621157,-27.35281],[-65.620962,-27.353009],[-65.620573,-27.352991],[-65.620514,-27.353355],[-65.620348,-27.353476],[-65.620115,-27.353475],[-65.619638,-27.353648],[-65.619092,-27.354054],[-65.61875,-27.354487],[-65.618351,-27.354573],[-65.618127,-27.354772],[-65.617786,-27.354893],[-65.617367,-27.355178],[-65.617056,-27.355229],[-65.616383,-27.355826],[-65.614279,-27.357027],[-65.613549,-27.357225],[-65.612253,-27.358159],[-65.611396,-27.358651],[-65.610996,-27.359076],[-65.610508,-27.359369],[-65.609318,-27.360607],[-65.608909,-27.360762],[-65.608733,-27.361135],[-65.608071,-27.361368],[-65.606774,-27.362284],[-65.606151,-27.362682],[-65.603541,-27.363794],[-65.600681,-27.364359],[-65.598627,-27.364996],[-65.598081,-27.365402],[-65.59775,-27.36541],[-65.59739,-27.365617],[-65.594181,-27.365521],[-65.593462,-27.365562],[-65.592975,-27.365665],[-65.592372,-27.365906],[-65.592119,-27.365975],[-65.591584,-27.366043],[-65.591086,-27.36638],[-65.590283,-27.366724],[-65.590196,-27.36678],[-65.588646,-27.361327],[-65.587549,-27.358919],[-65.587262,-27.358489],[-65.586021,-27.355715],[-65.583732,-27.350554],[-65.58328,-27.349265],[-65.58314,-27.348105],[-65.583193,-27.34673],[-65.583487,-27.345379],[-65.584075,-27.34246],[-65.58415,-27.341558],[-65.584082,-27.340635],[-65.583703,-27.338916],[-65.582108,-27.331982]]]}},{"type":"Feature","properties":{"name":"COMISARIA SECCIONAL SEGUNDA DE CONCEPCION","regional":"URS","color":"#F44336"},"geometry":{"type":"Polygon","coordinates":[[[-65.590197,-27.36678],[-65.589738,-27.367077],[-65.58756,-27.367955],[-65.58666,-27.368104],[-65.586022,-27.368324],[-65.585185,-27.368434],[-65.584859,-27.368585],[-65.584383,-27.36861],[-65.583793,-27.368842],[-65.582445,-27.369229],[-65.581788,-27.369374],[-65.580152,-27.370229],[-65.579158,-27.370608],[-65.579009,-27.371458],[-65.578459,-27.373123],[-65.578242,-27.373774],[-65.578133,-27.374476],[-65.577574,-27.375703],[-65.577187,-27.376492],[-65.576795,-27.377207],[-65.576422,-27.378104],[-65.57637,-27.378963],[-65.576076,-27.38072],[-65.574443,-27.383085],[-65.574062,-27.383627],[-65.574375,-27.384552],[-65.573944,-27.385263],[-65.572189,-27.386416],[-65.57213,-27.38652],[-65.569828,-27.383301],[-65.566608,-27.37876],[-65.564055,-27.375132],[-65.561727,-27.371821],[-65.561244,-27.371138],[-65.560736,-27.370495],[-65.55943,-27.368536],[-65.557446,-27.365595],[-65.554917,-27.36295],[-65.548388,-27.357858],[-65.546846,-27.356707],[-65.545634,-27.355751],[-65.545264,-27.355437],[-65.544871,-27.355051],[-65.544143,-27.354325],[-65.543601,-27.353614],[-65.543203,-27.352958],[-65.54469,-27.352026],[-65.546286,-27.351545],[-65.547996,-27.351794],[-65.54979,-27.351973],[-65.5498,-27.351979],[-65.550668,-27.352084],[-65.55441,-27.352331],[-65.557861,-27.352621],[-65.558732,-27.352694],[-65.558789,-27.35264],[-65.560935,-27.350754],[-65.561086,-27.347262],[-65.560623,-27.346686],[-65.560405,-27.346416],[-65.560185,-27.346142],[-65.556765,-27.344443],[-65.55568,-27.342387],[-65.560564,-27.33636],[-65.56212,-27.336123],[-65.562121,-27.33612],[-65.564469,-27.3357],[-65.567153,-27.335569],[-65.572949,-27.334719],[-65.578047,-27.333658],[-65.578866,-27.33332],[-65.582106,-27.331982],[-65.582299,-27.33282],[-65.582382,-27.33318],[-65.582445,-27.333453],[-65.582555,-27.333926],[-65.58265,-27.334347],[-65.582739,-27.33473],[-65.582833,-27.335137],[-65.582867,-27.335287],[-65.582937,-27.335599],[-65.582983,-27.335793],[-65.58306,-27.336127],[-65.583093,-27.336271],[-65.583162,-27.336574],[-65.583196,-27.336716],[-65.583287,-27.337104],[-65.583462,-27.337877],[-65.583688,-27.338884],[-65.584079,-27.340643],[-65.584146,-27.341552],[-65.584068,-27.342453],[-65.583612,-27.344756],[-65.583187,-27.346734],[-65.583132,-27.348108],[-65.583213,-27.348747],[-65.583281,-27.349276],[-65.583719,-27.350514],[-65.584847,-27.353073],[-65.585471,-27.354475],[-65.586021,-27.355715],[-65.587263,-27.358491],[-65.587547,-27.358921],[-65.588692,-27.361417],[-65.589784,-27.365339],[-65.590197,-27.36678]]]}},{"type":"Feature","properties":{"name":"COMISARIA DE ALPACHIRI","regional":"URS","color":"#F44336"},"geometry":{"type":"Polygon","coordinates":[[[-65.644252,-27.351926],[-65.649465,-27.352095],[-65.65731,-27.349825],[-65.667692,-27.348684],[-65.675521,-27.344474],[-65.669397,-27.320937],[-65.673114,-27.317007],[-65.688189,-27.314716],[-65.694164,-27.313044],[-65.696982,-27.306837],[-65.699798,-27.292186],[-65.702666,-27.285802],[-65.705053,-27.273962],[-65.712993,-27.266325],[-65.74178,-27.264532],[-65.775662,-27.261346],[-65.791758,-27.258271],[-65.803532,-27.26025],[-65.80773,-27.259405],[-65.814246,-27.256222],[-65.814996,-27.250809],[-65.819703,-27.244206],[-65.82057,-27.23762],[-65.828264,-27.223653],[-65.830069,-27.218446],[-65.826613,-27.216002],[-65.824404,-27.204093],[-65.829159,-27.18984],[-65.828967,-27.184268],[-65.834612,-27.178986],[-65.836897,-27.178947],[-65.840566,-27.17591],[-65.84265,-27.171986],[-65.854468,-27.171119],[-65.860202,-27.168782],[-65.865469,-27.169723],[-65.877299,-27.170348],[-65.880554,-27.172148],[-65.892542,-27.172219],[-65.895833,-27.172996],[-65.901739,-27.170856],[-65.906908,-27.163239],[-65.91051,-27.164666],[-65.916677,-27.164236],[-65.91859,-27.158896],[-65.923909,-27.157618],[-65.928833,-27.154949],[-65.930334,-27.15231],[-65.93555,-27.151196],[-65.941307,-27.146337],[-65.951776,-27.128748],[-65.95771,-27.121194],[-65.963899,-27.116528],[-65.965406,-27.112871],[-65.971824,-27.109955],[-65.978548,-27.113541],[-65.991338,-27.105612],[-65.995876,-27.105534],[-66.000078,-27.103373],[-66.006463,-27.109368],[-66.017519,-27.113692],[-66.020614,-27.117677],[-66.023006,-27.123092],[-66.030305,-27.123533],[-66.033267,-27.125868],[-66.037795,-27.127061],[-66.039597,-27.132668],[-66.051765,-27.140862],[-66.052727,-27.143235],[-66.05927,-27.143028],[-66.069576,-27.148395],[-66.067899,-27.157096],[-66.07427,-27.166055],[-66.075508,-27.176469],[-66.076979,-27.180086],[-66.083607,-27.182836],[-66.086117,-27.187316],[-66.091682,-27.190401],[-66.098096,-27.203595],[-66.101935,-27.207223],[-66.114739,-27.210998],[-66.122793,-27.210554],[-66.135631,-27.223554],[-66.138221,-27.227062],[-66.138364,-27.234459],[-66.150414,-27.238568],[-66.15321,-27.253952],[-66.148653,-27.260014],[-66.137689,-27.266859],[-66.13024,-27.266866],[-66.127422,-27.268128],[-66.12169,-27.273708],[-66.11394,-27.275693],[-66.109812,-27.275876],[-66.104881,-27.277858],[-66.099445,-27.278401],[-66.086692,-27.282374],[-66.080713,-27.286649],[-66.07365,-27.289479],[-66.059586,-27.293332],[-66.052766,-27.294231],[-66.051794,-27.295919],[-66.04628,-27.295192],[-66.043191,-27.296557],[-66.039532,-27.295842],[-66.030813,-27.29818],[-66.029906,-27.297812],[-66.024036,-27.301409],[-66.005576,-27.302504],[-66.001259,-27.304589],[-65.99675,-27.30972],[-65.993762,-27.311228],[-65.990255,-27.316136],[-65.987423,-27.317392],[-65.984344,-27.32148],[-65.976789,-27.324584],[-65.973861,-27.32748],[-65.973129,-27.330456],[-65.972022,-27.343669],[-65.966975,-27.35455],[-65.968137,-27.367894],[-65.966692,-27.37268],[-65.965795,-27.381392],[-65.966688,-27.38446],[-65.966345,-27.390227],[-65.967779,-27.399078],[-65.966046,-27.398745],[-65.960476,-27.401999],[-65.95759,-27.401459],[-65.958106,-27.399526],[-65.953855,-27.398117],[-65.947771,-27.397898],[-65.943587,-27.401934],[-65.940951,-27.401027],[-65.938604,-27.40354],[-65.937153,-27.401708],[-65.934133,-27.403038],[-65.93185,-27.400141],[-65.935267,-27.393335],[-65.932277,-27.392295],[-65.927159,-27.388688],[-65.930435,-27.385845],[-65.929485,-27.382944],[-65.92244,-27.384285],[-65.920006,-27.383094],[-65.916126,-27.377191],[-65.913511,-27.377405],[-65.91018,-27.373522],[-65.90946,-27.374556],[-65.902656,-27.369847],[-65.90055,-27.367225],[-65.896108,-27.371167],[-65.891906,-27.367338],[-65.888728,-27.370075],[-65.886217,-27.370231],[-65.878223,-27.367807],[-65.875537,-27.370198],[-65.872071,-27.370986],[-65.869552,-27.369585],[-65.863298,-27.369367],[-65.860855,-27.368247],[-65.855234,-27.362039],[-65.843466,-27.361854],[-65.837107,-27.364309],[-65.831937,-27.362286],[-65.824867,-27.361958],[-65.816747,-27.358401],[-65.811903,-27.357016],[-65.805579,-27.358319],[-65.79723,-27.355454],[-65.794441,-27.355352],[-65.790057,-27.357829],[-65.779876,-27.35901],[-65.775777,-27.357219],[-65.767226,-27.360355],[-65.762627,-27.358358],[-65.758002,-27.358461],[-65.753532,-27.35664],[-65.748672,-27.359679],[-65.743395,-27.359205],[-65.738355,-27.356524],[-65.732978,-27.356405],[-65.729873,-27.355314],[-65.723718,-27.355745],[-65.714233,-27.359931],[-65.708257,-27.366669],[-65.69979,-27.36825],[-65.694731,-27.372626],[-65.686709,-27.376366],[-65.68541,-27.378589],[-65.679559,-27.38116],[-65.675428,-27.388508],[-65.669965,-27.392548],[-65.668548,-27.395542],[-65.665061,-27.397569],[-65.663422,-27.390541],[-65.658644,-27.386786],[-65.652526,-27.386264],[-65.64649,-27.363233],[-65.646956,-27.363056],[-65.644252,-27.351926]]]}},{"type":"Feature","properties":{"name":"COMISARIA LA TRINIDAD","regional":"URS","color":"#F44336"},"geometry":{"type":"Polygon","coordinates":[[[-65.53096,-27.408344],[-65.532735,-27.415845],[-65.531675,-27.41865],[-65.529117,-27.418785],[-65.528777,-27.417427],[-65.52668,-27.417826],[-65.526422,-27.41701],[-65.523178,-27.417656],[-65.525243,-27.426473],[-65.526798,-27.427849],[-65.528796,-27.431837],[-65.53113,-27.433094],[-65.53232,-27.433131],[-65.534411,-27.442666],[-65.526659,-27.443519],[-65.527741,-27.4488],[-65.528289,-27.448837],[-65.52935,-27.453915],[-65.526645,-27.454446],[-65.524991,-27.454052],[-65.524571,-27.45551],[-65.523429,-27.454752],[-65.524212,-27.454015],[-65.523605,-27.453088],[-65.522254,-27.453642],[-65.52204,-27.455368],[-65.520256,-27.457174],[-65.516982,-27.458443],[-65.514857,-27.458361],[-65.513628,-27.459788],[-65.514044,-27.460834],[-65.512993,-27.463511],[-65.512075,-27.463909],[-65.50839,-27.467956],[-65.507018,-27.468427],[-65.506617,-27.467635],[-65.504736,-27.468489],[-65.505204,-27.469444],[-65.503823,-27.470358],[-65.502797,-27.469963],[-65.501999,-27.47155],[-65.499531,-27.471304],[-65.498888,-27.474217],[-65.496336,-27.472655],[-65.49461,-27.473885],[-65.49571,-27.474862],[-65.493933,-27.477619],[-65.49163,-27.479739],[-65.489,-27.480122],[-65.485998,-27.478927],[-65.484326,-27.479885],[-65.484837,-27.481597],[-65.487406,-27.482255],[-65.48812,-27.48299],[-65.487029,-27.484662],[-65.485128,-27.484656],[-65.480634,-27.480767],[-65.479524,-27.480199],[-65.477326,-27.480889],[-65.478221,-27.482924],[-65.480798,-27.483398],[-65.483091,-27.485048],[-65.482002,-27.486948],[-65.479924,-27.486952],[-65.476605,-27.486275],[-65.475014,-27.487354],[-65.471688,-27.490639],[-65.470898,-27.49088],[-65.468638,-27.489797],[-65.467512,-27.486896],[-65.465519,-27.484778],[-65.464271,-27.484595],[-65.462675,-27.485447],[-65.461904,-27.486737],[-65.462172,-27.488083],[-65.460688,-27.489073],[-65.460081,-27.485548],[-65.458521,-27.484378],[-65.455638,-27.486297],[-65.454433,-27.48641],[-65.451134,-27.485157],[-65.448707,-27.486828],[-65.448938,-27.489097],[-65.446658,-27.489116],[-65.444223,-27.486646],[-65.443182,-27.487667],[-65.444829,-27.488981],[-65.444909,-27.490934],[-65.444071,-27.492489],[-65.440733,-27.492914],[-65.438153,-27.491455],[-65.437002,-27.49141],[-65.436034,-27.492416],[-65.435992,-27.494507],[-65.433871,-27.496167],[-65.431437,-27.495322],[-65.42897,-27.494987],[-65.427554,-27.493216],[-65.424838,-27.492173],[-65.423569,-27.493099],[-65.422998,-27.495668],[-65.424944,-27.497589],[-65.423153,-27.498591],[-65.420371,-27.497674],[-65.418551,-27.498659],[-65.417325,-27.498504],[-65.413707,-27.494148],[-65.411571,-27.494231],[-65.409914,-27.495216],[-65.409142,-27.497973],[-65.407102,-27.498971],[-65.406861,-27.499884],[-65.407596,-27.50204],[-65.405032,-27.50323],[-65.402541,-27.502143],[-65.40002,-27.501795],[-65.397591,-27.503367],[-65.393543,-27.501],[-65.391095,-27.500637],[-65.389521,-27.499195],[-65.388996,-27.495865],[-65.383646,-27.496876],[-65.380906,-27.497065],[-65.378069,-27.498336],[-65.375691,-27.500349],[-65.372262,-27.497412],[-65.366804,-27.498507],[-65.361347,-27.497534],[-65.359104,-27.487772],[-65.359823,-27.487339],[-65.353783,-27.460325],[-65.379064,-27.4541],[-65.380352,-27.453121],[-65.373309,-27.425311],[-65.37479,-27.428681],[-65.376591,-27.429166],[-65.37936,-27.428541],[-65.381504,-27.42958],[-65.381255,-27.432004],[-65.381548,-27.434474],[-65.38362,-27.435937],[-65.386579,-27.435928],[-65.38937,-27.434417],[-65.390982,-27.434428],[-65.392029,-27.431814],[-65.390272,-27.429594],[-65.388172,-27.428011],[-65.387484,-27.426138],[-65.388602,-27.424417],[-65.390796,-27.424312],[-65.393881,-27.424942],[-65.396137,-27.426073],[-65.399367,-27.426825],[-65.40552,-27.425354],[-65.407637,-27.423417],[-65.409001,-27.41992],[-65.410733,-27.417819],[-65.413886,-27.415919],[-65.416393,-27.415731],[-65.418133,-27.416363],[-65.419318,-27.417627],[-65.421685,-27.417878],[-65.423721,-27.416021],[-65.423723,-27.413332],[-65.422627,-27.411364],[-65.42215,-27.409028],[-65.422555,-27.407601],[-65.423788,-27.406693],[-65.425205,-27.406825],[-65.430054,-27.409376],[-65.43329,-27.409611],[-65.435995,-27.409439],[-65.438307,-27.40801],[-65.440465,-27.405484],[-65.442712,-27.403773],[-65.442272,-27.402259],[-65.44541,-27.399261],[-65.445512,-27.397852],[-65.444326,-27.395981],[-65.446594,-27.39482],[-65.449483,-27.394627],[-65.455717,-27.395348],[-65.459424,-27.394584],[-65.461425,-27.39384],[-65.463009,-27.39407],[-65.468641,-27.3969],[-65.470614,-27.396815],[-65.473213,-27.391011],[-65.477852,-27.387114],[-65.47949,-27.382846],[-65.485491,-27.376243],[-65.495399,-27.374395],[-65.504379,-27.368869],[-65.510994,-27.368284],[-65.513588,-27.378911],[-65.514592,-27.382171],[-65.519525,-27.400806],[-65.520835,-27.401691],[-65.521809,-27.400825],[-65.529456,-27.406308],[-65.53096,-27.408344]]]}},{"type":"Feature","properties":{"name":"COMISARIA LOS SARMIENTO","regional":"URS","color":"#F44336"},"geometry":{"type":"Polygon","coordinates":[[[-65.869798,-27.487021],[-65.866798,-27.486022],[-65.865134,-27.48365],[-65.866106,-27.48253],[-65.865255,-27.479375],[-65.862973,-27.475428],[-65.864184,-27.472678],[-65.862587,-27.46644],[-65.863816,-27.465331],[-65.86301,-27.462876],[-65.863918,-27.459726],[-65.862128,-27.45672],[-65.857056,-27.455181],[-65.854555,-27.453376],[-65.854209,-27.45109],[-65.850591,-27.448891],[-65.850811,-27.444965],[-65.848571,-27.443985],[-65.850298,-27.442579],[-65.851173,-27.43963],[-65.847639,-27.438961],[-65.844905,-27.435518],[-65.843192,-27.43786],[-65.838081,-27.436089],[-65.834784,-27.436123],[-65.834204,-27.433545],[-65.830556,-27.433498],[-65.827871,-27.4318],[-65.828019,-27.428743],[-65.826762,-27.426875],[-65.823405,-27.426545],[-65.823356,-27.421398],[-65.822361,-27.417668],[-65.823393,-27.414989],[-65.817141,-27.407825],[-65.812713,-27.406488],[-65.808107,-27.406579],[-65.804287,-27.403791],[-65.802259,-27.400667],[-65.800487,-27.400309],[-65.794018,-27.40193],[-65.789276,-27.404441],[-65.786429,-27.404452],[-65.784729,-27.401967],[-65.782536,-27.400988],[-65.777612,-27.403165],[-65.774448,-27.407618],[-65.773641,-27.410487],[-65.775111,-27.413754],[-65.774914,-27.416147],[-65.770972,-27.418549],[-65.768516,-27.417904],[-65.761945,-27.41406],[-65.759183,-27.413771],[-65.75685,-27.415707],[-65.751559,-27.417221],[-65.74838,-27.416748],[-65.740291,-27.418977],[-65.738397,-27.422134],[-65.734802,-27.423928],[-65.732278,-27.430856],[-65.728963,-27.42937],[-65.724155,-27.428721],[-65.722412,-27.433495],[-65.716747,-27.433822],[-65.71728,-27.435669],[-65.712255,-27.439873],[-65.708377,-27.439463],[-65.706498,-27.445871],[-65.700484,-27.450393],[-65.697119,-27.449363],[-65.695639,-27.447657],[-65.693163,-27.44783],[-65.691974,-27.449841],[-65.68714,-27.453206],[-65.681595,-27.454805],[-65.675997,-27.457795],[-65.674349,-27.454885],[-65.669073,-27.453347],[-65.666921,-27.454462],[-65.655544,-27.453571],[-65.654377,-27.447392],[-65.653217,-27.447582],[-65.650428,-27.433753],[-65.657109,-27.431458],[-65.655955,-27.425464],[-65.661801,-27.424723],[-65.662067,-27.423003],[-65.666401,-27.425266],[-65.668573,-27.424897],[-65.669252,-27.422609],[-65.668009,-27.417063],[-65.669444,-27.416852],[-65.667998,-27.409294],[-65.662777,-27.39796],[-65.664669,-27.398055],[-65.668548,-27.395542],[-65.669965,-27.392548],[-65.67308,-27.39105],[-65.675428,-27.388508],[-65.679559,-27.38116],[-65.68541,-27.378589],[-65.686709,-27.376366],[-65.690015,-27.375448],[-65.694731,-27.372626],[-65.695801,-27.370844],[-65.69979,-27.36825],[-65.708257,-27.366669],[-65.714233,-27.359931],[-65.719415,-27.357092],[-65.723718,-27.355745],[-65.729873,-27.355314],[-65.732978,-27.356405],[-65.738354,-27.356529],[-65.74338,-27.359219],[-65.748585,-27.359696],[-65.75278,-27.356892],[-65.75807,-27.359502],[-65.766889,-27.361196],[-65.775675,-27.358562],[-65.780106,-27.359837],[-65.791768,-27.358473],[-65.79415,-27.356559],[-65.799636,-27.356734],[-65.803927,-27.3596],[-65.812298,-27.357575],[-65.828424,-27.363197],[-65.837337,-27.364519],[-65.845114,-27.362451],[-65.851972,-27.362666],[-65.858594,-27.366228],[-65.862199,-27.370112],[-65.867732,-27.369753],[-65.873262,-27.371476],[-65.877565,-27.368788],[-65.888032,-27.370803],[-65.891786,-27.368236],[-65.891874,-27.369951],[-65.895804,-27.371507],[-65.899468,-27.36792],[-65.909059,-27.375157],[-65.910866,-27.374322],[-65.912918,-27.377856],[-65.916257,-27.377635],[-65.919382,-27.382925],[-65.922535,-27.38448],[-65.929647,-27.383855],[-65.926621,-27.389036],[-65.931008,-27.391878],[-65.934573,-27.393167],[-65.932123,-27.396227],[-65.931454,-27.400451],[-65.934537,-27.403495],[-65.936871,-27.40211],[-65.938059,-27.40358],[-65.941537,-27.40142],[-65.943618,-27.402259],[-65.948128,-27.397875],[-65.957685,-27.399047],[-65.957956,-27.402109],[-65.960769,-27.402091],[-65.96761,-27.399443],[-65.969435,-27.403894],[-65.969726,-27.409814],[-65.966539,-27.417894],[-65.96441,-27.420015],[-65.96324,-27.423483],[-65.968518,-27.428468],[-65.968585,-27.430101],[-65.973316,-27.434513],[-65.9764,-27.439292],[-65.971149,-27.452167],[-65.971603,-27.455535],[-65.939244,-27.46116],[-65.936135,-27.459075],[-65.932678,-27.460622],[-65.931254,-27.46458],[-65.931317,-27.468642],[-65.929181,-27.474579],[-65.919371,-27.485774],[-65.914371,-27.493299],[-65.908641,-27.498558],[-65.902642,-27.499714],[-65.898084,-27.501505],[-65.896683,-27.50485],[-65.893245,-27.507172],[-65.892239,-27.506702],[-65.878788,-27.514623],[-65.87588,-27.515006],[-65.876965,-27.51017],[-65.873695,-27.508206],[-65.873378,-27.506369],[-65.878931,-27.502213],[-65.879652,-27.499041],[-65.873041,-27.499659],[-65.87161,-27.496875],[-65.868127,-27.495891],[-65.868532,-27.494024],[-65.860076,-27.492033],[-65.866113,-27.487666],[-65.869798,-27.487021]]]}},{"type":"Feature","properties":{"name":"COMISARIA MEDINAS","regional":"URS","color":"#F44336"},"geometry":{"type":"Polygon","coordinates":[[[-65.582737,-27.402744],[-65.583542,-27.404623],[-65.584728,-27.409077],[-65.585106,-27.411192],[-65.585266,-27.413803],[-65.585254,-27.417671],[-65.585243,-27.418139],[-65.585007,-27.418254],[-65.584686,-27.418427],[-65.582844,-27.4194],[-65.580171,-27.419118],[-65.578683,-27.417993],[-65.578526,-27.41776],[-65.577443,-27.417256],[-65.576269,-27.417067],[-65.575048,-27.417436],[-65.574483,-27.418025],[-65.574658,-27.419297],[-65.575017,-27.420259],[-65.574833,-27.420993],[-65.574306,-27.421688],[-65.573837,-27.421984],[-65.573535,-27.422167],[-65.572657,-27.422093],[-65.572304,-27.421737],[-65.571739,-27.420882],[-65.570928,-27.420281],[-65.570443,-27.420282],[-65.569218,-27.421225],[-65.568394,-27.421026],[-65.567926,-27.421161],[-65.567471,-27.42119],[-65.565766,-27.422379],[-65.563333,-27.421994],[-65.562302,-27.421921],[-65.559606,-27.421643],[-65.557056,-27.422036],[-65.553608,-27.424402],[-65.552504,-27.42514],[-65.551963,-27.426411],[-65.551448,-27.427462],[-65.550496,-27.429283],[-65.549222,-27.430327],[-65.549202,-27.430324],[-65.54908,-27.430591],[-65.549027,-27.430741],[-65.548955,-27.43082],[-65.549861,-27.439574],[-65.54823,-27.440265],[-65.547042,-27.440666],[-65.545788,-27.441004],[-65.544567,-27.441297],[-65.543003,-27.441662],[-65.541253,-27.441862],[-65.534419,-27.442582],[-65.533293,-27.437393],[-65.532646,-27.434569],[-65.532374,-27.433362],[-65.531416,-27.433461],[-65.530223,-27.43304],[-65.529239,-27.432694],[-65.528672,-27.432271],[-65.528092,-27.431855],[-65.527799,-27.431636],[-65.527532,-27.431391],[-65.526462,-27.430406],[-65.525459,-27.427054],[-65.525248,-27.426482],[-65.525243,-27.426473],[-65.524941,-27.425113],[-65.524603,-27.423725],[-65.524389,-27.422821],[-65.523499,-27.419051],[-65.523178,-27.417656],[-65.524106,-27.417491],[-65.526422,-27.41701],[-65.52668,-27.417826],[-65.527315,-27.417716],[-65.528653,-27.417463],[-65.528777,-27.417427],[-65.529117,-27.418785],[-65.531675,-27.41865],[-65.532735,-27.415845],[-65.532486,-27.414516],[-65.53096,-27.408344],[-65.530633,-27.407395],[-65.529456,-27.406308],[-65.523159,-27.401811],[-65.521809,-27.400825],[-65.520835,-27.401691],[-65.520692,-27.401116],[-65.520687,-27.401086],[-65.520651,-27.401086],[-65.520615,-27.401094],[-65.520499,-27.401097],[-65.520419,-27.401066],[-65.520392,-27.401046],[-65.520335,-27.401048],[-65.519525,-27.400806],[-65.519435,-27.400458],[-65.519373,-27.400214],[-65.519261,-27.399781],[-65.519154,-27.399361],[-65.519032,-27.398888],[-65.518899,-27.398368],[-65.518843,-27.398151],[-65.518763,-27.397857],[-65.518691,-27.397565],[-65.518603,-27.397235],[-65.51855,-27.396998],[-65.518474,-27.396737],[-65.518437,-27.396599],[-65.518393,-27.396437],[-65.518351,-27.39626],[-65.51833,-27.396177],[-65.518274,-27.395974],[-65.518219,-27.395764],[-65.518163,-27.395528],[-65.518113,-27.395347],[-65.51805,-27.395097],[-65.518003,-27.394914],[-65.517945,-27.394684],[-65.517893,-27.394486],[-65.517849,-27.394324],[-65.517804,-27.39412],[-65.517756,-27.393953],[-65.517686,-27.393648],[-65.517649,-27.393557],[-65.517609,-27.393432],[-65.517572,-27.393328],[-65.517521,-27.393218],[-65.517481,-27.393105],[-65.517445,-27.392972],[-65.517386,-27.392749],[-65.517356,-27.392635],[-65.517311,-27.392426],[-65.517259,-27.392257],[-65.517211,-27.392066],[-65.517189,-27.391983],[-65.517162,-27.39193],[-65.51714,-27.391879],[-65.517128,-27.391815],[-65.517124,-27.391753],[-65.517096,-27.391657],[-65.517063,-27.391544],[-65.517036,-27.391434],[-65.516995,-27.391275],[-65.516949,-27.391127],[-65.516864,-27.390783],[-65.516757,-27.390337],[-65.516688,-27.390059],[-65.516545,-27.389526],[-65.51647,-27.389217],[-65.516308,-27.388586],[-65.516134,-27.388007],[-65.516102,-27.387876],[-65.516043,-27.387618],[-65.515986,-27.387424],[-65.515853,-27.386907],[-65.515734,-27.386492],[-65.51561,-27.386005],[-65.515475,-27.385478],[-65.515317,-27.384894],[-65.515215,-27.3845],[-65.5151,-27.384064],[-65.515029,-27.38381],[-65.514874,-27.383243],[-65.51476,-27.382828],[-65.514714,-27.382642],[-65.514649,-27.382377],[-65.514592,-27.382171],[-65.514572,-27.382129],[-65.514532,-27.382071],[-65.514512,-27.382049],[-65.514408,-27.381959],[-65.513588,-27.378911],[-65.513014,-27.376558],[-65.510994,-27.368284],[-65.511454,-27.368244],[-65.518235,-27.372853],[-65.523609,-27.372686],[-65.525257,-27.369681],[-65.522954,-27.363458],[-65.528934,-27.360838],[-65.538683,-27.363395],[-65.540932,-27.360544],[-65.541143,-27.353271],[-65.542778,-27.352093],[-65.544954,-27.355085],[-65.548603,-27.358188],[-65.557073,-27.365163],[-65.561768,-27.371915],[-65.56556,-27.3774],[-65.580471,-27.398301],[-65.582054,-27.400758],[-65.582737,-27.402744]]]}},{"type":"Feature","properties":{"name":"COMISARIA SANTA ANA","regional":"URS","color":"#F44336"},"geometry":{"type":"Polygon","coordinates":[[[-65.614229,-27.518723],[-65.614238,-27.516219],[-65.620116,-27.482873],[-65.620332,-27.475063],[-65.623052,-27.474813],[-65.621331,-27.471262],[-65.622311,-27.470045],[-65.627284,-27.469221],[-65.629181,-27.472332],[-65.6303,-27.472711],[-65.63382,-27.47009],[-65.634612,-27.468174],[-65.633479,-27.465583],[-65.634992,-27.462874],[-65.640555,-27.462897],[-65.646187,-27.457576],[-65.64996,-27.455596],[-65.652308,-27.458529],[-65.654397,-27.457232],[-65.6533,-27.455218],[-65.655544,-27.453571],[-65.666921,-27.454462],[-65.669073,-27.453347],[-65.674349,-27.454885],[-65.675997,-27.457795],[-65.67842,-27.457168],[-65.681595,-27.454805],[-65.68714,-27.453206],[-65.691974,-27.449841],[-65.693163,-27.44783],[-65.695639,-27.447657],[-65.697119,-27.449363],[-65.700484,-27.450393],[-65.706498,-27.445871],[-65.708377,-27.439463],[-65.712255,-27.439873],[-65.71728,-27.435669],[-65.716747,-27.433822],[-65.722412,-27.433495],[-65.724155,-27.428721],[-65.728963,-27.42937],[-65.732278,-27.430856],[-65.734802,-27.423928],[-65.738397,-27.422134],[-65.740291,-27.418977],[-65.74838,-27.416748],[-65.751559,-27.417221],[-65.756866,-27.415717],[-65.759154,-27.413808],[-65.761925,-27.414083],[-65.768502,-27.417915],[-65.770973,-27.418556],[-65.774935,-27.416153],[-65.775128,-27.413721],[-65.773687,-27.410556],[-65.774463,-27.407659],[-65.776571,-27.405723],[-65.777614,-27.403194],[-65.782516,-27.400992],[-65.784652,-27.401947],[-65.786398,-27.404468],[-65.789247,-27.40444],[-65.794013,-27.401939],[-65.800491,-27.40032],[-65.802239,-27.400707],[-65.804261,-27.4038],[-65.808115,-27.406583],[-65.812737,-27.406509],[-65.817149,-27.407877],[-65.823371,-27.414997],[-65.822375,-27.41765],[-65.823312,-27.421378],[-65.823389,-27.426601],[-65.826786,-27.426916],[-65.82802,-27.428762],[-65.827877,-27.431759],[-65.830546,-27.433494],[-65.834224,-27.433582],[-65.834759,-27.436106],[-65.838076,-27.436103],[-65.843195,-27.43788],[-65.844859,-27.435534],[-65.84762,-27.438968],[-65.851112,-27.439634],[-65.850309,-27.442554],[-65.848612,-27.443995],[-65.850762,-27.44497],[-65.851634,-27.446845],[-65.851109,-27.449408],[-65.854239,-27.451062],[-65.85459,-27.453363],[-65.857897,-27.455606],[-65.862126,-27.456708],[-65.86161,-27.457489],[-65.863919,-27.459735],[-65.862984,-27.462892],[-65.863805,-27.46528],[-65.862574,-27.466465],[-65.864159,-27.470716],[-65.862959,-27.475425],[-65.865247,-27.479376],[-65.866097,-27.482524],[-65.865127,-27.483646],[-65.866803,-27.486026],[-65.869779,-27.487013],[-65.866111,-27.487657],[-65.860083,-27.492045],[-65.866446,-27.494024],[-65.868276,-27.49391],[-65.868108,-27.495881],[-65.871571,-27.496907],[-65.871663,-27.499633],[-65.879568,-27.49912],[-65.878913,-27.50214],[-65.875649,-27.503991],[-65.873245,-27.506383],[-65.873193,-27.508471],[-65.87577,-27.509103],[-65.87699,-27.510589],[-65.87552,-27.515137],[-65.780702,-27.532005],[-65.777304,-27.530864],[-65.776348,-27.532311],[-65.773649,-27.533101],[-65.768043,-27.529989],[-65.763586,-27.532099],[-65.763348,-27.530559],[-65.758547,-27.529826],[-65.759421,-27.527288],[-65.758545,-27.526637],[-65.756028,-27.529455],[-65.754767,-27.528306],[-65.751609,-27.528449],[-65.751257,-27.531284],[-65.749538,-27.532071],[-65.75035,-27.534097],[-65.748429,-27.536032],[-65.74914,-27.53881],[-65.743546,-27.539507],[-65.742702,-27.537943],[-65.739886,-27.538747],[-65.740289,-27.540334],[-65.736147,-27.539501],[-65.734825,-27.538393],[-65.730735,-27.540401],[-65.727885,-27.538931],[-65.726804,-27.541229],[-65.722578,-27.539311],[-65.723227,-27.537694],[-65.720672,-27.538104],[-65.71987,-27.537175],[-65.714933,-27.536876],[-65.712978,-27.534802],[-65.710404,-27.534529],[-65.707338,-27.536498],[-65.703475,-27.535914],[-65.699898,-27.537975],[-65.699065,-27.535352],[-65.6984,-27.536529],[-65.692324,-27.535211],[-65.691455,-27.533681],[-65.689409,-27.534348],[-65.689379,-27.53613],[-65.686978,-27.534645],[-65.683938,-27.535648],[-65.684106,-27.534349],[-65.68101,-27.533629],[-65.679106,-27.531481],[-65.67682,-27.532281],[-65.673591,-27.529354],[-65.673313,-27.527033],[-65.670874,-27.52498],[-65.668242,-27.524736],[-65.666779,-27.521995],[-65.662516,-27.521092],[-65.664765,-27.522426],[-65.662125,-27.522467],[-65.663239,-27.524711],[-65.662703,-27.526895],[-65.658741,-27.526343],[-65.655311,-27.526919],[-65.654087,-27.525412],[-65.651059,-27.526708],[-65.652026,-27.525269],[-65.649054,-27.520607],[-65.646356,-27.519576],[-65.647042,-27.518838],[-65.643938,-27.517493],[-65.642143,-27.519255],[-65.640941,-27.518031],[-65.637059,-27.518837],[-65.636364,-27.517651],[-65.63283,-27.516753],[-65.629684,-27.518012],[-65.628478,-27.516732],[-65.628311,-27.519182],[-65.623235,-27.520323],[-65.622767,-27.521355],[-65.618221,-27.52155],[-65.616393,-27.517596],[-65.614229,-27.518723]]]}},{"type":"Feature","properties":{"name":"DESTACAMENTO EL POLEAR","regional":"URS","color":"#F44336"},"geometry":{"type":"Polygon","coordinates":[[[-65.5605,-27.478244],[-65.562449,-27.479279],[-65.563774,-27.481556],[-65.563924,-27.483791],[-65.562665,-27.485025],[-65.564632,-27.485914],[-65.565462,-27.481298],[-65.567376,-27.479946],[-65.569928,-27.480225],[-65.571048,-27.481535],[-65.57322,-27.481869],[-65.574431,-27.48057],[-65.575507,-27.476379],[-65.578067,-27.476989],[-65.579302,-27.480297],[-65.578465,-27.482189],[-65.580389,-27.482751],[-65.582525,-27.480765],[-65.585056,-27.481939],[-65.585155,-27.486123],[-65.586506,-27.487612],[-65.588928,-27.487844],[-65.592692,-27.489246],[-65.595647,-27.487977],[-65.59741,-27.488498],[-65.598663,-27.492028],[-65.600551,-27.491463],[-65.601271,-27.489346],[-65.603826,-27.487016],[-65.607025,-27.486134],[-65.608945,-27.483942],[-65.61197,-27.485472],[-65.615534,-27.483256],[-65.614911,-27.480102],[-65.617834,-27.478788],[-65.613445,-27.479257],[-65.612556,-27.478205],[-65.613549,-27.476825],[-65.618249,-27.47524],[-65.620332,-27.475063],[-65.620116,-27.482873],[-65.614238,-27.516219],[-65.614229,-27.518723],[-65.611926,-27.516766],[-65.609957,-27.516945],[-65.608912,-27.515758],[-65.605515,-27.516868],[-65.59492,-27.517125],[-65.593089,-27.516341],[-65.584022,-27.519469],[-65.579056,-27.518461],[-65.576778,-27.520504],[-65.577428,-27.522298],[-65.576671,-27.524322],[-65.573164,-27.526823],[-65.56845,-27.528636],[-65.566468,-27.52846],[-65.561253,-27.531595],[-65.559174,-27.534551],[-65.554407,-27.536152],[-65.551133,-27.539479],[-65.547441,-27.540893],[-65.542132,-27.542188],[-65.53747,-27.542499],[-65.535078,-27.541517],[-65.531601,-27.543443],[-65.526626,-27.544126],[-65.522317,-27.545659],[-65.519408,-27.545096],[-65.51803,-27.543943],[-65.513736,-27.542382],[-65.50756,-27.542471],[-65.502209,-27.540637],[-65.493923,-27.541499],[-65.492138,-27.540906],[-65.484822,-27.541919],[-65.483052,-27.542651],[-65.478501,-27.543237],[-65.47841,-27.540623],[-65.479224,-27.539187],[-65.475675,-27.540427],[-65.473758,-27.538233],[-65.472383,-27.538641],[-65.469763,-27.541625],[-65.468033,-27.540326],[-65.463072,-27.539371],[-65.461661,-27.538188],[-65.459379,-27.540145],[-65.457205,-27.538486],[-65.454578,-27.538272],[-65.453237,-27.536809],[-65.451684,-27.537186],[-65.45072,-27.540336],[-65.447657,-27.539762],[-65.446708,-27.538797],[-65.445097,-27.540299],[-65.442874,-27.540053],[-65.440342,-27.538082],[-65.438976,-27.539499],[-65.434875,-27.54054],[-65.425835,-27.540275],[-65.423049,-27.538962],[-65.419449,-27.541282],[-65.416164,-27.539694],[-65.414244,-27.540728],[-65.412645,-27.539076],[-65.409252,-27.538814],[-65.406723,-27.528008],[-65.402678,-27.509048],[-65.400902,-27.50936],[-65.398429,-27.502845],[-65.400001,-27.501799],[-65.405021,-27.503221],[-65.40787,-27.502031],[-65.407146,-27.498983],[-65.409241,-27.498073],[-65.409795,-27.495759],[-65.412214,-27.494055],[-65.41371,-27.494139],[-65.416529,-27.497799],[-65.418534,-27.49868],[-65.420371,-27.497658],[-65.423138,-27.498612],[-65.424938,-27.497597],[-65.423032,-27.49563],[-65.423599,-27.493097],[-65.424833,-27.492189],[-65.42758,-27.493215],[-65.428941,-27.494949],[-65.43382,-27.496157],[-65.435996,-27.49451],[-65.436058,-27.492392],[-65.438149,-27.491471],[-65.440704,-27.492934],[-65.444024,-27.492536],[-65.444868,-27.488965],[-65.443231,-27.487695],[-65.444218,-27.486662],[-65.447727,-27.489547],[-65.448943,-27.489042],[-65.448768,-27.486809],[-65.45117,-27.485141],[-65.455655,-27.486308],[-65.458561,-27.484385],[-65.460063,-27.485521],[-65.460626,-27.489077],[-65.462184,-27.488073],[-65.462618,-27.485472],[-65.465565,-27.484801],[-65.467379,-27.486815],[-65.468634,-27.489829],[-65.47084,-27.4909],[-65.476616,-27.486258],[-65.482078,-27.486988],[-65.483087,-27.484988],[-65.480791,-27.483359],[-65.478204,-27.482918],[-65.47736,-27.48088],[-65.479495,-27.480216],[-65.485068,-27.484682],[-65.487018,-27.484679],[-65.488253,-27.483071],[-65.484908,-27.48153],[-65.48437,-27.479914],[-65.486012,-27.47894],[-65.488943,-27.480147],[-65.491582,-27.479694],[-65.494121,-27.477748],[-65.494848,-27.476167],[-65.49717,-27.475567],[-65.499611,-27.477303],[-65.506321,-27.47736],[-65.50776,-27.476286],[-65.511146,-27.471752],[-65.511651,-27.469778],[-65.513132,-27.469635],[-65.513134,-27.472016],[-65.514297,-27.4742],[-65.517891,-27.475602],[-65.519941,-27.478602],[-65.521725,-27.479088],[-65.527117,-27.477156],[-65.528252,-27.475132],[-65.530932,-27.475608],[-65.532048,-27.478351],[-65.530516,-27.48377],[-65.531346,-27.484987],[-65.533696,-27.484539],[-65.535688,-27.480721],[-65.538405,-27.480466],[-65.539428,-27.481724],[-65.539465,-27.484589],[-65.538318,-27.487138],[-65.538599,-27.48981],[-65.541556,-27.490365],[-65.544358,-27.485717],[-65.549646,-27.48635],[-65.553258,-27.487719],[-65.556181,-27.486246],[-65.555492,-27.482403],[-65.5605,-27.478244]]]}},{"type":"Feature","properties":{"name":"SUBCOMISARIA ALTO VERDE","regional":"URS","color":"#F44336"},"geometry":{"type":"Polygon","coordinates":[[[-65.643388,-27.352056],[-65.643412,-27.352059],[-65.643414,-27.352061],[-65.644313,-27.352199],[-65.644774,-27.35427],[-65.646956,-27.363056],[-65.64649,-27.363233],[-65.650351,-27.378009],[-65.652526,-27.386264],[-65.653072,-27.385879],[-65.654057,-27.385895],[-65.654345,-27.38668],[-65.65471,-27.386813],[-65.65579,-27.386541],[-65.658644,-27.386786],[-65.66011,-27.387219],[-65.660382,-27.3873],[-65.660716,-27.387642],[-65.660936,-27.38797],[-65.661572,-27.390406],[-65.661681,-27.390822],[-65.661366,-27.390888],[-65.660905,-27.390718],[-65.652076,-27.394211],[-65.644783,-27.396972],[-65.641415,-27.397762],[-65.638862,-27.397707],[-65.638465,-27.396268],[-65.636011,-27.397373],[-65.635501,-27.394925],[-65.628731,-27.395182],[-65.629688,-27.399452],[-65.621079,-27.401442],[-65.612845,-27.403595],[-65.612952,-27.405787],[-65.613653,-27.40913],[-65.612392,-27.409212],[-65.612313,-27.40918],[-65.611203,-27.409249],[-65.609143,-27.409372],[-65.609151,-27.409422],[-65.60601,-27.409626],[-65.604838,-27.41008],[-65.604664,-27.410003],[-65.603879,-27.409946],[-65.603684,-27.410027],[-65.603033,-27.409971],[-65.60285,-27.410336],[-65.60243,-27.41058],[-65.602373,-27.410602],[-65.602316,-27.410606],[-65.602313,-27.410606],[-65.602204,-27.410673],[-65.602203,-27.410669],[-65.601944,-27.410815],[-65.601787,-27.410955],[-65.601637,-27.41096],[-65.601315,-27.411082],[-65.600753,-27.411087],[-65.600385,-27.411127],[-65.599681,-27.411024],[-65.599467,-27.410978],[-65.59917,-27.410923],[-65.599214,-27.411137],[-65.599273,-27.411384],[-65.599311,-27.411565],[-65.599357,-27.411721],[-65.599367,-27.411874],[-65.59938,-27.412245],[-65.599382,-27.412526],[-65.599367,-27.413174],[-65.599345,-27.413856],[-65.599341,-27.414795],[-65.5993,-27.416226],[-65.596625,-27.416314],[-65.593612,-27.403976],[-65.591336,-27.404525],[-65.5903,-27.400764],[-65.588025,-27.400918],[-65.586632,-27.395417],[-65.583421,-27.396217],[-65.579867,-27.397402],[-65.579813,-27.397321],[-65.579618,-27.396978],[-65.579529,-27.396997],[-65.577202,-27.393588],[-65.572121,-27.386486],[-65.572189,-27.386416],[-65.573944,-27.385263],[-65.574375,-27.384552],[-65.574062,-27.383627],[-65.576076,-27.38072],[-65.57637,-27.378963],[-65.576422,-27.378104],[-65.576795,-27.377207],[-65.577187,-27.376492],[-65.577574,-27.375703],[-65.578133,-27.374476],[-65.578242,-27.373774],[-65.579009,-27.371458],[-65.579158,-27.370608],[-65.580152,-27.370229],[-65.581788,-27.369374],[-65.582445,-27.369229],[-65.583793,-27.368842],[-65.584383,-27.36861],[-65.584859,-27.368585],[-65.585185,-27.368434],[-65.586022,-27.368324],[-65.58666,-27.368104],[-65.58756,-27.367955],[-65.589738,-27.367077],[-65.590283,-27.366724],[-65.591086,-27.36638],[-65.591584,-27.366043],[-65.592119,-27.365975],[-65.592372,-27.365906],[-65.592975,-27.365665],[-65.593462,-27.365562],[-65.594181,-27.365521],[-65.59739,-27.365617],[-65.59775,-27.36541],[-65.598081,-27.365402],[-65.598627,-27.364996],[-65.600681,-27.364359],[-65.603541,-27.363794],[-65.606151,-27.362682],[-65.606774,-27.362284],[-65.608071,-27.361368],[-65.608733,-27.361135],[-65.608909,-27.360762],[-65.609318,-27.360607],[-65.610508,-27.359369],[-65.610996,-27.359076],[-65.611396,-27.358651],[-65.612253,-27.358159],[-65.613549,-27.357225],[-65.614279,-27.357027],[-65.616383,-27.355826],[-65.617056,-27.355229],[-65.617367,-27.355178],[-65.617786,-27.354893],[-65.618127,-27.354772],[-65.618351,-27.354573],[-65.61875,-27.354487],[-65.619092,-27.354054],[-65.619638,-27.353648],[-65.620115,-27.353475],[-65.620348,-27.353476],[-65.620514,-27.353355],[-65.620573,-27.352991],[-65.620962,-27.353009],[-65.621157,-27.35281],[-65.621353,-27.352541],[-65.621625,-27.352464],[-65.622226,-27.352934],[-65.622936,-27.352988],[-65.6235,-27.352886],[-65.623743,-27.353008],[-65.624025,-27.352991],[-65.624831,-27.353098],[-65.625289,-27.352882],[-65.625775,-27.352935],[-65.625814,-27.352805],[-65.626125,-27.352927],[-65.626329,-27.352911],[-65.626542,-27.353085],[-65.627232,-27.353165],[-65.6273,-27.353278],[-65.627669,-27.353366],[-65.628784,-27.354254],[-65.629338,-27.354394],[-65.629677,-27.354708],[-65.630366,-27.355118],[-65.63093,-27.355119],[-65.632446,-27.355288],[-65.633243,-27.355498],[-65.633933,-27.355327],[-65.634567,-27.354868],[-65.635794,-27.354307],[-65.636448,-27.353493],[-65.63682,-27.352687],[-65.637219,-27.352418],[-65.637998,-27.35216],[-65.638532,-27.352214],[-65.640182,-27.351997],[-65.640802,-27.351273],[-65.641835,-27.350886],[-65.64322,-27.351922],[-65.643388,-27.352056]]]}},{"type":"Feature","properties":{"name":"COMISARIA ATAHONA","regional":"URS","color":"#F44336"},"geometry":{"type":"Polygon","coordinates":[[[-65.427499,-27.407532],[-65.422742,-27.405543],[-65.419431,-27.405683],[-65.419623,-27.409502],[-65.422819,-27.412567],[-65.422961,-27.414796],[-65.421294,-27.417176],[-65.41904,-27.41695],[-65.415953,-27.415109],[-65.412883,-27.41563],[-65.409495,-27.418339],[-65.407462,-27.422175],[-65.405348,-27.42467],[-65.403085,-27.425551],[-65.399456,-27.425956],[-65.394074,-27.42513],[-65.389121,-27.423863],[-65.386658,-27.426041],[-65.387617,-27.428071],[-65.390144,-27.429795],[-65.39127,-27.432708],[-65.389234,-27.434287],[-65.386225,-27.435437],[-65.383272,-27.43542],[-65.381789,-27.434197],[-65.382223,-27.431377],[-65.381762,-27.429852],[-65.37976,-27.428293],[-65.377718,-27.428031],[-65.375956,-27.428729],[-65.37193,-27.424306],[-65.369933,-27.424396],[-65.367235,-27.426411],[-65.367132,-27.429053],[-65.370082,-27.430225],[-65.37029,-27.431023],[-65.368314,-27.43213],[-65.364958,-27.432579],[-65.359152,-27.436519],[-65.354407,-27.440149],[-65.349256,-27.439359],[-65.345444,-27.437719],[-65.342221,-27.438879],[-65.337895,-27.438227],[-65.333007,-27.438494],[-65.332381,-27.435699],[-65.33056,-27.434668],[-65.32689,-27.434381],[-65.322984,-27.429864],[-65.321648,-27.428912],[-65.319229,-27.42885],[-65.317995,-27.431406],[-65.320299,-27.433942],[-65.320133,-27.436083],[-65.31845,-27.436423],[-65.315762,-27.435469],[-65.311072,-27.430235],[-65.308173,-27.430633],[-65.303344,-27.437126],[-65.300556,-27.435923],[-65.29733,-27.43072],[-65.298086,-27.428397],[-65.296975,-27.423091],[-65.291325,-27.425221],[-65.290227,-27.426409],[-65.288243,-27.431345],[-65.287166,-27.433024],[-65.285253,-27.433313],[-65.284442,-27.430666],[-65.282704,-27.429489],[-65.28038,-27.430596],[-65.27688,-27.434185],[-65.273901,-27.434695],[-65.27265,-27.432987],[-65.270422,-27.43197],[-65.264314,-27.430508],[-65.261494,-27.430301],[-65.258808,-27.432876],[-65.257378,-27.435552],[-65.257231,-27.437445],[-65.255349,-27.436761],[-65.252315,-27.436992],[-65.24867,-27.438213],[-65.245094,-27.44004],[-65.244333,-27.437271],[-65.242534,-27.434441],[-65.238927,-27.433331],[-65.233102,-27.438425],[-65.232478,-27.439822],[-65.235082,-27.441932],[-65.233192,-27.443696],[-65.229,-27.443789],[-65.225102,-27.448273],[-65.225294,-27.445192],[-65.224087,-27.445376],[-65.215405,-27.408139],[-65.219971,-27.407297],[-65.209549,-27.357424],[-65.214695,-27.357666],[-65.220844,-27.359139],[-65.221863,-27.35908],[-65.222725,-27.354558],[-65.224083,-27.353546],[-65.226186,-27.353685],[-65.228828,-27.355638],[-65.230786,-27.354842],[-65.230753,-27.35227],[-65.232223,-27.3503],[-65.233883,-27.350942],[-65.234414,-27.352573],[-65.23737,-27.353279],[-65.243056,-27.352046],[-65.245515,-27.349626],[-65.247854,-27.350398],[-65.24992,-27.349873],[-65.252965,-27.351067],[-65.253857,-27.350351],[-65.255866,-27.350805],[-65.257392,-27.34962],[-65.261854,-27.349048],[-65.265265,-27.350397],[-65.272023,-27.349768],[-65.272962,-27.348895],[-65.271506,-27.347289],[-65.272312,-27.345975],[-65.274909,-27.345793],[-65.275488,-27.344693],[-65.274283,-27.343414],[-65.274982,-27.34239],[-65.280958,-27.342279],[-65.283816,-27.340878],[-65.28518,-27.341061],[-65.286709,-27.34327],[-65.288494,-27.344143],[-65.292426,-27.343906],[-65.295452,-27.343161],[-65.297833,-27.338932],[-65.300539,-27.337702],[-65.301799,-27.337897],[-65.304379,-27.339852],[-65.306315,-27.339945],[-65.307973,-27.33771],[-65.309464,-27.336789],[-65.317359,-27.336368],[-65.324015,-27.335785],[-65.325629,-27.333641],[-65.325724,-27.329565],[-65.326835,-27.328196],[-65.325482,-27.327384],[-65.327076,-27.325313],[-65.329207,-27.325369],[-65.331925,-27.327327],[-65.334614,-27.331184],[-65.337052,-27.331678],[-65.339076,-27.327238],[-65.340373,-27.326077],[-65.343473,-27.327628],[-65.345518,-27.332948],[-65.348456,-27.33511],[-65.35385,-27.33641],[-65.356044,-27.335142],[-65.356325,-27.330267],[-65.357501,-27.329893],[-65.359839,-27.330824],[-65.363636,-27.329253],[-65.365455,-27.330008],[-65.371374,-27.329339],[-65.374111,-27.324885],[-65.377766,-27.321417],[-65.379703,-27.320654],[-65.37765,-27.316892],[-65.380522,-27.314304],[-65.382625,-27.314242],[-65.384752,-27.319181],[-65.386359,-27.320769],[-65.388443,-27.321199],[-65.393777,-27.320495],[-65.395407,-27.319454],[-65.39539,-27.317077],[-65.396324,-27.315252],[-65.398869,-27.313306],[-65.401727,-27.312246],[-65.404052,-27.313546],[-65.406067,-27.316858],[-65.405881,-27.319095],[-65.411674,-27.342631],[-65.414016,-27.351061],[-65.422958,-27.349701],[-65.424608,-27.356929],[-65.426316,-27.356597],[-65.428098,-27.363958],[-65.429845,-27.367536],[-65.434673,-27.38186],[-65.435536,-27.386066],[-65.43888,-27.390755],[-65.442698,-27.403784],[-65.440353,-27.405575],[-65.437944,-27.40832],[-65.436064,-27.409545],[-65.430011,-27.409332],[-65.427499,-27.407532]]]}},{"type":"Feature","properties":{"name":"COMISARIA DE LAMADRID","regional":"URS","color":"#F44336"},"geometry":{"type":"Polygon","coordinates":[[[-65.057852,-27.639141],[-65.066397,-27.583689],[-65.066546,-27.58292],[-65.068771,-27.585688],[-65.071193,-27.586969],[-65.072202,-27.586201],[-65.073111,-27.584308],[-65.074993,-27.583043],[-65.078387,-27.58284],[-65.079174,-27.582094],[-65.083775,-27.582247],[-65.086901,-27.581556],[-65.091151,-27.581352],[-65.09366,-27.582293],[-65.095545,-27.581541],[-65.096916,-27.579892],[-65.097634,-27.577101],[-65.098626,-27.576173],[-65.098002,-27.573849],[-65.098716,-27.571334],[-65.100742,-27.570105],[-65.103098,-27.570004],[-65.104542,-27.569287],[-65.107783,-27.5696],[-65.110215,-27.570638],[-65.115062,-27.568193],[-65.11736,-27.57118],[-65.115523,-27.57097],[-65.115681,-27.572459],[-65.116909,-27.57285],[-65.118834,-27.576335],[-65.12448,-27.578175],[-65.125491,-27.577713],[-65.127147,-27.578422],[-65.127949,-27.577983],[-65.133071,-27.580029],[-65.135215,-27.582116],[-65.136676,-27.581378],[-65.139535,-27.582257],[-65.142372,-27.584209],[-65.144223,-27.584222],[-65.147876,-27.587419],[-65.150458,-27.587619],[-65.150868,-27.586784],[-65.152451,-27.587829],[-65.153286,-27.586463],[-65.157074,-27.585295],[-65.159063,-27.585694],[-65.15986,-27.583639],[-65.162475,-27.581505],[-65.16143,-27.579435],[-65.163678,-27.578392],[-65.163346,-27.576616],[-65.165207,-27.575044],[-65.165203,-27.573615],[-65.167798,-27.570327],[-65.167452,-27.56915],[-65.169257,-27.56767],[-65.168707,-27.56559],[-65.169775,-27.566805],[-65.171084,-27.566327],[-65.172973,-27.566598],[-65.172605,-27.568108],[-65.17506,-27.568541],[-65.176078,-27.567643],[-65.17867,-27.566565],[-65.179366,-27.564516],[-65.183531,-27.564614],[-65.183806,-27.566493],[-65.188058,-27.567135],[-65.189673,-27.566358],[-65.192807,-27.567764],[-65.194871,-27.567562],[-65.196507,-27.564127],[-65.201965,-27.562101],[-65.203838,-27.562725],[-65.207258,-27.562688],[-65.210106,-27.56207],[-65.210585,-27.563465],[-65.217804,-27.563486],[-65.22312,-27.561723],[-65.223715,-27.560531],[-65.226852,-27.560414],[-65.23017,-27.559117],[-65.230773,-27.558409],[-65.232508,-27.559665],[-65.234377,-27.560265],[-65.235816,-27.559234],[-65.24103,-27.560753],[-65.244368,-27.560157],[-65.24596,-27.559216],[-65.246211,-27.560526],[-65.24855,-27.560291],[-65.250447,-27.5614],[-65.253815,-27.561059],[-65.25542,-27.563671],[-65.257004,-27.562406],[-65.258223,-27.563725],[-65.25993,-27.563894],[-65.259221,-27.562827],[-65.260757,-27.562055],[-65.262521,-27.562715],[-65.265895,-27.561571],[-65.265509,-27.560875],[-65.26699,-27.559562],[-65.269693,-27.558858],[-65.26968,-27.557279],[-65.27128,-27.557607],[-65.272643,-27.554979],[-65.274698,-27.555664],[-65.274094,-27.554586],[-65.277245,-27.552835],[-65.278124,-27.553299],[-65.279433,-27.552008],[-65.280489,-27.549715],[-65.279509,-27.548301],[-65.281933,-27.546078],[-65.282793,-27.547196],[-65.285292,-27.546289],[-65.285841,-27.547848],[-65.286871,-27.547673],[-65.286548,-27.546003],[-65.28835,-27.545292],[-65.288722,-27.546237],[-65.291039,-27.545498],[-65.29097,-27.546898],[-65.292904,-27.545684],[-65.293673,-27.546969],[-65.295243,-27.546041],[-65.29428,-27.545698],[-65.295073,-27.544714],[-65.293259,-27.542784],[-65.29459,-27.542293],[-65.29673,-27.543524],[-65.297721,-27.542979],[-65.299724,-27.543366],[-65.300932,-27.542297],[-65.301587,-27.540129],[-65.30584,-27.539511],[-65.307933,-27.538215],[-65.30956,-27.538022],[-65.311497,-27.5388],[-65.312831,-27.538287],[-65.31342,-27.539609],[-65.317741,-27.541192],[-65.318824,-27.540563],[-65.322062,-27.542167],[-65.323741,-27.54203],[-65.336539,-27.594371],[-65.332899,-27.595013],[-65.341928,-27.632471],[-65.338257,-27.629167],[-65.334494,-27.627643],[-65.332647,-27.630573],[-65.331725,-27.630568],[-65.336653,-27.65438],[-65.338267,-27.660759],[-65.327078,-27.66242],[-65.31935,-27.66332],[-65.325339,-27.696152],[-65.327058,-27.69606],[-65.329587,-27.695073],[-65.331306,-27.696764],[-65.338791,-27.697396],[-65.341928,-27.698675],[-65.343225,-27.698372],[-65.343514,-27.699807],[-65.346812,-27.700019],[-65.351303,-27.700764],[-65.353682,-27.700298],[-65.356198,-27.69902],[-65.35712,-27.69731],[-65.359514,-27.696177],[-65.365191,-27.694399],[-65.36502,-27.692875],[-65.367298,-27.692523],[-65.368228,-27.691324],[-65.370032,-27.690987],[-65.371646,-27.691755],[-65.371763,-27.689207],[-65.372636,-27.689732],[-65.374915,-27.688904],[-65.38403,-27.737374],[-65.367158,-27.740321],[-65.354845,-27.743801],[-65.296657,-27.748914],[-65.289465,-27.749058],[-65.241052,-27.74283],[-65.032645,-27.738486],[-65.032918,-27.73812],[-65.043049,-27.700203],[-65.043289,-27.700209],[-65.049401,-27.677987],[-65.063556,-27.674853],[-65.06362,-27.668736],[-65.062911,-27.659756],[-65.054479,-27.660887],[-65.057124,-27.651387],[-65.057414,-27.646127],[-65.058388,-27.639357],[-65.057852,-27.639141]]]}},{"type":"Feature","properties":{"name":"COMISARIA DE MONTEAGUDO","regional":"URS","color":"#F44336"},"geometry":{"type":"Polygon","coordinates":[[[-65.025244,-27.484256],[-65.034235,-27.482227],[-65.042729,-27.477276],[-65.046403,-27.472476],[-65.050531,-27.461687],[-65.056935,-27.456007],[-65.060914,-27.449499],[-65.06165,-27.458707],[-65.06333,-27.461863],[-65.065445,-27.459078],[-65.070936,-27.457673],[-65.077067,-27.458683],[-65.085392,-27.453483],[-65.091071,-27.455221],[-65.096626,-27.451166],[-65.095458,-27.448068],[-65.099501,-27.446679],[-65.106251,-27.450803],[-65.110992,-27.452108],[-65.115159,-27.449308],[-65.117679,-27.442748],[-65.122383,-27.443655],[-65.123493,-27.450213],[-65.127568,-27.451675],[-65.128227,-27.446613],[-65.135973,-27.440574],[-65.140823,-27.44232],[-65.143947,-27.437447],[-65.146682,-27.436817],[-65.1473,-27.44111],[-65.151912,-27.441659],[-65.154381,-27.437573],[-65.157927,-27.436474],[-65.16589,-27.437508],[-65.168962,-27.441099],[-65.172608,-27.439546],[-65.17646,-27.44204],[-65.186188,-27.445509],[-65.190257,-27.445388],[-65.194433,-27.450139],[-65.204778,-27.450908],[-65.207479,-27.452994],[-65.206995,-27.4575],[-65.209383,-27.457443],[-65.212058,-27.451419],[-65.214757,-27.452998],[-65.213031,-27.455614],[-65.21628,-27.456743],[-65.218518,-27.451971],[-65.224118,-27.453082],[-65.226479,-27.446382],[-65.229228,-27.443658],[-65.235007,-27.442659],[-65.232905,-27.438633],[-65.238821,-27.43335],[-65.242415,-27.434316],[-65.24509,-27.440022],[-65.252311,-27.436974],[-65.257227,-27.437428],[-65.261489,-27.430284],[-65.270418,-27.431952],[-65.273896,-27.434678],[-65.276876,-27.434168],[-65.2827,-27.429472],[-65.287162,-27.433006],[-65.291321,-27.425204],[-65.296971,-27.423074],[-65.297325,-27.430702],[-65.300452,-27.435775],[-65.303589,-27.436921],[-65.308169,-27.430615],[-65.311068,-27.430217],[-65.315758,-27.435452],[-65.320129,-27.436065],[-65.317991,-27.431388],[-65.319225,-27.428832],[-65.322979,-27.429846],[-65.326886,-27.434363],[-65.332377,-27.435681],[-65.333002,-27.438476],[-65.342217,-27.438862],[-65.345439,-27.437701],[-65.354403,-27.440131],[-65.364954,-27.432561],[-65.370078,-27.430208],[-65.367128,-27.429035],[-65.369929,-27.424379],[-65.373362,-27.425522],[-65.380501,-27.453417],[-65.35378,-27.460321],[-65.359868,-27.487351],[-65.361342,-27.497517],[-65.366667,-27.498772],[-65.372249,-27.497395],[-65.375642,-27.500464],[-65.380911,-27.497091],[-65.38929,-27.49596],[-65.389457,-27.499264],[-65.397612,-27.503406],[-65.400901,-27.50936],[-65.402677,-27.509048],[-65.409251,-27.538814],[-65.406728,-27.540254],[-65.405617,-27.536627],[-65.399861,-27.53815],[-65.401566,-27.534484],[-65.395437,-27.532574],[-65.394184,-27.534194],[-65.386495,-27.531787],[-65.374798,-27.529987],[-65.370259,-27.527973],[-65.366951,-27.530139],[-65.361171,-27.530352],[-65.356248,-27.526762],[-65.347737,-27.524628],[-65.345883,-27.52634],[-65.345339,-27.534401],[-65.341446,-27.53718],[-65.334243,-27.536683],[-65.324662,-27.542186],[-65.31608,-27.540958],[-65.312618,-27.538425],[-65.307688,-27.538273],[-65.301782,-27.540113],[-65.300189,-27.543026],[-65.293997,-27.54321],[-65.293139,-27.546869],[-65.287029,-27.545619],[-65.279444,-27.548098],[-65.279013,-27.552266],[-65.272594,-27.555173],[-65.264443,-27.562153],[-65.254928,-27.563021],[-65.252826,-27.560921],[-65.240966,-27.560792],[-65.232094,-27.558909],[-65.223923,-27.560532],[-65.217407,-27.563466],[-65.209881,-27.56222],[-65.201841,-27.562167],[-65.192749,-27.56779],[-65.183943,-27.566659],[-65.179377,-27.564602],[-65.174698,-27.56886],[-65.170884,-27.566319],[-65.161569,-27.57943],[-65.162548,-27.58107],[-65.159143,-27.585587],[-65.147926,-27.587575],[-65.145627,-27.584853],[-65.135287,-27.582093],[-65.132057,-27.579605],[-65.118893,-27.576772],[-65.115025,-27.572533],[-65.114238,-27.569081],[-65.10973,-27.571252],[-65.105351,-27.569201],[-65.098896,-27.571164],[-65.096931,-27.579881],[-65.091036,-27.581343],[-65.079511,-27.582033],[-65.074317,-27.583222],[-65.071974,-27.586513],[-65.064961,-27.581787],[-65.061832,-27.581184],[-65.061509,-27.576977],[-65.057311,-27.574472],[-65.054161,-27.576624],[-65.046168,-27.578717],[-65.038977,-27.576638],[-65.035664,-27.58022],[-65.03069,-27.582158],[-65.028396,-27.57917],[-65.027896,-27.574102],[-65.031157,-27.573619],[-65.026829,-27.568367],[-65.027589,-27.562444],[-65.024552,-27.559594],[-65.020889,-27.563809],[-65.009935,-27.566694],[-65.012613,-27.561565],[-65.011273,-27.551724],[-65.005877,-27.546397],[-65.005899,-27.550703],[-65.001387,-27.552532],[-64.994814,-27.551088],[-64.986305,-27.555496],[-64.972841,-27.553069],[-64.966192,-27.548551],[-64.956069,-27.545183],[-64.958818,-27.53077],[-64.963877,-27.515165],[-64.970187,-27.502037],[-64.974932,-27.495852],[-64.985195,-27.495741],[-64.988977,-27.493163],[-64.999199,-27.494818],[-65.005801,-27.493933],[-65.009856,-27.486088],[-65.016789,-27.48278],[-65.025244,-27.484256]]]}},{"type":"Feature","properties":{"name":"COMISARIA ARBOLES GRANDES","regional":"URS","color":"#F44336"},"geometry":{"type":"Polygon","coordinates":[[[-65.032559,-27.738476],[-65.016741,-27.736904],[-65.006725,-27.735997],[-65.002309,-27.735417],[-64.988113,-27.734154],[-64.998682,-27.696195],[-65.009199,-27.660533],[-65.009533,-27.658097],[-65.016224,-27.635813],[-65.017299,-27.633833],[-65.017934,-27.632307],[-65.018747,-27.630741],[-65.01915,-27.630071],[-65.020761,-27.628651],[-65.021403,-27.626366],[-65.022016,-27.625584],[-65.023095,-27.625341],[-65.030352,-27.630124],[-65.034371,-27.632774],[-65.049539,-27.635805],[-65.058388,-27.639357],[-65.057104,-27.651302],[-65.054479,-27.660887],[-65.062809,-27.659775],[-65.063556,-27.674853],[-65.049401,-27.677987],[-65.043289,-27.700209],[-65.043049,-27.700203],[-65.032918,-27.73812],[-65.032559,-27.738476]]]}},{"type":"Feature","properties":{"name":"COMISARIA DE SANTA CRUZ Y LA TUNA","regional":"URS","color":"#F44336"},"geometry":{"type":"Polygon","coordinates":[[[-65.46413,-27.303231],[-65.464791,-27.306182],[-65.464714,-27.306199],[-65.466102,-27.311963],[-65.467063,-27.315846],[-65.467915,-27.319721],[-65.469073,-27.319796],[-65.469176,-27.320616],[-65.469553,-27.322654],[-65.469853,-27.323613],[-65.465373,-27.32446],[-65.462365,-27.325079],[-65.462696,-27.326544],[-65.462575,-27.326692],[-65.460921,-27.327033],[-65.462113,-27.330937],[-65.463458,-27.334889],[-65.464225,-27.336942],[-65.464523,-27.336933],[-65.465858,-27.342079],[-65.469394,-27.355608],[-65.46939,-27.3558],[-65.47101,-27.362211],[-65.472379,-27.367212],[-65.472909,-27.369462],[-65.473223,-27.371209],[-65.473478,-27.372336],[-65.474252,-27.375144],[-65.474677,-27.375946],[-65.475301,-27.376534],[-65.476005,-27.377622],[-65.476476,-27.378044],[-65.477722,-27.380417],[-65.478301,-27.381688],[-65.477961,-27.382617],[-65.477979,-27.383572],[-65.478073,-27.384131],[-65.477498,-27.385315],[-65.477805,-27.386681],[-65.477282,-27.387166],[-65.476214,-27.387848],[-65.475939,-27.387916],[-65.474095,-27.389084],[-65.473253,-27.389756],[-65.47314,-27.390178],[-65.472678,-27.390465],[-65.472655,-27.390861],[-65.47227,-27.391991],[-65.471799,-27.39297],[-65.471413,-27.394575],[-65.470784,-27.395102],[-65.46996,-27.396004],[-65.469539,-27.396307],[-65.468508,-27.396491],[-65.467541,-27.396409],[-65.466855,-27.396022],[-65.465714,-27.395085],[-65.465348,-27.395014],[-65.464843,-27.394644],[-65.462993,-27.39407],[-65.462062,-27.393885],[-65.46088,-27.393917],[-65.459234,-27.394644],[-65.457965,-27.394974],[-65.455795,-27.39534],[-65.455338,-27.395604],[-65.454956,-27.395535],[-65.454542,-27.395222],[-65.452597,-27.395066],[-65.45176,-27.394851],[-65.450617,-27.394724],[-65.448238,-27.39464],[-65.447379,-27.394828],[-65.446634,-27.394825],[-65.44553,-27.395198],[-65.444559,-27.395807],[-65.444323,-27.396095],[-65.44441,-27.396486],[-65.444975,-27.39744],[-65.445517,-27.397895],[-65.445506,-27.398982],[-65.445288,-27.399481],[-65.444735,-27.400003],[-65.443973,-27.400534],[-65.443841,-27.400784],[-65.44286,-27.401625],[-65.44227,-27.402269],[-65.440504,-27.396033],[-65.440484,-27.395879],[-65.438906,-27.390813],[-65.438622,-27.390304],[-65.436765,-27.387646],[-65.435733,-27.386449],[-65.435536,-27.386079],[-65.435179,-27.384491],[-65.434979,-27.383227],[-65.434679,-27.381846],[-65.433705,-27.379525],[-65.432785,-27.37661],[-65.432525,-27.375232],[-65.432442,-27.375134],[-65.431285,-27.372046],[-65.430672,-27.370277],[-65.429853,-27.367587],[-65.42809,-27.363949],[-65.426337,-27.356606],[-65.424607,-27.356931],[-65.424144,-27.354674],[-65.423536,-27.352018],[-65.422958,-27.349701],[-65.421898,-27.349801],[-65.420958,-27.350036],[-65.420222,-27.349951],[-65.414017,-27.351063],[-65.413185,-27.348173],[-65.412201,-27.344514],[-65.411674,-27.342631],[-65.41174,-27.34262],[-65.410558,-27.337945],[-65.410066,-27.336069],[-65.408869,-27.331078],[-65.407792,-27.326698],[-65.407735,-27.326547],[-65.40511,-27.315997],[-65.405809,-27.315797],[-65.406311,-27.317338],[-65.406376,-27.318058],[-65.406792,-27.318791],[-65.407828,-27.319322],[-65.408778,-27.319442],[-65.409843,-27.319022],[-65.41107,-27.318622],[-65.412623,-27.317899],[-65.414097,-27.317483],[-65.414201,-27.317015],[-65.414786,-27.316904],[-65.415623,-27.316879],[-65.416932,-27.316685],[-65.417762,-27.316897],[-65.419571,-27.316078],[-65.420367,-27.315615],[-65.421621,-27.315022],[-65.423625,-27.31441],[-65.425245,-27.314112],[-65.425673,-27.314084],[-65.426309,-27.313744],[-65.426397,-27.313578],[-65.427122,-27.313245],[-65.427241,-27.313041],[-65.427401,-27.311969],[-65.427377,-27.311438],[-65.426081,-27.311258],[-65.425949,-27.310967],[-65.425226,-27.310486],[-65.425405,-27.309788],[-65.425047,-27.309504],[-65.424639,-27.308747],[-65.424285,-27.308586],[-65.424339,-27.307533],[-65.424784,-27.306434],[-65.425115,-27.306023],[-65.426053,-27.305226],[-65.426892,-27.304697],[-65.427343,-27.304524],[-65.429217,-27.304184],[-65.429959,-27.303913],[-65.430665,-27.303876],[-65.431531,-27.303437],[-65.433611,-27.302582],[-65.434203,-27.302397],[-65.435362,-27.301892],[-65.436976,-27.301599],[-65.437385,-27.301472],[-65.43798,-27.301518],[-65.440508,-27.301445],[-65.441553,-27.301358],[-65.442654,-27.301458],[-65.442754,-27.301393],[-65.443882,-27.301531],[-65.444484,-27.301689],[-65.445379,-27.301419],[-65.446081,-27.301381],[-65.446711,-27.301208],[-65.447975,-27.300706],[-65.449654,-27.300414],[-65.451518,-27.300473],[-65.452453,-27.300634],[-65.453014,-27.303487],[-65.453663,-27.304385],[-65.454644,-27.304847],[-65.455136,-27.305568],[-65.455867,-27.306003],[-65.456324,-27.306447],[-65.457559,-27.306746],[-65.459295,-27.306164],[-65.461439,-27.305519],[-65.461381,-27.304389],[-65.46149,-27.303768],[-65.461787,-27.303449],[-65.462739,-27.303127],[-65.46413,-27.303231]]]}},{"type":"Feature","properties":{"name":"COMISARIA DE SIMOCA","regional":"URS","color":"#F44336"},"geometry":{"type":"Polygon","coordinates":[[[-65.300457,-27.256017],[-65.301321,-27.252829],[-65.3047,-27.249598],[-65.305728,-27.246813],[-65.305738,-27.243569],[-65.307272,-27.242061],[-65.306388,-27.2392],[-65.310687,-27.237043],[-65.306286,-27.234969],[-65.302761,-27.232636],[-65.301024,-27.2278],[-65.302213,-27.225992],[-65.305501,-27.223982],[-65.314748,-27.222392],[-65.320991,-27.221925],[-65.326132,-27.217846],[-65.331648,-27.218806],[-65.334786,-27.217746],[-65.338186,-27.213106],[-65.335089,-27.208447],[-65.334875,-27.203421],[-65.337111,-27.202182],[-65.341624,-27.201198],[-65.345349,-27.197709],[-65.346839,-27.195082],[-65.349391,-27.187446],[-65.350595,-27.184929],[-65.35388,-27.182333],[-65.356625,-27.181551],[-65.366732,-27.181691],[-65.375325,-27.185131],[-65.381547,-27.184651],[-65.387801,-27.181509],[-65.392903,-27.177106],[-65.3951,-27.175787],[-65.398617,-27.175504],[-65.401697,-27.180071],[-65.404141,-27.18203],[-65.407195,-27.186201],[-65.408835,-27.186968],[-65.410629,-27.19413],[-65.412462,-27.204531],[-65.415384,-27.204068],[-65.416707,-27.211146],[-65.420466,-27.21026],[-65.421473,-27.211067],[-65.42257,-27.217283],[-65.436305,-27.209453],[-65.438658,-27.220168],[-65.442292,-27.219233],[-65.442416,-27.217916],[-65.446125,-27.217274],[-65.448271,-27.227231],[-65.449891,-27.22998],[-65.450596,-27.234478],[-65.452441,-27.235838],[-65.456212,-27.234637],[-65.458971,-27.246251],[-65.460682,-27.24597],[-65.464241,-27.260886],[-65.459818,-27.261717],[-65.4612,-27.267147],[-65.458373,-27.267577],[-65.459903,-27.273163],[-65.460896,-27.272946],[-65.465609,-27.29476],[-65.467591,-27.29772],[-65.469607,-27.297832],[-65.470059,-27.3],[-65.465524,-27.301156],[-65.465775,-27.302633],[-65.46179,-27.303446],[-65.461439,-27.305514],[-65.457552,-27.306745],[-65.453018,-27.303488],[-65.452447,-27.300635],[-65.44966,-27.300415],[-65.44457,-27.30168],[-65.437386,-27.301472],[-65.430618,-27.303853],[-65.427162,-27.304584],[-65.424804,-27.306344],[-65.42429,-27.308598],[-65.427097,-27.313259],[-65.421653,-27.315009],[-65.417744,-27.316902],[-65.414218,-27.317002],[-65.408788,-27.319449],[-65.406821,-27.318807],[-65.405809,-27.315797],[-65.404096,-27.313479],[-65.401746,-27.312215],[-65.39881,-27.31327],[-65.396315,-27.315283],[-65.395282,-27.319496],[-65.393708,-27.320496],[-65.388541,-27.321107],[-65.384713,-27.319144],[-65.382725,-27.314222],[-65.380496,-27.314262],[-65.377625,-27.316913],[-65.379605,-27.320595],[-65.377747,-27.321324],[-65.374022,-27.324927],[-65.371402,-27.329298],[-65.365549,-27.329976],[-65.363695,-27.329219],[-65.359864,-27.330775],[-65.356323,-27.330254],[-65.356063,-27.335063],[-65.353916,-27.336384],[-65.348393,-27.335138],[-65.345535,-27.333023],[-65.343456,-27.327548],[-65.340395,-27.326021],[-65.339054,-27.327281],[-65.336943,-27.331646],[-65.334424,-27.330962],[-65.33194,-27.32725],[-65.329236,-27.32535],[-65.327105,-27.325294],[-65.325466,-27.327464],[-65.326897,-27.328171],[-65.325734,-27.329611],[-65.32569,-27.333616],[-65.323848,-27.335794],[-65.317649,-27.336444],[-65.309519,-27.336726],[-65.305519,-27.340042],[-65.301831,-27.337869],[-65.298653,-27.338222],[-65.295448,-27.343158],[-65.288489,-27.344146],[-65.28518,-27.341061],[-65.280478,-27.342338],[-65.27498,-27.34239],[-65.274908,-27.345794],[-65.271634,-27.34621],[-65.272873,-27.349227],[-65.272022,-27.349768],[-65.265269,-27.350398],[-65.259985,-27.348949],[-65.255864,-27.350806],[-65.252962,-27.351071],[-65.249917,-27.349874],[-65.244615,-27.350011],[-65.243055,-27.35205],[-65.237702,-27.353269],[-65.234412,-27.352571],[-65.23222,-27.350302],[-65.2308,-27.352007],[-65.230763,-27.354875],[-65.228791,-27.355625],[-65.226387,-27.353733],[-65.224081,-27.353546],[-65.222541,-27.354872],[-65.221862,-27.35907],[-65.214748,-27.357664],[-65.209303,-27.35744],[-65.205686,-27.354942],[-65.201238,-27.353862],[-65.19923,-27.355765],[-65.198649,-27.354787],[-65.201824,-27.352632],[-65.200558,-27.349874],[-65.20439,-27.349655],[-65.20821,-27.347747],[-65.207885,-27.346432],[-65.213666,-27.342644],[-65.213027,-27.341525],[-65.213578,-27.338329],[-65.215716,-27.335166],[-65.219823,-27.333324],[-65.22003,-27.331669],[-65.217782,-27.330653],[-65.216786,-27.32892],[-65.218559,-27.326352],[-65.217712,-27.321203],[-65.216567,-27.318634],[-65.21818,-27.316054],[-65.222479,-27.315333],[-65.227094,-27.318583],[-65.230622,-27.318543],[-65.234297,-27.316443],[-65.236147,-27.312213],[-65.240351,-27.308507],[-65.245191,-27.304931],[-65.24952,-27.298232],[-65.255922,-27.293881],[-65.267297,-27.288734],[-65.27056,-27.288824],[-65.272486,-27.287983],[-65.279904,-27.281627],[-65.281613,-27.27825],[-65.284732,-27.274023],[-65.288135,-27.271076],[-65.295348,-27.270541],[-65.302037,-27.268851],[-65.302972,-27.264865],[-65.300841,-27.259551],[-65.300457,-27.256017]]]}},{"type":"Feature","properties":{"name":"COMISARIA DE TACO RALO","regional":"URS","color":"#F44336"},"geometry":{"type":"Polygon","coordinates":[[[-64.988113,-27.734154],[-65.032645,-27.738486],[-65.241052,-27.74283],[-65.289465,-27.749058],[-65.296657,-27.748914],[-65.354845,-27.743801],[-65.367158,-27.740321],[-65.38403,-27.737374],[-65.394257,-27.791616],[-65.395792,-27.800366],[-65.397661,-27.799996],[-65.39775,-27.800447],[-65.398303,-27.806901],[-65.398618,-27.810503],[-65.398999,-27.814936],[-65.399562,-27.821543],[-65.399965,-27.825678],[-65.40029,-27.829334],[-65.400481,-27.831663],[-65.400708,-27.834651],[-65.401033,-27.838298],[-65.401962,-27.848381],[-65.39813,-27.847498],[-65.396153,-27.847047],[-65.395739,-27.848354],[-65.393149,-27.846709],[-65.392927,-27.846591],[-65.392411,-27.84621],[-65.392057,-27.84601],[-65.391309,-27.845375],[-65.390682,-27.845038],[-65.390226,-27.844855],[-65.389822,-27.844475],[-65.389358,-27.843949],[-65.389227,-27.843759],[-65.388713,-27.843152],[-65.388379,-27.843006],[-65.388044,-27.84296],[-65.387273,-27.842767],[-65.386159,-27.842419],[-65.386139,-27.842293],[-65.386242,-27.842122],[-65.386427,-27.841608],[-65.386501,-27.841076],[-65.386431,-27.840922],[-65.386269,-27.840904],[-65.384897,-27.841159],[-65.384592,-27.841158],[-65.383639,-27.841063],[-65.383293,-27.841089],[-65.382116,-27.841002],[-65.381629,-27.840937],[-65.381345,-27.840936],[-65.380624,-27.841068],[-65.380258,-27.841184],[-65.379983,-27.8412],[-65.379231,-27.84135],[-65.377657,-27.841578],[-65.375543,-27.841929],[-65.374811,-27.842088],[-65.374008,-27.842346],[-65.372241,-27.842338],[-65.37216,-27.842356],[-65.370592,-27.843161],[-65.370195,-27.843295],[-65.368813,-27.843685],[-65.367519,-27.844356],[-65.366908,-27.844714],[-65.366592,-27.845002],[-65.366256,-27.84519],[-65.364847,-27.844849],[-65.364444,-27.844674],[-65.364406,-27.845037],[-65.364141,-27.845257],[-65.363942,-27.845575],[-65.363882,-27.845769],[-65.363346,-27.846118],[-65.363243,-27.846245],[-65.362871,-27.846363],[-65.362699,-27.846475],[-65.362546,-27.84667],[-65.362478,-27.846876],[-65.362475,-27.847357],[-65.362634,-27.847663],[-65.362684,-27.847936],[-65.362889,-27.847983],[-65.362925,-27.848087],[-65.362831,-27.848696],[-65.362895,-27.849271],[-65.362968,-27.849428],[-65.363227,-27.849672],[-65.36325,-27.84997],[-65.363158,-27.850299],[-65.363149,-27.850581],[-65.362986,-27.851503],[-65.362897,-27.851649],[-65.362398,-27.85221],[-65.362182,-27.852606],[-65.361945,-27.853165],[-65.361962,-27.853796],[-65.36202,-27.85423],[-65.362017,-27.854771],[-65.362155,-27.855548],[-65.362355,-27.855964],[-65.362746,-27.85694],[-65.363307,-27.858125],[-65.363778,-27.859228],[-65.364061,-27.859401],[-65.364639,-27.859656],[-65.365112,-27.860335],[-65.365198,-27.861265],[-65.365181,-27.864224],[-65.364407,-27.866341],[-65.364014,-27.867522],[-65.363245,-27.868872],[-65.363239,-27.869882],[-65.362187,-27.870816],[-65.36046,-27.872685],[-65.360256,-27.872882],[-65.360174,-27.87308],[-65.360181,-27.87355],[-65.360078,-27.873721],[-65.359447,-27.873979],[-65.359272,-27.874367],[-65.359036,-27.87479],[-65.359036,-27.874943],[-65.359499,-27.875622],[-65.359679,-27.876047],[-65.360114,-27.876238],[-65.360398,-27.876294],[-65.360519,-27.876511],[-65.360678,-27.87708],[-65.359464,-27.877995],[-65.358647,-27.878767],[-65.357862,-27.879305],[-65.357422,-27.879898],[-65.357358,-27.880376],[-65.35708,-27.881061],[-65.355243,-27.882622],[-65.351574,-27.884834],[-65.346327,-27.886027],[-65.341368,-27.888197],[-65.34038,-27.888634],[-65.336247,-27.891854],[-65.332574,-27.896293],[-65.329131,-27.899516],[-65.3241,-27.901711],[-65.322715,-27.903933],[-65.319044,-27.907967],[-65.315614,-27.90896],[-65.309428,-27.912169],[-65.303709,-27.915389],[-65.293334,-27.919126],[-65.299134,-27.922241],[-65.304742,-27.93502],[-65.306651,-27.94149],[-65.305258,-27.941709],[-65.299691,-27.941536],[-65.298584,-27.944553],[-65.299441,-27.947238],[-65.272269,-27.947313],[-65.265319,-27.947339],[-65.265009,-27.959997],[-65.264802,-27.968108],[-65.261729,-27.974679],[-65.254199,-27.986296],[-65.248227,-27.994165],[-65.233596,-27.979197],[-65.227595,-27.951466],[-65.221418,-27.947917],[-65.214478,-27.944711],[-65.205616,-27.939275],[-65.20396,-27.933528],[-65.203166,-27.932376],[-65.202995,-27.931646],[-65.175172,-27.929093],[-65.177265,-27.920988],[-65.162317,-27.919153],[-65.162423,-27.915961],[-65.155223,-27.915632],[-65.143251,-27.912538],[-65.125401,-27.91421],[-65.10321,-27.893548],[-65.098586,-27.893373],[-65.087682,-27.892894],[-65.079213,-27.890644],[-65.065385,-27.886706],[-65.051117,-27.882596],[-65.03904,-27.879296],[-65.037037,-27.871481],[-65.031957,-27.851068],[-65.03023,-27.841837],[-65.029235,-27.840815],[-65.017137,-27.796861],[-65.016158,-27.792693],[-65.016555,-27.788982],[-65.021069,-27.775888],[-64.977628,-27.771747],[-64.978836,-27.767394],[-64.98509,-27.744719],[-64.988113,-27.734154]]]}},{"type":"Feature","properties":{"name":"COMISARIA DE VILLA DE CHICLIGASTA","regional":"URS","color":"#F44336"},"geometry":{"type":"Polygon","coordinates":[[[-65.104221,-27.446917],[-65.104317,-27.445535],[-65.103249,-27.444303],[-65.101739,-27.443351],[-65.099805,-27.442905],[-65.0955,-27.442767],[-65.094116,-27.442581],[-65.092145,-27.441531],[-65.091582,-27.440711],[-65.088644,-27.438576],[-65.088757,-27.433963],[-65.08921,-27.432041],[-65.08908,-27.429952],[-65.091531,-27.427562],[-65.092317,-27.426333],[-65.092501,-27.425115],[-65.093279,-27.423217],[-65.093991,-27.42296],[-65.096068,-27.424019],[-65.095852,-27.425562],[-65.095145,-27.426174],[-65.094953,-27.427095],[-65.095908,-27.42872],[-65.096848,-27.429314],[-65.098767,-27.429564],[-65.103832,-27.428797],[-65.107973,-27.428804],[-65.111692,-27.427804],[-65.113976,-27.426916],[-65.115437,-27.423808],[-65.115085,-27.422863],[-65.115037,-27.420878],[-65.115725,-27.418355],[-65.11724,-27.416599],[-65.118706,-27.415828],[-65.122186,-27.415566],[-65.122881,-27.415687],[-65.123435,-27.416728],[-65.124968,-27.418425],[-65.126936,-27.419329],[-65.127969,-27.419204],[-65.130378,-27.418078],[-65.131536,-27.415192],[-65.131753,-27.413084],[-65.131574,-27.411986],[-65.130055,-27.410474],[-65.12956,-27.409313],[-65.12951,-27.407402],[-65.130314,-27.406484],[-65.130629,-27.405245],[-65.132035,-27.403577],[-65.135083,-27.401566],[-65.136962,-27.400752],[-65.140034,-27.399043],[-65.141807,-27.399272],[-65.143952,-27.398647],[-65.145045,-27.397622],[-65.145492,-27.39592],[-65.147069,-27.392403],[-65.147657,-27.388284],[-65.147038,-27.387246],[-65.146844,-27.385814],[-65.148575,-27.384842],[-65.14972,-27.383459],[-65.151812,-27.382409],[-65.153505,-27.38013],[-65.155352,-27.377064],[-65.156706,-27.375376],[-65.158759,-27.374062],[-65.159912,-27.374278],[-65.161503,-27.375077],[-65.163251,-27.375556],[-65.165596,-27.375035],[-65.166811,-27.374327],[-65.168932,-27.372521],[-65.169979,-27.37195],[-65.170486,-27.370405],[-65.172008,-27.369261],[-65.172779,-27.368014],[-65.175021,-27.367743],[-65.176574,-27.368151],[-65.178169,-27.369481],[-65.17914,-27.370753],[-65.181444,-27.373207],[-65.184436,-27.375018],[-65.185942,-27.375435],[-65.189168,-27.375518],[-65.191067,-27.373949],[-65.191955,-27.371903],[-65.192081,-27.369272],[-65.191907,-27.367055],[-65.193738,-27.363352],[-65.194046,-27.361933],[-65.193939,-27.359367],[-65.194762,-27.357646],[-65.196162,-27.356308],[-65.196655,-27.355356],[-65.199256,-27.355789],[-65.201266,-27.35388],[-65.205667,-27.354937],[-65.207415,-27.356732],[-65.209549,-27.357424],[-65.219891,-27.40676],[-65.219971,-27.407297],[-65.215405,-27.408139],[-65.224087,-27.445376],[-65.225294,-27.445192],[-65.225066,-27.449342],[-65.224534,-27.452347],[-65.224122,-27.4531],[-65.223212,-27.453438],[-65.218523,-27.451989],[-65.216953,-27.452086],[-65.215929,-27.45343],[-65.216284,-27.456761],[-65.214487,-27.457438],[-65.213035,-27.455631],[-65.213135,-27.454659],[-65.214761,-27.453016],[-65.214224,-27.451702],[-65.21225,-27.451377],[-65.211403,-27.451855],[-65.210455,-27.45355],[-65.209387,-27.45746],[-65.208505,-27.458241],[-65.207526,-27.458156],[-65.206998,-27.457125],[-65.207781,-27.454122],[-65.207227,-27.452735],[-65.204782,-27.450926],[-65.203967,-27.450657],[-65.200747,-27.450432],[-65.197729,-27.449595],[-65.19554,-27.449565],[-65.194506,-27.450181],[-65.19411,-27.448793],[-65.192116,-27.44843],[-65.190855,-27.4478],[-65.190353,-27.446694],[-65.190261,-27.445406],[-65.187905,-27.444812],[-65.186859,-27.44536],[-65.185074,-27.445553],[-65.183389,-27.444937],[-65.181291,-27.44351],[-65.178515,-27.443011],[-65.176465,-27.442057],[-65.174768,-27.439888],[-65.172496,-27.439603],[-65.170528,-27.441381],[-65.169259,-27.441337],[-65.168181,-27.439928],[-65.167063,-27.439007],[-65.165894,-27.437525],[-65.162908,-27.436874],[-65.157931,-27.436492],[-65.154386,-27.437591],[-65.153167,-27.438684],[-65.151995,-27.440796],[-65.151912,-27.441684],[-65.15057,-27.442549],[-65.149102,-27.442494],[-65.147334,-27.441171],[-65.146995,-27.439976],[-65.146701,-27.436876],[-65.14629,-27.436296],[-65.145182,-27.436185],[-65.143952,-27.437465],[-65.143314,-27.439621],[-65.14321,-27.44118],[-65.142384,-27.442054],[-65.140827,-27.442338],[-65.137925,-27.440829],[-65.13591,-27.440591],[-65.134733,-27.4408],[-65.13489,-27.441828],[-65.133772,-27.442865],[-65.130517,-27.444529],[-65.128308,-27.446511],[-65.12801,-27.449785],[-65.12748,-27.450608],[-65.127572,-27.451693],[-65.126143,-27.451843],[-65.124455,-27.451155],[-65.123497,-27.45023],[-65.122825,-27.448515],[-65.123019,-27.445405],[-65.122387,-27.443673],[-65.121526,-27.442775],[-65.118979,-27.442082],[-65.117683,-27.442766],[-65.116795,-27.443751],[-65.115265,-27.446583],[-65.115163,-27.449326],[-65.113297,-27.451619],[-65.111472,-27.452138],[-65.109229,-27.451808],[-65.106545,-27.450979],[-65.103995,-27.448997],[-65.102662,-27.448356],[-65.104221,-27.446917]]]}},{"type":"Feature","properties":{"name":"COMISARIA DE GRANEROS","regional":"URS","color":"#F44336"},"geometry":{"type":"Polygon","coordinates":[[[-65.38403,-27.737374],[-65.374915,-27.688904],[-65.372636,-27.689732],[-65.371763,-27.689207],[-65.371646,-27.691755],[-65.370032,-27.690987],[-65.368228,-27.691324],[-65.367298,-27.692523],[-65.36502,-27.692875],[-65.365191,-27.694399],[-65.359514,-27.696177],[-65.358661,-27.69702],[-65.35712,-27.69731],[-65.356198,-27.69902],[-65.353682,-27.700298],[-65.351303,-27.700764],[-65.346812,-27.700019],[-65.343514,-27.699807],[-65.343225,-27.698372],[-65.341928,-27.698675],[-65.338791,-27.697396],[-65.333909,-27.696841],[-65.331306,-27.696764],[-65.329587,-27.695073],[-65.327058,-27.69606],[-65.325339,-27.696152],[-65.31935,-27.66332],[-65.327078,-27.66242],[-65.338267,-27.660759],[-65.336653,-27.65438],[-65.331725,-27.630568],[-65.332647,-27.630573],[-65.334494,-27.627643],[-65.338257,-27.629167],[-65.341928,-27.632471],[-65.332899,-27.595013],[-65.336539,-27.594371],[-65.323741,-27.54203],[-65.32613,-27.541463],[-65.325501,-27.539642],[-65.326692,-27.539425],[-65.327421,-27.540249],[-65.330433,-27.539641],[-65.333323,-27.537247],[-65.334079,-27.536057],[-65.337388,-27.537754],[-65.341669,-27.537123],[-65.342648,-27.535917],[-65.345047,-27.534701],[-65.345897,-27.531742],[-65.345464,-27.529855],[-65.346018,-27.529138],[-65.345144,-27.525892],[-65.348213,-27.52431],[-65.349968,-27.525478],[-65.352908,-27.525376],[-65.353943,-27.526234],[-65.357481,-27.526522],[-65.358885,-27.526195],[-65.360325,-27.527637],[-65.35994,-27.529051],[-65.361292,-27.530323],[-65.363326,-27.529742],[-65.366415,-27.530061],[-65.367634,-27.528759],[-65.369274,-27.527899],[-65.371866,-27.528018],[-65.372287,-27.528619],[-65.374913,-27.529846],[-65.37936,-27.530871],[-65.383505,-27.530881],[-65.384538,-27.52997],[-65.385822,-27.530389],[-65.386368,-27.531824],[-65.386883,-27.531304],[-65.389551,-27.532403],[-65.390987,-27.532065],[-65.392148,-27.533298],[-65.393602,-27.532726],[-65.393383,-27.533958],[-65.397254,-27.532333],[-65.397916,-27.533208],[-65.398586,-27.532461],[-65.400838,-27.533241],[-65.4008,-27.534189],[-65.40186,-27.535014],[-65.400221,-27.535881],[-65.400976,-27.536735],[-65.399639,-27.537461],[-65.400153,-27.538066],[-65.402097,-27.537206],[-65.403333,-27.538623],[-65.404751,-27.537974],[-65.405001,-27.536836],[-65.405974,-27.536559],[-65.405852,-27.53776],[-65.407155,-27.538399],[-65.406698,-27.539347],[-65.407264,-27.540379],[-65.409999,-27.538303],[-65.41186,-27.539592],[-65.413037,-27.538956],[-65.414596,-27.540711],[-65.416058,-27.540582],[-65.416763,-27.539522],[-65.419916,-27.541217],[-65.423353,-27.538779],[-65.426057,-27.540185],[-65.427622,-27.53955],[-65.428956,-27.540163],[-65.430393,-27.539832],[-65.432728,-27.540601],[-65.435395,-27.540162],[-65.437625,-27.538921],[-65.44003,-27.538934],[-65.440319,-27.538026],[-65.441807,-27.538688],[-65.443121,-27.539994],[-65.445474,-27.540145],[-65.446661,-27.538873],[-65.447767,-27.539608],[-65.450983,-27.540116],[-65.452408,-27.539393],[-65.451377,-27.538845],[-65.4522,-27.538221],[-65.451965,-27.536997],[-65.453903,-27.536864],[-65.454576,-27.538108],[-65.455265,-27.536933],[-65.456378,-27.538175],[-65.457598,-27.537106],[-65.458518,-27.538141],[-65.4587,-27.539673],[-65.460223,-27.539994],[-65.460015,-27.538987],[-65.46193,-27.538003],[-65.463376,-27.539368],[-65.46824,-27.540155],[-65.468307,-27.540939],[-65.469951,-27.541531],[-65.471621,-27.540564],[-65.472422,-27.538187],[-65.473981,-27.538135],[-65.475932,-27.540375],[-65.476394,-27.53953],[-65.479439,-27.539098],[-65.478697,-27.540539],[-65.478715,-27.542827],[-65.483075,-27.54265],[-65.48483,-27.541927],[-65.487123,-27.541747],[-65.489532,-27.540881],[-65.490155,-27.541468],[-65.49146,-27.540926],[-65.493595,-27.540986],[-65.495104,-27.541565],[-65.50225,-27.540508],[-65.504789,-27.540991],[-65.506827,-27.542054],[-65.513647,-27.542335],[-65.516833,-27.543189],[-65.518419,-27.54985],[-65.516722,-27.550347],[-65.519728,-27.561798],[-65.520408,-27.561664],[-65.521267,-27.564771],[-65.535118,-27.621537],[-65.532294,-27.622754],[-65.529788,-27.622147],[-65.527805,-27.620512],[-65.522645,-27.617644],[-65.520836,-27.615643],[-65.519788,-27.613261],[-65.517136,-27.611575],[-65.515175,-27.611661],[-65.512579,-27.612731],[-65.511253,-27.61412],[-65.511834,-27.61705],[-65.513826,-27.618358],[-65.514972,-27.61783],[-65.519404,-27.620441],[-65.521665,-27.621116],[-65.521954,-27.622789],[-65.521,-27.623695],[-65.516436,-27.625393],[-65.512623,-27.62738],[-65.520091,-27.661821],[-65.520349,-27.663611],[-65.499459,-27.667214],[-65.505213,-27.692185],[-65.494138,-27.694279],[-65.503928,-27.738154],[-65.490423,-27.740642],[-65.490133,-27.740812],[-65.48016,-27.742551],[-65.483136,-27.756293],[-65.463919,-27.760683],[-65.472724,-27.788312],[-65.429914,-27.793424],[-65.395792,-27.800366],[-65.38403,-27.737374]]]}},{"type":"Feature","properties":{"name":"COMISARIA DE ESCABA","regional":"URS","color":"#F44336"},"geometry":{"type":"Polygon","coordinates":[[[-65.755098,-27.657492],[-65.755665,-27.658348],[-65.75297,-27.660207],[-65.753124,-27.661742],[-65.754878,-27.666122],[-65.755813,-27.666347],[-65.755823,-27.663996],[-65.756911,-27.663316],[-65.759855,-27.663322],[-65.759884,-27.661813],[-65.758581,-27.659107],[-65.760524,-27.657384],[-65.758854,-27.653267],[-65.759993,-27.651519],[-65.765652,-27.648622],[-65.779387,-27.638216],[-65.793913,-27.625323],[-65.795836,-27.621428],[-65.803107,-27.618837],[-65.805981,-27.614419],[-65.810271,-27.613382],[-65.824805,-27.593667],[-65.823442,-27.59058],[-65.828057,-27.585551],[-65.828061,-27.582745],[-65.832039,-27.57284],[-65.833211,-27.571036],[-65.837641,-27.57072],[-65.840816,-27.565834],[-65.837597,-27.564173],[-65.836551,-27.560675],[-65.839137,-27.555757],[-65.843063,-27.554824],[-65.844675,-27.551697],[-65.854797,-27.547588],[-65.857395,-27.540125],[-65.860371,-27.539418],[-65.870755,-27.52177],[-65.878697,-27.514598],[-65.89118,-27.507725],[-65.893224,-27.507199],[-65.895761,-27.505083],[-65.896895,-27.505014],[-65.898606,-27.50211],[-65.90221,-27.50012],[-65.908802,-27.4985],[-65.914585,-27.49345],[-65.919807,-27.485644],[-65.929677,-27.47468],[-65.93165,-27.469068],[-65.931854,-27.463723],[-65.932992,-27.46074],[-65.934159,-27.45969],[-65.936201,-27.459331],[-65.939219,-27.461152],[-65.952535,-27.458694],[-65.964474,-27.456672],[-65.971718,-27.455611],[-65.972099,-27.470598],[-65.972871,-27.481959],[-65.975882,-27.502633],[-65.969506,-27.513302],[-65.968084,-27.521242],[-65.968288,-27.535389],[-65.962501,-27.548115],[-65.96573,-27.559162],[-65.963587,-27.565956],[-65.960773,-27.569968],[-65.950176,-27.585836],[-65.946715,-27.592432],[-65.944119,-27.595638],[-65.943773,-27.602033],[-65.942041,-27.603615],[-65.940831,-27.60849],[-65.939525,-27.611571],[-65.939505,-27.616533],[-65.937857,-27.620629],[-65.935401,-27.62293],[-65.934573,-27.630491],[-65.932838,-27.636017],[-65.933481,-27.638987],[-65.932228,-27.643092],[-65.931136,-27.644953],[-65.928527,-27.64797],[-65.925117,-27.650582],[-65.923119,-27.655498],[-65.917764,-27.665866],[-65.915497,-27.66963],[-65.917343,-27.673234],[-65.913861,-27.682298],[-65.87629,-27.672655],[-65.866789,-27.676654],[-65.864027,-27.689687],[-65.866914,-27.696682],[-65.865762,-27.703974],[-65.866376,-27.709127],[-65.863885,-27.716347],[-65.862562,-27.723128],[-65.861271,-27.726162],[-65.857121,-27.733773],[-65.852931,-27.744982],[-65.852139,-27.745483],[-65.851321,-27.749288],[-65.849114,-27.751247],[-65.847093,-27.758967],[-65.845414,-27.769655],[-65.845272,-27.773114],[-65.843065,-27.779476],[-65.840726,-27.782078],[-65.841998,-27.78795],[-65.839388,-27.788679],[-65.837135,-27.792472],[-65.835933,-27.800202],[-65.83173,-27.816289],[-65.832085,-27.822436],[-65.829861,-27.840389],[-65.826024,-27.845957],[-65.82443,-27.84056],[-65.820168,-27.834964],[-65.818741,-27.831317],[-65.819179,-27.828739],[-65.820202,-27.827541],[-65.81936,-27.825873],[-65.815685,-27.827442],[-65.814937,-27.826325],[-65.818999,-27.824085],[-65.821509,-27.824318],[-65.820553,-27.820226],[-65.818616,-27.821047],[-65.814276,-27.821104],[-65.810942,-27.820195],[-65.808437,-27.820376],[-65.80897,-27.815625],[-65.807271,-27.815412],[-65.806568,-27.816994],[-65.803423,-27.816137],[-65.802205,-27.815285],[-65.801294,-27.81246],[-65.799599,-27.809382],[-65.798972,-27.80603],[-65.797509,-27.80589],[-65.79482,-27.807112],[-65.795207,-27.804117],[-65.794703,-27.800258],[-65.79525,-27.799573],[-65.798117,-27.798936],[-65.79956,-27.794416],[-65.758931,-27.765995],[-65.759009,-27.763848],[-65.756868,-27.761956],[-65.756305,-27.758792],[-65.756944,-27.756369],[-65.758131,-27.756098],[-65.759165,-27.754539],[-65.759526,-27.75168],[-65.759112,-27.749924],[-65.759954,-27.748297],[-65.759303,-27.747257],[-65.764329,-27.747298],[-65.766816,-27.741893],[-65.769795,-27.741783],[-65.76962,-27.740421],[-65.765932,-27.738417],[-65.762466,-27.737254],[-65.763545,-27.733255],[-65.760934,-27.73165],[-65.763075,-27.728811],[-65.760941,-27.727496],[-65.761109,-27.72311],[-65.761913,-27.720772],[-65.75802,-27.720675],[-65.756418,-27.713299],[-65.757039,-27.710516],[-65.75605,-27.707782],[-65.753895,-27.70395],[-65.753865,-27.701866],[-65.751522,-27.700868],[-65.751265,-27.699698],[-65.75314,-27.69784],[-65.752892,-27.696492],[-65.749496,-27.696057],[-65.746699,-27.692726],[-65.747809,-27.690076],[-65.746315,-27.689014],[-65.747861,-27.688118],[-65.746816,-27.687445],[-65.745757,-27.684419],[-65.746744,-27.682277],[-65.745704,-27.680986],[-65.746317,-27.67894],[-65.741544,-27.679258],[-65.743093,-27.677258],[-65.744836,-27.676038],[-65.745067,-27.674302],[-65.748146,-27.671187],[-65.749803,-27.668524],[-65.749893,-27.666806],[-65.751717,-27.663395],[-65.751201,-27.661265],[-65.752438,-27.657452],[-65.755098,-27.657492]]]}},{"type":"Feature","properties":{"name":"COMISARIA DE HUASA PAMPA","regional":"URS","color":"#F44336"},"geometry":{"type":"Polygon","coordinates":[[[-65.614731,-27.802844],[-65.63596,-27.798483],[-65.63811,-27.798489],[-65.693069,-27.787466],[-65.692787,-27.788153],[-65.693058,-27.789308],[-65.693579,-27.790184],[-65.694329,-27.790646],[-65.694623,-27.791265],[-65.695191,-27.791784],[-65.695443,-27.792354],[-65.696259,-27.79268],[-65.696156,-27.793737],[-65.698338,-27.793087],[-65.699128,-27.79337],[-65.699552,-27.794029],[-65.700507,-27.794147],[-65.701446,-27.793717],[-65.701719,-27.794161],[-65.703297,-27.794572],[-65.703676,-27.795389],[-65.70332,-27.796815],[-65.703451,-27.797611],[-65.703962,-27.797931],[-65.704584,-27.797536],[-65.705372,-27.79671],[-65.706052,-27.796389],[-65.706145,-27.797228],[-65.705863,-27.797952],[-65.706351,-27.798774],[-65.708385,-27.798252],[-65.709122,-27.798456],[-65.709819,-27.799458],[-65.709914,-27.799908],[-65.709207,-27.800781],[-65.708844,-27.802106],[-65.708836,-27.802702],[-65.708149,-27.803149],[-65.708369,-27.80478],[-65.70893,-27.805573],[-65.70995,-27.807646],[-65.710404,-27.807703],[-65.711722,-27.807101],[-65.71259,-27.80754],[-65.712685,-27.808704],[-65.712141,-27.809817],[-65.716175,-27.807708],[-65.715582,-27.808605],[-65.708783,-27.822558],[-65.705296,-27.827991],[-65.701114,-27.841993],[-65.700274,-27.876818],[-65.699352,-27.893045],[-65.697584,-27.897975],[-65.686225,-27.914381],[-65.645475,-27.897654],[-65.645313,-27.898204],[-65.645473,-27.899364],[-65.645795,-27.900476],[-65.644322,-27.90168],[-65.644154,-27.90337],[-65.64328,-27.904285],[-65.64204,-27.907213],[-65.64042,-27.909074],[-65.640026,-27.909985],[-65.639924,-27.911286],[-65.639678,-27.91185],[-65.638054,-27.914202],[-65.63756,-27.915624],[-65.637811,-27.916245],[-65.636987,-27.916517],[-65.636762,-27.917383],[-65.636366,-27.917945],[-65.635661,-27.918476],[-65.635213,-27.920718],[-65.589532,-27.919021],[-65.58817,-27.919358],[-65.587484,-27.918899],[-65.586726,-27.919723],[-65.585819,-27.919061],[-65.585324,-27.919319],[-65.58545,-27.919756],[-65.584613,-27.920277],[-65.584663,-27.919798],[-65.583452,-27.919195],[-65.582274,-27.918978],[-65.582364,-27.91951],[-65.581479,-27.919601],[-65.581506,-27.918624],[-65.581109,-27.918006],[-65.580662,-27.918765],[-65.579846,-27.918238],[-65.578747,-27.918287],[-65.577893,-27.919707],[-65.577571,-27.919246],[-65.576984,-27.91917],[-65.576074,-27.918687],[-65.575015,-27.918375],[-65.57477,-27.919219],[-65.574382,-27.919134],[-65.572737,-27.919987],[-65.572019,-27.920247],[-65.572046,-27.92083],[-65.570802,-27.92147],[-65.568837,-27.921181],[-65.567042,-27.920338],[-65.566459,-27.920354],[-65.565991,-27.920696],[-65.564987,-27.920834],[-65.564521,-27.920674],[-65.562216,-27.92072],[-65.561659,-27.920956],[-65.559101,-27.920507],[-65.557224,-27.920852],[-65.555676,-27.921406],[-65.553197,-27.922967],[-65.551855,-27.923136],[-65.55088,-27.923529],[-65.550243,-27.922541],[-65.528332,-27.928416],[-65.527954,-27.92618],[-65.520775,-27.929962],[-65.512335,-27.932282],[-65.508265,-27.932933],[-65.508388,-27.930173],[-65.508281,-27.929369],[-65.507381,-27.928257],[-65.506433,-27.927948],[-65.504991,-27.928401],[-65.504663,-27.929325],[-65.503943,-27.930084],[-65.50132,-27.930898],[-65.499903,-27.930521],[-65.499802,-27.929195],[-65.500761,-27.927627],[-65.500886,-27.92679],[-65.501323,-27.925779],[-65.501488,-27.924501],[-65.500949,-27.923933],[-65.500051,-27.923701],[-65.499764,-27.923123],[-65.498252,-27.92158],[-65.497578,-27.921308],[-65.49648,-27.921544],[-65.495906,-27.921428],[-65.495386,-27.920816],[-65.495563,-27.919103],[-65.4937,-27.916869],[-65.494516,-27.914465],[-65.489125,-27.911567],[-65.489148,-27.911313],[-65.487688,-27.910412],[-65.486278,-27.910725],[-65.481306,-27.907843],[-65.522929,-27.896699],[-65.563161,-27.894296],[-65.563631,-27.891897],[-65.570249,-27.866661],[-65.567634,-27.843346],[-65.576245,-27.843202],[-65.577013,-27.840365],[-65.576975,-27.839877],[-65.577859,-27.840028],[-65.578987,-27.840532],[-65.579811,-27.840442],[-65.581493,-27.841097],[-65.581871,-27.841684],[-65.583016,-27.841041],[-65.583428,-27.841809],[-65.583758,-27.841742],[-65.583858,-27.840614],[-65.584775,-27.841087],[-65.586899,-27.84082],[-65.588653,-27.840914],[-65.58849,-27.839842],[-65.588982,-27.839843],[-65.589845,-27.841847],[-65.590492,-27.84229],[-65.591091,-27.842406],[-65.59368,-27.833484],[-65.595219,-27.827514],[-65.594727,-27.825379],[-65.591303,-27.817108],[-65.591408,-27.807769],[-65.592424,-27.807564],[-65.593359,-27.807105],[-65.593833,-27.807632],[-65.594259,-27.8077],[-65.59458,-27.807087],[-65.595178,-27.806698],[-65.596029,-27.807049],[-65.596968,-27.806683],[-65.597278,-27.80593],[-65.598271,-27.805937],[-65.598579,-27.806741],[-65.598986,-27.806816],[-65.599691,-27.806091],[-65.60095,-27.805714],[-65.601733,-27.805742],[-65.603128,-27.805254],[-65.614731,-27.802844]]]}},{"type":"Feature","properties":{"name":"COMISARIA DE JUAN BAUTISTA ALBERDI","regional":"URS","color":"#F44336"},"geometry":{"type":"Polygon","coordinates":[[[-65.535117,-27.62153],[-65.530359,-27.602591],[-65.526731,-27.587216],[-65.52164,-27.566249],[-65.528591,-27.564848],[-65.529635,-27.56549],[-65.565608,-27.558542],[-65.5743,-27.55669],[-65.582366,-27.556652],[-65.591655,-27.5558],[-65.590936,-27.554201],[-65.59717,-27.552929],[-65.598149,-27.554522],[-65.619741,-27.550517],[-65.620188,-27.54968],[-65.669102,-27.539397],[-65.669674,-27.541634],[-65.686037,-27.538098],[-65.691384,-27.537484],[-65.690909,-27.535051],[-65.691968,-27.535569],[-65.696403,-27.535898],[-65.697411,-27.535139],[-65.698344,-27.536603],[-65.699408,-27.535389],[-65.69991,-27.538116],[-65.703387,-27.536073],[-65.706871,-27.536695],[-65.710403,-27.534602],[-65.712951,-27.534914],[-65.711595,-27.537097],[-65.714091,-27.536218],[-65.714847,-27.536941],[-65.719861,-27.537234],[-65.723531,-27.540422],[-65.726821,-27.541325],[-65.72764,-27.538956],[-65.73075,-27.540485],[-65.732914,-27.539925],[-65.733758,-27.538477],[-65.73629,-27.539599],[-65.737724,-27.539307],[-65.740021,-27.540813],[-65.740315,-27.538591],[-65.742907,-27.537994],[-65.743578,-27.539592],[-65.74934,-27.538214],[-65.748504,-27.536162],[-65.75052,-27.534308],[-65.749505,-27.53244],[-65.751929,-27.532395],[-65.751704,-27.528244],[-65.754748,-27.52836],[-65.756316,-27.529456],[-65.757864,-27.527027],[-65.759187,-27.52698],[-65.758464,-27.529877],[-65.760997,-27.530814],[-65.763174,-27.530499],[-65.763556,-27.532219],[-65.767666,-27.530089],[-65.770419,-27.531101],[-65.771133,-27.53233],[-65.774162,-27.53317],[-65.776478,-27.532289],[-65.777307,-27.530891],[-65.779895,-27.532049],[-65.845141,-27.520606],[-65.878696,-27.514597],[-65.870634,-27.521917],[-65.860332,-27.539432],[-65.857346,-27.540128],[-65.854829,-27.547498],[-65.844747,-27.551755],[-65.843027,-27.554855],[-65.839091,-27.555977],[-65.836497,-27.56056],[-65.837487,-27.564282],[-65.840757,-27.565896],[-65.837599,-27.570617],[-65.833202,-27.570952],[-65.832083,-27.572756],[-65.827981,-27.582669],[-65.827959,-27.585607],[-65.823358,-27.590585],[-65.824712,-27.593544],[-65.818735,-27.601941],[-65.810156,-27.613402],[-65.805943,-27.61433],[-65.803016,-27.618883],[-65.795832,-27.621327],[-65.793757,-27.625431],[-65.780974,-27.636726],[-65.765431,-27.648737],[-65.759848,-27.651565],[-65.758839,-27.653265],[-65.760491,-27.657471],[-65.75862,-27.65901],[-65.759835,-27.6633],[-65.757079,-27.663255],[-65.755792,-27.663989],[-65.755845,-27.666301],[-65.754895,-27.666156],[-65.753199,-27.661958],[-65.752952,-27.660172],[-65.755679,-27.65835],[-65.755103,-27.657523],[-65.752441,-27.65744],[-65.751195,-27.661767],[-65.751683,-27.663415],[-65.749926,-27.666615],[-65.749793,-27.668534],[-65.747027,-27.67258],[-65.745066,-27.674319],[-65.74486,-27.676028],[-65.743361,-27.677169],[-65.739383,-27.676749],[-65.738162,-27.675525],[-65.736331,-27.676567],[-65.73489,-27.675278],[-65.729131,-27.673776],[-65.726726,-27.672238],[-65.725975,-27.66954],[-65.724313,-27.669001],[-65.722991,-27.670353],[-65.719234,-27.669515],[-65.718754,-27.667804],[-65.715964,-27.665614],[-65.715549,-27.664359],[-65.713119,-27.665005],[-65.709125,-27.662084],[-65.706319,-27.661448],[-65.703731,-27.658903],[-65.697347,-27.657512],[-65.689979,-27.655006],[-65.68673,-27.65314],[-65.684389,-27.650485],[-65.682268,-27.639925],[-65.68033,-27.638471],[-65.677233,-27.637665],[-65.676073,-27.635295],[-65.672781,-27.636633],[-65.668746,-27.635059],[-65.666986,-27.635536],[-65.664204,-27.637857],[-65.661023,-27.636222],[-65.659131,-27.634235],[-65.651015,-27.636042],[-65.648167,-27.634079],[-65.645032,-27.634058],[-65.64085,-27.631392],[-65.638148,-27.630419],[-65.635418,-27.630571],[-65.633525,-27.632213],[-65.633703,-27.633808],[-65.630354,-27.633568],[-65.62837,-27.631583],[-65.625949,-27.632165],[-65.626341,-27.633801],[-65.624282,-27.637042],[-65.622493,-27.637687],[-65.620633,-27.634213],[-65.618418,-27.633365],[-65.616079,-27.630944],[-65.611502,-27.62996],[-65.610458,-27.628748],[-65.611082,-27.624654],[-65.6087,-27.624251],[-65.60486,-27.624919],[-65.600905,-27.623674],[-65.597656,-27.623659],[-65.598236,-27.622165],[-65.600118,-27.62191],[-65.600255,-27.620183],[-65.598269,-27.618952],[-65.595823,-27.618947],[-65.595181,-27.617888],[-65.59765,-27.616077],[-65.596658,-27.614697],[-65.594494,-27.61578],[-65.591876,-27.615441],[-65.58872,-27.6183],[-65.587696,-27.620326],[-65.588041,-27.622724],[-65.585846,-27.623201],[-65.58397,-27.621277],[-65.57823,-27.6201],[-65.573655,-27.616733],[-65.571442,-27.614547],[-65.569841,-27.615115],[-65.568927,-27.617221],[-65.56733,-27.616181],[-65.555668,-27.6124],[-65.552259,-27.609606],[-65.549757,-27.60898],[-65.544211,-27.609297],[-65.540799,-27.610412],[-65.538159,-27.613028],[-65.53838,-27.614818],[-65.536249,-27.620254],[-65.535117,-27.62153]]]}},{"type":"Feature","properties":{"name":"COMISARIA DE LA COCHA","regional":"URS","color":"#F44336"},"geometry":{"type":"Polygon","coordinates":[[[-65.591413,-27.807839],[-65.591307,-27.817177],[-65.594731,-27.825449],[-65.595224,-27.827583],[-65.593685,-27.833554],[-65.591096,-27.842475],[-65.589849,-27.841916],[-65.588987,-27.839913],[-65.588657,-27.840983],[-65.584779,-27.841156],[-65.583862,-27.840684],[-65.583763,-27.841811],[-65.58302,-27.84111],[-65.581875,-27.841753],[-65.581498,-27.841166],[-65.576917,-27.839936],[-65.576304,-27.843223],[-65.567502,-27.843351],[-65.570399,-27.866902],[-65.563159,-27.894099],[-65.522678,-27.896739],[-65.48133,-27.907843],[-65.478545,-27.907869],[-65.477774,-27.908554],[-65.476241,-27.907473],[-65.473548,-27.903832],[-65.471524,-27.902594],[-65.470974,-27.901822],[-65.466994,-27.899769],[-65.464766,-27.899401],[-65.460649,-27.896671],[-65.455778,-27.895308],[-65.451902,-27.894893],[-65.446629,-27.893565],[-65.443972,-27.891869],[-65.443161,-27.890574],[-65.438861,-27.888522],[-65.437286,-27.887587],[-65.434882,-27.885265],[-65.433563,-27.884627],[-65.431824,-27.88468],[-65.430578,-27.884202],[-65.428245,-27.884405],[-65.42719,-27.883962],[-65.423215,-27.884097],[-65.420082,-27.882569],[-65.418484,-27.88066],[-65.414731,-27.87758],[-65.40892,-27.874885],[-65.405398,-27.872779],[-65.402693,-27.869578],[-65.400588,-27.868039],[-65.397227,-27.864188],[-65.396974,-27.862832],[-65.395598,-27.859443],[-65.394083,-27.856914],[-65.392564,-27.856589],[-65.389806,-27.855092],[-65.387733,-27.855134],[-65.38297,-27.854251],[-65.381752,-27.852302],[-65.379657,-27.850696],[-65.377455,-27.84942],[-65.375952,-27.848969],[-65.375206,-27.848234],[-65.373814,-27.848251],[-65.372008,-27.846524],[-65.370328,-27.846218],[-65.367016,-27.846809],[-65.366395,-27.846543],[-65.365591,-27.845042],[-65.366258,-27.845202],[-65.368801,-27.843693],[-65.372167,-27.842355],[-65.374002,-27.842352],[-65.375527,-27.841934],[-65.381321,-27.840941],[-65.384853,-27.841169],[-65.386504,-27.841043],[-65.38616,-27.842436],[-65.388672,-27.84312],[-65.390112,-27.844801],[-65.395741,-27.848347],[-65.396159,-27.847049],[-65.401967,-27.848382],[-65.40113,-27.839331],[-65.398732,-27.811834],[-65.397663,-27.799998],[-65.432493,-27.793021],[-65.473133,-27.788659],[-65.464249,-27.760416],[-65.483137,-27.756303],[-65.480525,-27.742773],[-65.517828,-27.735878],[-65.502431,-27.738132],[-65.494167,-27.694261],[-65.505216,-27.692176],[-65.503362,-27.684203],[-65.50658,-27.685529],[-65.511942,-27.685392],[-65.513323,-27.684663],[-65.51381,-27.682678],[-65.517719,-27.681716],[-65.518465,-27.682735],[-65.518309,-27.684576],[-65.51883,-27.685515],[-65.520033,-27.685573],[-65.521441,-27.684575],[-65.522879,-27.684853],[-65.524178,-27.687233],[-65.523814,-27.688583],[-65.524419,-27.689588],[-65.526514,-27.690129],[-65.52824,-27.690943],[-65.532739,-27.694194],[-65.535208,-27.695152],[-65.537237,-27.696947],[-65.538029,-27.699117],[-65.539588,-27.701148],[-65.542212,-27.703136],[-65.543043,-27.702979],[-65.543203,-27.701829],[-65.545059,-27.701173],[-65.546841,-27.701548],[-65.549011,-27.701443],[-65.550766,-27.702089],[-65.551361,-27.702953],[-65.553957,-27.70455],[-65.555507,-27.705966],[-65.557298,-27.708294],[-65.557574,-27.710216],[-65.559343,-27.709877],[-65.561474,-27.712186],[-65.564652,-27.71132],[-65.565703,-27.71015],[-65.568106,-27.710076],[-65.568042,-27.71249],[-65.569101,-27.714183],[-65.572772,-27.715121],[-65.574916,-27.71385],[-65.57726,-27.711361],[-65.5788,-27.711487],[-65.579385,-27.713981],[-65.577896,-27.715312],[-65.577711,-27.716456],[-65.578267,-27.718158],[-65.577181,-27.720795],[-65.577787,-27.721515],[-65.578644,-27.721129],[-65.581815,-27.718033],[-65.583266,-27.71726],[-65.583903,-27.716193],[-65.583861,-27.715109],[-65.581829,-27.712013],[-65.583049,-27.710947],[-65.58521,-27.710945],[-65.587279,-27.711419],[-65.589705,-27.712527],[-65.590241,-27.713812],[-65.589651,-27.715267],[-65.588347,-27.716845],[-65.586856,-27.717639],[-65.586246,-27.718579],[-65.586599,-27.720062],[-65.588466,-27.719164],[-65.592652,-27.718422],[-65.593449,-27.717381],[-65.592893,-27.715941],[-65.591831,-27.715181],[-65.592041,-27.713909],[-65.594815,-27.712885],[-65.597553,-27.713385],[-65.599284,-27.712924],[-65.60141,-27.711942],[-65.601384,-27.712337],[-65.605473,-27.731458],[-65.606165,-27.73159],[-65.605981,-27.734257],[-65.60808,-27.740587],[-65.608985,-27.744465],[-65.609188,-27.746389],[-65.610036,-27.750318],[-65.610573,-27.750818],[-65.611703,-27.754872],[-65.608536,-27.755095],[-65.609141,-27.75796],[-65.611101,-27.765984],[-65.606006,-27.766901],[-65.608631,-27.776989],[-65.608289,-27.777057],[-65.609802,-27.782937],[-65.614825,-27.802917],[-65.599695,-27.806161],[-65.599091,-27.806859],[-65.598321,-27.806054],[-65.59729,-27.805991],[-65.596589,-27.80708],[-65.595167,-27.80677],[-65.59406,-27.807787],[-65.593363,-27.807174],[-65.591413,-27.807839]]]}},{"type":"Feature","properties":{"name":"COMISARIA DE VILLA BELGRANO","regional":"URS","color":"#F44336"},"geometry":{"type":"Polygon","coordinates":[[[-65.559156,-27.559889],[-65.548303,-27.561995],[-65.529492,-27.56549],[-65.528578,-27.564909],[-65.521589,-27.566203],[-65.520408,-27.561664],[-65.519728,-27.561798],[-65.516722,-27.550347],[-65.518419,-27.54985],[-65.516825,-27.543321],[-65.517343,-27.54336],[-65.519668,-27.545006],[-65.522458,-27.545536],[-65.523924,-27.545191],[-65.527273,-27.543916],[-65.528742,-27.543925],[-65.532116,-27.543302],[-65.535418,-27.541424],[-65.537596,-27.54234],[-65.539347,-27.542104],[-65.540372,-27.542242],[-65.544343,-27.542007],[-65.545266,-27.541502],[-65.547408,-27.540972],[-65.547892,-27.540363],[-65.55052,-27.539545],[-65.551101,-27.539566],[-65.552833,-27.538375],[-65.554411,-27.53623],[-65.555522,-27.535619],[-65.556301,-27.535872],[-65.557197,-27.535083],[-65.559216,-27.534599],[-65.560221,-27.532912],[-65.561388,-27.531542],[-65.565054,-27.529128],[-65.565618,-27.529214],[-65.566431,-27.528494],[-65.567562,-27.528837],[-65.568734,-27.52862],[-65.569647,-27.527838],[-65.571247,-27.527322],[-65.572831,-27.527127],[-65.573563,-27.526183],[-65.574989,-27.525244],[-65.576545,-27.524708],[-65.577562,-27.522156],[-65.576785,-27.520642],[-65.57746,-27.519501],[-65.579111,-27.518503],[-65.583628,-27.51962],[-65.586162,-27.519139],[-65.588683,-27.517826],[-65.588417,-27.516498],[-65.590846,-27.516049],[-65.59106,-27.517128],[-65.59341,-27.516363],[-65.594795,-27.517126],[-65.595781,-27.51731],[-65.598748,-27.516801],[-65.59975,-27.517139],[-65.600745,-27.516556],[-65.601725,-27.516788],[-65.601415,-27.515791],[-65.602687,-27.51704],[-65.603681,-27.517088],[-65.604558,-27.516277],[-65.604706,-27.517032],[-65.606122,-27.517027],[-65.606633,-27.516145],[-65.607439,-27.516587],[-65.608844,-27.515815],[-65.60997,-27.517044],[-65.6119,-27.516847],[-65.612582,-27.517794],[-65.614317,-27.51888],[-65.615487,-27.51897],[-65.615527,-27.520466],[-65.616586,-27.520388],[-65.616817,-27.521252],[-65.618172,-27.521686],[-65.619319,-27.521399],[-65.6229,-27.521451],[-65.623005,-27.52037],[-65.624145,-27.521001],[-65.624915,-27.5203],[-65.624278,-27.519839],[-65.624702,-27.519404],[-65.625682,-27.52004],[-65.627282,-27.519225],[-65.628271,-27.519338],[-65.627965,-27.518482],[-65.628296,-27.516969],[-65.62881,-27.516954],[-65.628719,-27.517994],[-65.629386,-27.518273],[-65.630161,-27.517378],[-65.631306,-27.517658],[-65.632241,-27.516639],[-65.632692,-27.51736],[-65.634666,-27.517251],[-65.636785,-27.518198],[-65.637239,-27.518927],[-65.638561,-27.518389],[-65.639392,-27.5188],[-65.640398,-27.517799],[-65.640977,-27.518817],[-65.642003,-27.519441],[-65.64257,-27.518885],[-65.643386,-27.519097],[-65.643489,-27.51767],[-65.644153,-27.517749],[-65.645468,-27.518768],[-65.646857,-27.518557],[-65.646182,-27.519676],[-65.647395,-27.520685],[-65.648573,-27.520172],[-65.647895,-27.522118],[-65.649569,-27.522334],[-65.650109,-27.523118],[-65.649302,-27.523159],[-65.649414,-27.524218],[-65.651199,-27.524033],[-65.651864,-27.525528],[-65.650889,-27.52575],[-65.650685,-27.526324],[-65.649178,-27.526233],[-65.649948,-27.527023],[-65.650751,-27.52712],[-65.65348,-27.526234],[-65.654235,-27.526824],[-65.655856,-27.527276],[-65.657715,-27.527416],[-65.657792,-27.526761],[-65.658862,-27.526501],[-65.659595,-27.52712],[-65.660996,-27.527284],[-65.661754,-27.526806],[-65.662563,-27.527307],[-65.662975,-27.526879],[-65.662984,-27.525218],[-65.663412,-27.524414],[-65.662851,-27.523537],[-65.661592,-27.52293],[-65.662196,-27.522595],[-65.663108,-27.523287],[-65.664511,-27.523206],[-65.664869,-27.5221],[-65.662662,-27.521047],[-65.662764,-27.520259],[-65.663878,-27.521476],[-65.664904,-27.521595],[-65.666858,-27.522307],[-65.667578,-27.523322],[-65.667812,-27.524573],[-65.668586,-27.524912],[-65.67071,-27.525036],[-65.671829,-27.526401],[-65.673304,-27.527335],[-65.673403,-27.528117],[-65.671909,-27.528537],[-65.671076,-27.529445],[-65.671756,-27.529835],[-65.673509,-27.529433],[-65.674901,-27.530414],[-65.675276,-27.531552],[-65.676745,-27.53253],[-65.677153,-27.531677],[-65.678901,-27.531677],[-65.67973,-27.532886],[-65.679776,-27.533546],[-65.68089,-27.534162],[-65.68255,-27.534154],[-65.684111,-27.534711],[-65.683873,-27.535814],[-65.685068,-27.535549],[-65.685746,-27.53498],[-65.68709,-27.535084],[-65.688023,-27.535943],[-65.687891,-27.536989],[-65.689793,-27.536061],[-65.689218,-27.535469],[-65.690434,-27.534461],[-65.690891,-27.534961],[-65.691375,-27.537498],[-65.687377,-27.538273],[-65.686023,-27.538083],[-65.669917,-27.54158],[-65.669121,-27.539368],[-65.620204,-27.549672],[-65.62014,-27.552456],[-65.619734,-27.550515],[-65.605406,-27.553139],[-65.598149,-27.554522],[-65.59717,-27.552929],[-65.590936,-27.554201],[-65.591655,-27.5558],[-65.582366,-27.556652],[-65.577594,-27.556595],[-65.5743,-27.55669],[-65.559156,-27.559889]]]}},{"type":"Feature","properties":{"name":"COMISARIA LA INVERNADA","regional":"URS","color":"#F44336"},"geometry":{"type":"Polygon","coordinates":[[[-65.677108,-27.637606],[-65.682279,-27.63992],[-65.684355,-27.650478],[-65.689935,-27.655001],[-65.697351,-27.657529],[-65.703723,-27.658955],[-65.706311,-27.661458],[-65.709102,-27.662103],[-65.713141,-27.665025],[-65.715581,-27.664343],[-65.719261,-27.669519],[-65.72299,-27.670364],[-65.725963,-27.669553],[-65.72672,-27.672268],[-65.729162,-27.673777],[-65.734864,-27.675277],[-65.736329,-27.676603],[-65.743394,-27.677161],[-65.741544,-27.679258],[-65.746317,-27.67894],[-65.745748,-27.684297],[-65.746237,-27.68891],[-65.747809,-27.690076],[-65.746699,-27.692726],[-65.749496,-27.696057],[-65.753269,-27.697691],[-65.751152,-27.700406],[-65.754504,-27.702605],[-65.753895,-27.70395],[-65.757039,-27.710516],[-65.756418,-27.713299],[-65.75802,-27.720675],[-65.761913,-27.720772],[-65.760918,-27.72731],[-65.763132,-27.728491],[-65.760934,-27.73165],[-65.763545,-27.733255],[-65.762466,-27.737254],[-65.769975,-27.740897],[-65.766157,-27.742923],[-65.764473,-27.747116],[-65.759303,-27.747257],[-65.759085,-27.754599],[-65.756211,-27.75855],[-65.756883,-27.762003],[-65.759009,-27.763848],[-65.758379,-27.765609],[-65.732003,-27.786605],[-65.719985,-27.801954],[-65.716175,-27.807708],[-65.712145,-27.809815],[-65.712595,-27.807609],[-65.709955,-27.807716],[-65.708373,-27.80485],[-65.709918,-27.799977],[-65.706355,-27.798843],[-65.706056,-27.796459],[-65.703966,-27.798],[-65.703302,-27.794641],[-65.698342,-27.793156],[-65.69616,-27.793807],[-65.692817,-27.787998],[-65.6935,-27.78503],[-65.689642,-27.785248],[-65.68931,-27.782076],[-65.69089,-27.780316],[-65.686295,-27.780587],[-65.684369,-27.774296],[-65.687137,-27.769831],[-65.691668,-27.769896],[-65.692072,-27.76557],[-65.687647,-27.765711],[-65.686312,-27.763509],[-65.689538,-27.762891],[-65.691721,-27.760246],[-65.689335,-27.760389],[-65.684203,-27.758011],[-65.685825,-27.756606],[-65.682849,-27.755551],[-65.680341,-27.757598],[-65.677822,-27.756938],[-65.678384,-27.753496],[-65.680557,-27.749088],[-65.67813,-27.747411],[-65.680305,-27.744136],[-65.676469,-27.743227],[-65.668878,-27.738687],[-65.666078,-27.73816],[-65.660811,-27.739235],[-65.659453,-27.741066],[-65.654535,-27.740556],[-65.65071,-27.741782],[-65.646304,-27.740935],[-65.641428,-27.73561],[-65.639821,-27.731868],[-65.636302,-27.731952],[-65.634577,-27.724646],[-65.628662,-27.723734],[-65.624852,-27.719862],[-65.619887,-27.720697],[-65.618866,-27.718861],[-65.612195,-27.715621],[-65.609035,-27.715558],[-65.608046,-27.712689],[-65.602087,-27.711763],[-65.597249,-27.713348],[-65.594925,-27.712886],[-65.5918,-27.714333],[-65.593225,-27.717961],[-65.586656,-27.720075],[-65.586908,-27.717638],[-65.590225,-27.713321],[-65.587507,-27.711507],[-65.582885,-27.710989],[-65.581866,-27.712126],[-65.583755,-27.714778],[-65.583185,-27.717283],[-65.578105,-27.721485],[-65.5777,-27.716361],[-65.579403,-27.713906],[-65.578448,-27.711207],[-65.572693,-27.71512],[-65.569149,-27.714191],[-65.568369,-27.710585],[-65.566694,-27.709875],[-65.56179,-27.712203],[-65.559172,-27.70982],[-65.557615,-27.710219],[-65.555655,-27.705998],[-65.549429,-27.701503],[-65.545151,-27.701135],[-65.542325,-27.703113],[-65.539358,-27.700793],[-65.537249,-27.696938],[-65.528202,-27.690857],[-65.524404,-27.689601],[-65.522955,-27.684857],[-65.518836,-27.685513],[-65.517764,-27.681685],[-65.513763,-27.682645],[-65.511974,-27.685404],[-65.506616,-27.685485],[-65.503405,-27.684168],[-65.499459,-27.667214],[-65.520349,-27.663611],[-65.516038,-27.642597],[-65.512628,-27.6274],[-65.52101,-27.623711],[-65.521674,-27.6211],[-65.514968,-27.617812],[-65.512139,-27.617667],[-65.511273,-27.614125],[-65.515249,-27.611664],[-65.519996,-27.613559],[-65.522633,-27.617661],[-65.529778,-27.622163],[-65.532241,-27.622775],[-65.53629,-27.620301],[-65.538377,-27.614886],[-65.538125,-27.613131],[-65.540695,-27.610498],[-65.544716,-27.609235],[-65.55176,-27.609421],[-65.5565,-27.612829],[-65.569289,-27.617022],[-65.571191,-27.614385],[-65.577218,-27.619432],[-65.58366,-27.621264],[-65.584586,-27.622915],[-65.588079,-27.622761],[-65.587779,-27.620143],[-65.591333,-27.615641],[-65.597405,-27.615876],[-65.595954,-27.619148],[-65.599876,-27.620876],[-65.597555,-27.623419],[-65.598658,-27.624725],[-65.602871,-27.624209],[-65.605541,-27.625098],[-65.610207,-27.624415],[-65.611513,-27.625685],[-65.611059,-27.629551],[-65.616055,-27.630971],[-65.619713,-27.633272],[-65.622522,-27.63775],[-65.624284,-27.637039],[-65.628369,-27.631669],[-65.630461,-27.633583],[-65.633738,-27.633805],[-65.633568,-27.632191],[-65.636913,-27.63025],[-65.64094,-27.63143],[-65.645102,-27.634062],[-65.648178,-27.634122],[-65.651043,-27.636064],[-65.65904,-27.634279],[-65.664193,-27.637945],[-65.668837,-27.635056],[-65.67275,-27.636643],[-65.67609,-27.635316],[-65.677108,-27.637606]]]}},{"type":"Feature","properties":{"name":"COMISARIA RUMIPUNCO","regional":"URS","color":"#F44336"},"geometry":{"type":"Polygon","coordinates":[[[-65.666719,-27.946959],[-65.659233,-27.972595],[-65.624619,-27.972414],[-65.624446,-27.973839],[-65.623786,-27.974242],[-65.622778,-27.973071],[-65.620655,-27.972077],[-65.618579,-27.971936],[-65.617718,-27.972158],[-65.616448,-27.973278],[-65.616344,-27.974221],[-65.617602,-27.976202],[-65.617874,-27.977617],[-65.614014,-27.987864],[-65.611984,-27.991873],[-65.609386,-27.991706],[-65.606561,-27.992612],[-65.604987,-27.994357],[-65.604944,-27.996117],[-65.603966,-27.995766],[-65.603558,-27.995836],[-65.602603,-27.99728],[-65.601912,-27.997974],[-65.600907,-27.998333],[-65.599359,-27.998394],[-65.598477,-27.998778],[-65.597634,-27.999848],[-65.595574,-27.999341],[-65.594568,-27.999949],[-65.593716,-27.999729],[-65.593257,-27.998782],[-65.592389,-27.998418],[-65.590808,-27.998707],[-65.589655,-27.998333],[-65.588458,-27.99869],[-65.587912,-27.999449],[-65.587689,-28.000945],[-65.587837,-28.002152],[-65.58651,-28.003674],[-65.584713,-28.005369],[-65.58387,-28.006628],[-65.580961,-28.008279],[-65.581073,-28.008553],[-65.577215,-28.01009],[-65.576698,-28.011732],[-65.576461,-28.014113],[-65.575433,-28.013848],[-65.573992,-28.013808],[-65.571337,-28.01325],[-65.57024,-28.013204],[-65.569019,-28.012761],[-65.566858,-28.011782],[-65.565794,-28.010929],[-65.563537,-28.009529],[-65.562654,-28.00867],[-65.561409,-28.007823],[-65.560658,-28.006475],[-65.559924,-28.003599],[-65.559461,-28.002399],[-65.559363,-28.000609],[-65.559527,-27.998483],[-65.558962,-27.996698],[-65.558174,-27.995909],[-65.557143,-27.995425],[-65.556748,-27.995018],[-65.554774,-27.994912],[-65.553891,-27.994386],[-65.553482,-27.992935],[-65.553616,-27.991563],[-65.553174,-27.990897],[-65.550536,-27.989828],[-65.54853,-27.990612],[-65.54625,-27.990077],[-65.545871,-27.989847],[-65.545711,-27.988234],[-65.545494,-27.98779],[-65.54483,-27.98382],[-65.545376,-27.979283],[-65.545166,-27.978336],[-65.544672,-27.977163],[-65.541857,-27.975303],[-65.539574,-27.972654],[-65.538022,-27.973199],[-65.537983,-27.975125],[-65.537454,-27.975591],[-65.532687,-27.973869],[-65.529365,-27.972997],[-65.527508,-27.972331],[-65.527358,-27.97123],[-65.528107,-27.970132],[-65.529785,-27.96901],[-65.530441,-27.968022],[-65.531131,-27.966181],[-65.529771,-27.965241],[-65.526706,-27.964433],[-65.523031,-27.964606],[-65.520489,-27.962796],[-65.5202,-27.959973],[-65.520648,-27.958689],[-65.522724,-27.958231],[-65.52469,-27.957138],[-65.525097,-27.956534],[-65.525532,-27.954607],[-65.525354,-27.953456],[-65.524563,-27.952673],[-65.52487,-27.9512],[-65.524532,-27.950916],[-65.524083,-27.949883],[-65.523356,-27.949657],[-65.522951,-27.949293],[-65.520676,-27.945711],[-65.518788,-27.944681],[-65.518177,-27.94452],[-65.515422,-27.944957],[-65.514126,-27.943763],[-65.513193,-27.942488],[-65.51271,-27.942115],[-65.512156,-27.941279],[-65.51197,-27.940272],[-65.511636,-27.939751],[-65.511367,-27.938801],[-65.511176,-27.937347],[-65.510555,-27.936821],[-65.50857,-27.935957],[-65.508104,-27.935101],[-65.508371,-27.933402],[-65.50827,-27.933003],[-65.512339,-27.932352],[-65.520779,-27.930032],[-65.527958,-27.926249],[-65.528336,-27.928486],[-65.550247,-27.922611],[-65.550884,-27.923598],[-65.551859,-27.923205],[-65.553201,-27.923036],[-65.555681,-27.921475],[-65.557229,-27.920922],[-65.559105,-27.920577],[-65.561664,-27.921025],[-65.562221,-27.920789],[-65.564525,-27.920743],[-65.564992,-27.920904],[-65.565995,-27.920766],[-65.566464,-27.920423],[-65.567047,-27.920407],[-65.568841,-27.921251],[-65.570807,-27.921539],[-65.572051,-27.920899],[-65.572023,-27.920317],[-65.572742,-27.920056],[-65.574386,-27.919204],[-65.574775,-27.919288],[-65.57502,-27.918444],[-65.576078,-27.918756],[-65.576988,-27.91924],[-65.577576,-27.919316],[-65.577898,-27.919777],[-65.578752,-27.918356],[-65.57985,-27.918307],[-65.580667,-27.918834],[-65.580958,-27.918102],[-65.581511,-27.918693],[-65.581313,-27.919471],[-65.581484,-27.91967],[-65.582369,-27.91958],[-65.582279,-27.919048],[-65.583457,-27.919264],[-65.584667,-27.919867],[-65.584618,-27.920347],[-65.585455,-27.919826],[-65.585329,-27.919388],[-65.585823,-27.91913],[-65.586731,-27.919792],[-65.587488,-27.918968],[-65.588175,-27.919427],[-65.589536,-27.91909],[-65.635217,-27.920788],[-65.635666,-27.918545],[-65.63637,-27.918014],[-65.636766,-27.917453],[-65.636992,-27.916586],[-65.637816,-27.916314],[-65.637565,-27.915693],[-65.638059,-27.914272],[-65.639682,-27.911919],[-65.639928,-27.911356],[-65.640031,-27.910054],[-65.640425,-27.909144],[-65.642044,-27.907282],[-65.643285,-27.904355],[-65.644158,-27.903439],[-65.644327,-27.901749],[-65.6458,-27.900545],[-65.645802,-27.900014],[-65.645477,-27.899434],[-65.645318,-27.898274],[-65.64548,-27.897724],[-65.685801,-27.914213],[-65.685473,-27.915467],[-65.675108,-27.930432],[-65.666719,-27.946959]]]}},{"type":"Feature","properties":{"name":"COMISARIA SAN IGNACIO","regional":"URS","color":"#F44336"},"geometry":{"type":"Polygon","coordinates":[[[-65.608054,-27.75511],[-65.611614,-27.754871],[-65.610484,-27.750807],[-65.610006,-27.750422],[-65.609845,-27.750039],[-65.609083,-27.746275],[-65.608938,-27.744674],[-65.608116,-27.741079],[-65.606018,-27.734172],[-65.605901,-27.73414],[-65.60607,-27.731577],[-65.605376,-27.731444],[-65.601284,-27.71232],[-65.601417,-27.711942],[-65.602126,-27.711757],[-65.603839,-27.711663],[-65.60775,-27.712502],[-65.608119,-27.712765],[-65.608979,-27.713969],[-65.609035,-27.715558],[-65.609558,-27.716192],[-65.610699,-27.716665],[-65.61157,-27.715816],[-65.612195,-27.715621],[-65.613295,-27.716009],[-65.614094,-27.716124],[-65.61477,-27.716631],[-65.615505,-27.717498],[-65.616604,-27.717796],[-65.618866,-27.718861],[-65.619412,-27.719436],[-65.61956,-27.720132],[-65.619906,-27.720704],[-65.620239,-27.72065],[-65.62101,-27.720171],[-65.622128,-27.720052],[-65.623039,-27.719766],[-65.625061,-27.71993],[-65.625361,-27.720254],[-65.625897,-27.721444],[-65.626645,-27.721489],[-65.626948,-27.721318],[-65.627548,-27.721418],[-65.628102,-27.722183],[-65.628662,-27.723734],[-65.629258,-27.724172],[-65.629988,-27.724344],[-65.631535,-27.72441],[-65.631901,-27.724081],[-65.632036,-27.723107],[-65.632907,-27.723059],[-65.633692,-27.723385],[-65.634265,-27.724019],[-65.634577,-27.724646],[-65.63493,-27.725981],[-65.635206,-27.728354],[-65.635781,-27.729072],[-65.635982,-27.729645],[-65.636029,-27.731181],[-65.636302,-27.731952],[-65.63711,-27.732268],[-65.63848,-27.732182],[-65.639821,-27.731868],[-65.640621,-27.732129],[-65.641033,-27.73266],[-65.64119,-27.733146],[-65.641428,-27.73561],[-65.642206,-27.736295],[-65.642443,-27.736719],[-65.643295,-27.737095],[-65.643819,-27.737782],[-65.644868,-27.738623],[-65.64572,-27.740272],[-65.646304,-27.740935],[-65.648624,-27.740852],[-65.65071,-27.741782],[-65.654535,-27.740556],[-65.656304,-27.740506],[-65.659453,-27.741066],[-65.659922,-27.740859],[-65.6602,-27.740313],[-65.660179,-27.739726],[-65.660811,-27.739235],[-65.662064,-27.73918],[-65.66334,-27.738882],[-65.664439,-27.738232],[-65.666078,-27.73816],[-65.668236,-27.738434],[-65.668878,-27.738687],[-65.671898,-27.740694],[-65.674996,-27.742171],[-65.676469,-27.743227],[-65.677508,-27.743577],[-65.679159,-27.743697],[-65.680317,-27.744145],[-65.680361,-27.744462],[-65.679994,-27.74507],[-65.678395,-27.746598],[-65.678088,-27.747072],[-65.67813,-27.747411],[-65.678636,-27.747883],[-65.680557,-27.749088],[-65.680651,-27.750059],[-65.680285,-27.750945],[-65.678978,-27.752193],[-65.678384,-27.753496],[-65.678732,-27.75464],[-65.678527,-27.755365],[-65.677935,-27.755724],[-65.677802,-27.756903],[-65.678642,-27.757435],[-65.680341,-27.757598],[-65.680745,-27.757283],[-65.680973,-27.755991],[-65.681712,-27.755536],[-65.682755,-27.755527],[-65.684701,-27.756367],[-65.685913,-27.756662],[-65.685937,-27.757178],[-65.684506,-27.757704],[-65.684156,-27.757974],[-65.686313,-27.758631],[-65.686797,-27.759179],[-65.68685,-27.759524],[-65.688068,-27.760176],[-65.689194,-27.760388],[-65.69085,-27.760121],[-65.691689,-27.76021],[-65.691921,-27.760882],[-65.691413,-27.762],[-65.690369,-27.762777],[-65.689538,-27.762891],[-65.688218,-27.762136],[-65.687489,-27.76202],[-65.687102,-27.762227],[-65.686343,-27.763265],[-65.686321,-27.763678],[-65.686707,-27.764722],[-65.687745,-27.765769],[-65.68883,-27.766167],[-65.690233,-27.765277],[-65.691117,-27.765154],[-65.692031,-27.765522],[-65.692411,-27.766602],[-65.692325,-27.768044],[-65.691753,-27.769755],[-65.691476,-27.770079],[-65.690862,-27.770033],[-65.690196,-27.769063],[-65.689546,-27.768953],[-65.688756,-27.769569],[-65.688322,-27.770444],[-65.688018,-27.770414],[-65.687137,-27.769831],[-65.686858,-27.769835],[-65.686576,-27.770209],[-65.686023,-27.771731],[-65.685333,-27.772445],[-65.684747,-27.772816],[-65.682729,-27.773511],[-65.682524,-27.773749],[-65.68314,-27.774202],[-65.684325,-27.774273],[-65.684668,-27.77472],[-65.685791,-27.777366],[-65.685328,-27.778554],[-65.685339,-27.779278],[-65.685557,-27.78001],[-65.686007,-27.780472],[-65.686378,-27.780592],[-65.687102,-27.780476],[-65.688949,-27.779927],[-65.689976,-27.780012],[-65.690853,-27.78027],[-65.691011,-27.780785],[-65.690827,-27.781327],[-65.691122,-27.782144],[-65.69027,-27.782405],[-65.68931,-27.782076],[-65.688933,-27.782214],[-65.688754,-27.782627],[-65.688914,-27.78429],[-65.68931,-27.785063],[-65.689642,-27.785248],[-65.691315,-27.785071],[-65.692076,-27.785268],[-65.692934,-27.784906],[-65.693433,-27.784963],[-65.693604,-27.785331],[-65.693646,-27.786185],[-65.693398,-27.787158],[-65.693073,-27.787535],[-65.638114,-27.798558],[-65.635964,-27.798553],[-65.614735,-27.802914],[-65.608196,-27.77704],[-65.608533,-27.776942],[-65.605774,-27.766816],[-65.611003,-27.765972],[-65.608484,-27.755384],[-65.608054,-27.75511]]]}}]}